date,site,season,trap_night,web.,trap_number,host_species,nk.,host_sex,feces,ecto,necrop,helminths,tissue,p_id,p_sex,p_count
1992,5pgrass,1,1,1,30,pmle,26206,f,y,n,y,y,st,madi,f,1
1992,5pgrass,1,1,1,30,pmle,26206,f,y,n,y,y,feces,nega,,
1992,5pgrass,1,1,1,41,dior,26207,m,y,n,y,y,st,madi,f,1
1992,5pgrass,1,1,1,41,dior,26207,m,y,n,y,y,feces,nega,,
1992,5pgrass,1,1,1,58,disp,26208,f,y,n,y,y,si,cape,,2
1992,5pgrass,1,1,1,58,disp,26208,f,y,n,y,y,si,hysp,,1
1992,5pgrass,1,1,1,58,disp,26208,f,y,n,y,y,feces,nega,,
1992,5pgrass,1,1,1,79,pgfv,26209,m,y,n,y,n,feces,unsp,,
1992,5pgrass,1,1,1,103,pgfv,26210,m,y,n,y,y,feces,eree,,
1992,5pgrass,1,1,1,125,dior,26211,f,y,n,y,y,feces,nega,,
1992,5pgrass,1,1,1,125,dior,26211,f,y,n,y,y,cc,trsp,f,1
1992,5pgrass,1,1,1,144,disp,26212,m,y,n,y,y,feces,ebal,,
1992,5pgrass,1,1,1,144,disp,26212,m,y,n,y,y,cc,trel,m,1
1992,5pgrass,1,1,1,144,disp,26212,m,y,n,y,y,cc,trel,f,1
1992,5pgrass,1,1,4,5,dior,26213,m,y,n,y,y,cc,hede,f,4
1992,5pgrass,1,1,4,5,dior,26213,m,y,n,y,y,feces,nega,,
1992,5pgrass,1,1,4,5,dior,26213,m,y,n,y,y,cc,trsp,f,1
1992,5pgrass,1,1,4,22,pgfv,26214,f,y,n,y,n,feces,nega,,
1992,5pgrass,1,1,4,23,dior,26215,m,y,n,y,n,feces,nega,,
1992,5pgrass,1,1,4,34,dior,26216,m,y,n,y,y,feces,nega,,
1992,5pgrass,1,1,4,34,dior,26216,m,y,n,y,y,cc,trsp,f,2
1992,5pgrass,1,1,4,56,pgfv,26217,f,y,n,y,n,feces,nega,,
1992,5pgrass,1,1,4,57,disp,26218,f,y,y,y,y,feces,ebal,,
1992,5pgrass,1,1,4,57,disp,26218,f,y,y,y,y,ecto,flea,,
1992,5pgrass,1,1,4,57,disp,26218,f,y,y,y,y,si,hysp,,1
1992,5pgrass,1,1,4,57,disp,26218,f,y,y,y,y,ecto,lice,,
1992,5pgrass,1,1,4,78,disp,26219,m,y,y,y,y,feces,ebal,,
1992,5pgrass,1,1,4,78,disp,26219,m,y,y,y,y,ecto,flea,,3
1992,5pgrass,1,1,4,78,disp,26219,m,y,y,y,y,cc,hede,f,4
1992,5pgrass,1,1,4,78,disp,26219,m,y,y,y,y,si,unce,,5
1992,5pgrass,1,1,4,91,pgfv,26220,m,y,n,n,n,feces,nega,,
1992,5pgrass,1,1,4,103,dior,26221,m,y,n,y,y,feces,nega,,
1992,5pgrass,1,1,4,103,dior,26221,m,y,n,y,y,cc,trel,f,11
1992,5pgrass,1,1,4,103,dior,26221,m,y,n,y,y,cc,trel,m,5
1992,5pgrass,1,1,4,128,pgfv,26222,f,y,n,y,n,feces,nega,,
1992,5pgrass,1,2,1,5,pgfv,26224,m,y,n,y,n,feces,nega,,
1992,5pgrass,1,2,1,11,pgfv,26225,,n,n,n,n,feces,,,
1992,5pgrass,1,2,1,11,pgfv,26226,m,y,n,y,n,feces,nega,,
1992,5pgrass,1,2,1,47,pgfv,26227,m,y,n,y,n,feces,nega,,
1992,5pgrass,1,2,1,58,pgfv,26228,m,y,n,y,n,feces,nega,,
1992,5pgrass,1,2,1,83,or,26229,f,y,n,y,y,si,hysp,l,1
1992,5pgrass,1,2,1,83,or,26229,f,y,n,y,y,feces,nega,,
1992,5pgrass,1,2,1,11,pgfv,26231,m,y,n,y,n,feces,eree,,
1992,5pgrass,1,2,1,14,dior,26233,m,y,n,y,y,cc,hede,m,2
1992,5pgrass,1,2,1,14,dior,26233,m,y,n,y,y,cc,hede,f,1
1992,5pgrass,1,2,1,14,dior,26233,m,y,n,y,y,feces,nega,,
1992,5pgrass,1,2,1,14,dior,26233,m,y,n,y,y,cc,trdi,m,1
1992,5pgrass,1,2,1,14,dior,26233,m,y,n,y,y,cc,trdi,f,1
1992,5pgrass,1,2,4,19,or,26234,m,y,n,y,y,si,cest,,
1992,5pgrass,1,2,4,19,or,26234,m,y,n,y,y,feces,nega,,
1992,5pgrass,1,2,4,19,or,26234,m,y,n,y,y,st,nema,,
1992,5pgrass,1,2,4,0,pgfv,26235,m,y,n,y,n,feces,nega,,
1992,5pgrass,1,2,4,56,spsp,26236,m,y,n,y,y,cc,citr,f,2
1992,5pgrass,1,2,4,56,spsp,26236,m,y,n,y,y,cc,citr,m,1
1992,5pgrass,1,2,4,56,spsp,26236,m,y,n,y,y,si,hyci,,1
1992,5pgrass,1,2,4,56,spsp,26236,m,y,n,y,y,st,madi,f,1
1992,5pgrass,1,2,4,56,spsp,26236,m,y,n,y,y,feces,nega,,
1992,5pgrass,1,2,4,69,dior,26237,m,y,n,y,n,feces,nega,,
1992,5pgrass,1,2,4,78,pgfv,26238,f,y,n,y,n,feces,nega,,
1992,5pgrass,1,2,4,81,disp,26239,m,y,n,y,y,feces,esch,,
1992,5pgrass,1,2,4,81,disp,26239,m,y,n,y,y,cc,tror,f,1
1992,5pgrass,1,3,1,12,pgfv,26245,m,y,n,n,n,feces,nega,,
1992,5pgrass,1,3,1,10,dior,26246,f,y,n,y,n,feces,nega,,
1992,5pgrass,1,3,4,23,dior,26247,f,y,n,y,y,feces,nega,,
1992,5pgrass,1,3,4,23,dior,26247,f,y,n,y,y,cc,trel,m,11
1992,5pgrass,1,3,4,23,dior,26247,f,y,n,y,y,cc,trel,f,2
1992,5pgrass,1,3,4,34,or,26248,f,y,n,y,n,feces,eper,,
1992,5pgrass,1,3,4,74,pgfv,26249,f,y,n,y,n,feces,nega,,
1992,5pgrass,1,3,4,80,disp,26250,m,y,y,y,y,feces,elan,,
1992,5pgrass,1,3,4,80,disp,26250,m,y,y,y,y,ecto,mear,,8
1992,5pgrass,1,3,4,80,disp,26250,m,y,y,y,y,si,unne,,2
1992,5pgrass,1,3,4,113,pgfv,26251,m,y,n,y,n,feces,nega,,
1992,5pgrass,1,3,4,11,neal,26252,m,y,y,y,n,feces,nega,,
1992,5pgrass,1,3,4,11,neal,26252,m,y,y,y,n,ecto,orag,,7
1992,5pgrass,1,3,4,119,dior,26253,m,y,n,y,y,feces,nega,,
1992,5pgrass,1,3,4,119,dior,26253,m,y,n,y,y,cc,trel,m,3
1992,5pgrass,1,3,4,119,dior,26253,m,y,n,y,y,cc,trel,f,6
1992,5pgrass,1,3,4,12,pgfv,26254,m,y,n,y,n,feces,eree,,
1992,5pgrass,2,1,1,131,pmtr,28125,m,y,y,y,n,feces,espp,,
1992,5pgrass,2,1,1,131,pmtr,28125,m,y,y,y,n,ecto,orle,,
1992,5pgrass,2,1,1,47,pgfv,28126,m,y,n,y,n,feces,nega,,
1992,5pgrass,2,1,1,55,dior,28127,m,y,n,y,y,feces,nega,,
1992,5pgrass,2,1,1,55,dior,28127,m,y,n,y,y,si,unce,,1
1992,5pgrass,2,1,1,86,spsp,28128,m,y,n,y,y,cc,citr,f,5
1992,5pgrass,2,1,1,86,spsp,28128,m,y,n,y,y,cc,citr,m,19
1992,5pgrass,2,1,1,86,spsp,28128,m,y,n,y,y,si,hesp,f,1
1992,5pgrass,2,1,1,86,spsp,28128,m,y,n,y,y,feces,nega,,
1992,5pgrass,2,1,1,86,spsp,28128,m,y,n,y,y,st,phma,f,1
1992,5pgrass,2,1,1,96,pgfv,28129,f,y,n,y,n,feces,nega,,
1992,5pgrass,2,1,1,10,or,28130,f,y,n,y,n,feces,nega,,
1992,5pgrass,2,1,1,11,disp,28131,m,y,n,y,y,feces,esch,,
1992,5pgrass,2,1,1,12,pgfv,28132,m,y,n,y,n,feces,nega,,
1992,5pgrass,2,1,1,14,dior,28133,m,y,n,y,n,feces,nega,,
1992,5pgrass,2,1,4,29,or,28134,m,y,n,y,y,feces,nega,,
1992,5pgrass,2,1,4,29,or,28134,m,y,n,y,y,st,nema,,
1992,5pgrass,2,1,4,29,or,28134,m,y,n,y,y,si,nema,,
1992,5pgrass,2,1,4,34,dior,28135,m,y,n,y,y,feces,nega,,
1992,5pgrass,2,1,4,34,dior,28135,m,y,n,y,y,cc,trsp,m,1
1992,5pgrass,2,1,4,45,spsp,28136,m,y,n,y,y,si,hesp,f,4
1992,5pgrass,2,1,4,45,spsp,28136,m,y,n,y,y,feces,nega,,
1992,5pgrass,2,1,4,77,or,28137,f,y,n,y,y,si,cest,,
1992,5pgrass,2,1,4,77,or,28137,f,y,n,y,y,feces,nega,,
1992,5pgrass,2,1,4,77,or,28137,f,y,n,y,y,st,nema,,
1992,5pgrass,2,1,4,93,pgfv,28138,m,y,n,y,n,feces,nega,,
1992,5pgrass,2,2,1,31,remn,28139,m,y,n,y,n,feces,nega,,
1992,5pgrass,2,2,1,52,dior,28140,f,y,n,y,n,feces,nega,,
1992,5pgrass,2,2,1,77,pgfv,28141,f,y,n,y,n,feces,nega,,
1992,5pgrass,2,2,1,81,remn,28142,m,y,n,y,n,feces,nega,,
1992,5pgrass,2,2,1,10,pgfv,28143,m,y,n,y,n,feces,nega,,
1992,5pgrass,2,2,4,18,spsp,28144,m,y,n,y,n,feces,echo,,
1992,5pgrass,2,2,4,75,or,28145,f,y,n,y,y,si,mocl,,1
1992,5pgrass,2,2,4,75,or,28145,f,y,n,y,y,feces,nega,,
1992,5pgrass,2,2,4,75,or,28145,f,y,n,y,y,st,nema,,
1992,5pgrass,2,2,4,10,disp,28146,m,y,n,y,y,cc,hede,m,1
1992,5pgrass,2,2,4,10,disp,28146,m,y,n,y,y,cc,hede,f,1
1992,5pgrass,2,2,4,10,disp,28146,m,y,n,y,y,si,hysp,,2
1992,5pgrass,2,2,4,10,disp,28146,m,y,n,y,y,feces,nega,,
1992,5pgrass,2,3,1,22,pgfv,28151,m,y,n,y,n,feces,nega,,
1992,5pgrass,2,3,1,35,spsp,28152,m,y,n,y,n,feces,nega,,
1992,5pgrass,2,3,1,71,pgfv,28153,f,y,n,y,n,feces,nega,,
1992,5pgrass,2,3,1,12,spsp,28154,m,y,n,y,n,feces,nega,,
1992,5pgrass,2,3,4,5,remn,28155,f,y,n,y,n,feces,nega,,
1992,5pgrass,2,3,4,12,remn,28156,f,y,n,y,n,feces,nega,,
1992,5pgrass,2,3,4,12,disp,28157,m,y,n,y,y,cc,hede,m,2
1992,5pgrass,2,3,4,12,disp,28157,m,y,n,y,y,cc,hede,f,4
1992,5pgrass,2,3,4,12,disp,28157,m,y,n,y,y,si,hysp,,1
1992,5pgrass,2,3,4,12,disp,28157,m,y,n,y,y,feces,nega,,
1992,5pgrass,2,3,4,12,sihi,28158,f,y,n,y,n,feces,nega,,
1993,5pgrass,1,1,1,13,disp,26834,f,y,y,y,y,ecto,ecga,,
1993,5pgrass,1,1,1,13,disp,26834,f,y,y,y,y,feces,nega,,
1993,5pgrass,1,1,1,13,disp,26834,f,y,y,y,y,cc,trsp,f,2
1993,5pgrass,1,1,1,84,dior,26835,f,y,n,y,n,feces,nega,,
1993,5pgrass,1,1,1,70,remn,26836,m,y,n,y,n,feces,eari,,
1993,5pgrass,1,1,1,10,disp,26837,f,y,n,y,y,cc,hede,m,30
1993,5pgrass,1,1,1,10,disp,26837,f,y,n,y,y,cc,hede,f,143
1993,5pgrass,1,1,1,10,disp,26837,f,y,n,y,y,feces,nega,,
1993,5pgrass,1,1,4,24,disp,26838,m,y,n,y,n,feces,nega,,
1993,5pgrass,1,1,4,26,pgfv,26839,f,y,n,y,n,feces,nega,,
1993,5pgrass,1,1,4,38,pgfv,26840,m,y,n,y,n,feces,nega,,
1993,5pgrass,1,1,4,74,disp,26841,f,y,n,y,y,feces,nega,,
1993,5pgrass,1,1,4,74,disp,26841,f,y,n,y,y,cc,trdi,m,1
1993,5pgrass,1,1,4,74,disp,26841,f,y,n,y,y,cc,trdi,f,3
1993,5pgrass,1,1,4,76,dior,26842,m,y,n,y,y,feces,nega,,
1993,5pgrass,1,1,4,76,dior,26842,m,y,n,y,y,cc,trsp,m,1
1993,5pgrass,1,1,4,76,dior,26842,m,y,n,y,y,cc,trsp,f,1
1993,5pgrass,1,1,4,77,pmtr,26843,f,y,n,y,n,feces,elac,,
1993,5pgrass,1,1,4,10,pgfv,26844,m,y,n,y,n,feces,nega,,
1993,5pgrass,1,1,4,11,disp,26845,f,y,n,y,y,cc,hede,f,14
1993,5pgrass,1,1,4,11,disp,26845,f,y,n,y,y,si,hysp,,1
1993,5pgrass,1,1,4,11,disp,26845,f,y,n,y,y,feces,nega,,
1993,5pgrass,1,1,4,12,disp,26846,f,y,n,y,y,cc,hede,f,1
1993,5pgrass,1,1,4,12,disp,26846,f,y,n,y,y,feces,nega,,
1993,5pgrass,1,1,4,12,disp,26846,f,y,n,y,y,cc,trsp,f,1
1993,5pgrass,1,1,4,13,pmdi,26847,m,y,n,y,n,feces,nega,,
1993,5pgrass,1,2,1,10,pgfv,26848,f,y,n,y,n,feces,nega,,
1993,5pgrass,1,2,1,54,pgfv,26849,m,y,n,y,n,feces,nega,,
1993,5pgrass,1,2,1,59,dior,26850,m,y,n,y,y,cc,hede,f,3
1993,5pgrass,1,2,1,59,dior,26850,m,y,n,y,y,feces,nega,,
1993,5pgrass,1,2,1,14,pgfv,26851,m,y,n,y,n,feces,nega,,
1993,5pgrass,1,2,4,35,dior,26852,m,y,n,y,y,feces,nega,,
1993,5pgrass,1,2,4,35,dior,26852,m,y,n,y,y,cc,trel,f,3
1993,5pgrass,1,2,4,35,dior,26852,m,y,n,y,y,cc,trel,m,5
1993,5pgrass,1,2,4,96,spsp,26853,m,y,n,y,y,cc,citr,f,2
1993,5pgrass,1,2,4,96,spsp,26853,m,y,n,y,y,cc,citr,m,1
1993,5pgrass,1,2,4,96,spsp,26853,m,y,n,y,y,si,hesp,f,1
1993,5pgrass,1,2,4,96,spsp,26853,m,y,n,y,y,feces,nega,,
1993,5pgrass,1,3,4,17,or,26854,f,n,n,y,y,si,hyns,,
1993,5pgrass,1,3,4,17,or,26854,f,n,n,y,y,st,madi,f,2
1993,5pgrass,1,3,4,17,or,26854,f,n,n,y,y,feces,,,
1993,5pgrass,1,3,4,17,or,26854,f,n,n,y,y,st,prsp,,
1993,5pgrass,1,3,4,22,dior,26855,m,y,n,y,n,feces,nega,,
1993,5pgrass,1,3,4,36,spsp,26856,m,y,n,y,y,cc,cisp,f,1
1993,5pgrass,1,3,4,36,spsp,26856,m,y,n,y,y,si,hesp,m,1
1993,5pgrass,1,3,4,36,spsp,26856,m,y,n,y,y,si,hesp,f,3
1993,5pgrass,1,3,4,36,spsp,26856,m,y,n,y,y,si,hysp,,1
1993,5pgrass,1,3,4,36,spsp,26856,m,y,n,y,y,feces,nega,,
1993,5pgrass,1,3,4,36,spsp,26856,m,y,n,y,y,si,phma,f,4
1993,5pgrass,1,3,4,36,spsp,26856,m,y,n,y,y,si,phma,m,1
1993,5pgrass,1,3,4,36,spsp,26856,m,y,n,y,y,cc,susp,f,1
1993,5pgrass,1,3,4,36,spsp,26856,m,y,n,y,y,cc,susp,m,1
1993,5pgrass,1,3,4,62,pmtr,26857,f,y,n,y,y,feces,eari,,
1993,5pgrass,1,3,4,62,pmtr,26857,f,y,n,y,y,si,oosp,,1
1993,5pgrass,1,3,4,68,pmtr,26858,f,y,n,y,n,feces,nega,,
1993,5pgrass,1,3,4,14,remg,26859,m,y,n,y,n,feces,nega,,
1993,5pgrass,1,3,1,64,pmtr,26860,m,y,n,y,y,feces,nega,,
1993,5pgrass,1,3,1,64,pmtr,26860,m,y,n,y,y,st,nema,,
1993,5pgrass,1,3,1,64,pmtr,26860,m,y,n,y,y,cc,oxsp,f,11
1993,5pgrass,1,3,1,83,disp,26861,m,y,n,y,y,cc,hede,f,3
1993,5pgrass,1,3,1,83,disp,26861,m,y,n,y,y,feces,nega,,
1993,5pgrass,1,3,1,13,pgfv,26863,f,y,n,y,n,feces,nega,,
1993,5pgrass,2,1,1,9,pgfv,32689,m,y,n,y,n,feces,nega,,
1993,5pgrass,2,1,1,23,pgfv,32690,f,y,n,y,n,feces,nega,,
1993,5pgrass,2,1,1,66,disp,32691,m,y,n,y,y,si,hysp,,1
1993,5pgrass,2,1,1,66,disp,32691,m,y,n,y,y,feces,nega,,
1993,5pgrass,2,1,1,83,disp,32692,m,y,n,y,y,cc,hede,m,2
1993,5pgrass,2,1,1,83,disp,32692,m,y,n,y,y,cc,hede,f,8
1993,5pgrass,2,1,1,83,disp,32692,m,y,n,y,y,feces,nega,,
1993,5pgrass,2,1,1,11,pgfv,32693,m,y,n,y,n,feces,nega,,
1993,5pgrass,2,1,4,1,disp,32694,m,y,n,y,y,cc,hede,m,1
1993,5pgrass,2,1,4,1,disp,32694,m,y,n,y,y,cc,hede,f,4
1993,5pgrass,2,1,4,1,disp,32694,m,y,n,y,y,si,hysp,,3
1993,5pgrass,2,1,4,1,disp,32694,m,y,n,y,y,feces,nega,,
1993,5pgrass,2,1,4,11,disp,32695,m,y,n,y,y,si,hysp,,1
1993,5pgrass,2,1,4,11,disp,32695,m,y,n,y,y,feces,nega,,
1993,5pgrass,2,1,4,57,disp,32696,m,y,n,y,n,feces,nega,,
1993,5pgrass,2,1,4,72,dior,32697,m,y,n,y,y,feces,nega,,
1993,5pgrass,2,1,4,72,dior,32697,m,y,n,y,y,cc,trsp,f,1
1993,5pgrass,2,1,4,87,dior,32698,f,y,n,y,n,feces,nega,,
1993,5pgrass,2,1,4,10,spsp,32699,f,y,n,y,y,si,hysp,,8
1993,5pgrass,2,1,4,10,spsp,32699,f,y,n,y,y,feces,nega,,
1993,5pgrass,2,1,4,13,remn,32700,m,y,n,y,n,feces,nega,,
1993,5pgrass,2,1,4,14,disp,32701,f,y,n,y,n,feces,ecal,,
1993,5pgrass,2,1,4,13,pgfv,32702,m,y,n,y,n,feces,eree,,
1993,5pgrass,2,1,4,36,dior,32703,f,y,n,y,y,feces,nega,,
1993,5pgrass,2,1,4,36,dior,32703,f,y,n,y,y,cc,trsp,m,2
1993,5pgrass,2,2,1,44,pgfv,32704,m,y,n,y,n,feces,nega,,
1993,5pgrass,2,3,4,16,or,32705,m,y,n,y,y,si,mocl,,
1993,5pgrass,2,3,4,16,or,32705,m,y,n,y,y,feces,nega,,
1994,5pgrass,1,1,1,7,pgfv,31523,m,y,n,y,n,feces,nega,,
1994,5pgrass,1,1,1,16,pgfv,31524,f,y,n,y,n,feces,nega,,
1994,5pgrass,1,1,1,54,disp,31525,m,y,n,y,y,cc,hede,f,4
1994,5pgrass,1,1,1,54,disp,31525,m,y,n,y,y,cc,hede,m,1
1994,5pgrass,1,1,1,54,disp,31525,m,y,n,y,y,si,hysp,,3
1994,5pgrass,1,1,1,54,disp,31525,m,y,n,y,y,feces,nega,,
1994,5pgrass,1,1,1,58,pgfv,31526,m,y,n,y,n,feces,nega,,
1994,5pgrass,1,1,1,10,disp,31527,f,y,n,y,y,cc,hede,f,18
1994,5pgrass,1,1,1,10,disp,31527,f,y,n,y,y,feces,nega,,
1994,5pgrass,1,1,1,11,nemi,31528,m,y,y,y,y,cc,asac,f,3
1994,5pgrass,1,1,1,11,nemi,31528,m,y,y,y,y,cc,asac,m,6
1994,5pgrass,1,1,1,11,nemi,31528,m,y,y,y,y,ecto,ecga,,100
1994,5pgrass,1,1,1,11,nemi,31528,m,y,y,y,y,feces,nega,,
1994,5pgrass,1,1,1,13,or,31529,f,y,y,y,y,si,hyns,,1
1994,5pgrass,1,1,1,13,or,31529,f,y,y,y,y,si,mocl,,1
1994,5pgrass,1,1,1,13,or,31529,f,y,y,y,y,feces,nega,,
1994,5pgrass,1,1,1,13,or,31529,f,y,y,y,y,ecto,orca,,1
1994,5pgrass,1,1,1,13,or,31529,f,y,y,y,y,ecto,tick,,1
1994,5pgrass,1,1,4,3,dior,31530,f,y,n,y,n,feces,nega,,
1994,5pgrass,1,1,4,37,disp,31531,m,y,y,y,y,feces,nega,,
1994,5pgrass,1,1,4,37,disp,31531,m,y,y,y,y,si,unne,,1
1994,5pgrass,1,1,4,69,dior,31532,m,y,y,y,y,ecto,lice,,2
1994,5pgrass,1,1,4,69,dior,31532,m,y,y,y,y,feces,nega,,
1994,5pgrass,1,1,4,69,dior,31532,m,y,y,y,y,cc,trel,f,1
1994,5pgrass,1,1,4,69,dior,31532,m,y,y,y,y,cc,trel,m,1
1994,5pgrass,1,1,4,76,spsp,31533,m,y,n,y,y,cc,hesp,f,1
1994,5pgrass,1,1,4,76,spsp,31533,m,y,n,y,y,cc,hesp,m,1
1994,5pgrass,1,1,4,76,spsp,31533,m,y,n,y,y,si,hysp,,44
1994,5pgrass,1,1,4,76,spsp,31533,m,y,n,y,y,feces,nega,,
1994,5pgrass,1,1,4,76,spsp,31533,m,y,n,y,y,cc,nema,,7
1994,5pgrass,1,1,4,76,spsp,31533,m,y,n,y,y,st,pras,m,1
1994,5pgrass,1,1,4,10,pgfv,31534,f,y,n,y,n,feces,nega,,
1994,5pgrass,1,2,4,72,dior,31535,f,y,n,y,y,cc,hede,f,5
1994,5pgrass,1,2,4,72,dior,31535,f,y,n,y,y,cc,hede,m,1
1994,5pgrass,1,2,4,72,dior,31535,f,y,n,y,y,feces,nega,,
1994,5pgrass,1,2,4,,dior,31536,f,y,n,y,y,feces,nega,,
1994,5pgrass,1,2,4,,dior,31536,f,y,n,y,y,cc,trsp,f,3
1994,5pgrass,1,2,4,11,disp,31537,f,y,n,y,y,feces,esch,,
1994,5pgrass,1,2,4,11,disp,31537,f,y,n,y,y,cc,hede,f,2
1994,5pgrass,1,2,4,11,disp,31537,f,y,n,y,y,si,hysp,,3
1994,5pgrass,1,2,4,14,or,31538,f,y,n,y,y,si,hyns,,2
1994,5pgrass,1,2,4,14,or,31538,f,y,n,y,y,feces,nega,,
1994,5pgrass,1,2,1,24,pgfv,31539,m,y,n,y,n,feces,nega,,
1994,5pgrass,1,3,1,9,or,31540,m,y,n,y,n,feces,eony,,
1994,5pgrass,1,3,1,28,pgfv,31541,f,y,n,y,n,feces,nega,,
1994,5pgrass,1,3,1,72,pgfv,31542,m,y,n,y,n,feces,nega,,
1994,5pgrass,1,3,1,14,dior,31543,f,y,n,y,y,cc,hede,f,1
1994,5pgrass,1,3,1,14,dior,31543,f,y,n,y,y,feces,nega,,
1994,5pgrass,1,3,1,14,dior,31543,f,y,n,y,y,cc,trsp,m,1
1994,5pgrass,1,3,1,14,disp,31544,m,y,n,y,y,cc,hede,f,9
1994,5pgrass,1,3,1,14,disp,31544,m,y,n,y,y,si,hysp,,6
1994,5pgrass,1,3,1,14,disp,31544,m,y,n,y,y,si,madp,,2
1994,5pgrass,1,3,1,14,disp,31544,m,y,n,y,y,feces,nega,,
1994,5pgrass,1,3,4,13,dior,31545,f,y,n,y,y,feces,nega,,
1994,5pgrass,1,3,4,13,dior,31545,f,y,n,y,y,cc,trsp,f,1
1994,5pgrass,3,1,1,34,pgfv,31830,f,y,n,y,n,feces,nega,,
1994,5pgrass,3,1,1,13,disp,31831,m,y,y,y,y,cc,hede,f,7
1994,5pgrass,3,1,1,13,disp,31831,m,y,y,y,y,si,hysp,,1
1994,5pgrass,3,1,1,13,disp,31831,m,y,y,y,y,ecto,mear,,
1994,5pgrass,3,1,1,14,disp,31832,f,y,y,y,n,feces,,,
1994,5pgrass,3,1,1,13,pgfv,31833,m,y,n,y,n,feces,nega,,
1994,5pgrass,3,1,4,12,dior,31834,m,y,n,y,n,feces,,,
1994,5pgrass,3,1,4,3,disp,31835,f,y,n,y,y,si,hysp,,1
1994,5pgrass,3,1,4,10,disp,31836,f,y,y,y,y,si,cape,,
1994,5pgrass,3,1,4,10,disp,31836,f,y,y,y,y,ecto,mear,,
1994,5pgrass,3,1,4,10,disp,31836,f,y,y,y,y,si,rasp,,
1994,5pgrass,3,1,4,10,disp,31836,f,y,y,y,y,cc,trsp,m,1
1994,5pgrass,3,1,4,9,disp,31837,f,y,y,y,y,ecto,fapi,,
1994,5pgrass,3,1,4,9,disp,31837,f,y,y,y,y,si,hysp,,1
1994,5pgrass,3,1,4,9,disp,31837,f,y,y,y,y,ecto,mear,,
1994,5pgrass,3,1,4,22,disp,31838,m,y,y,y,y,si,hysp,,1
1994,5pgrass,3,1,4,22,disp,31838,m,y,y,y,y,ecto,mear,,
1994,5pgrass,3,1,4,24,or,31839,m,n,n,y,y,cc,mocl,,1
1994,5pgrass,3,1,4,24,or,31839,m,n,n,y,y,feces,,,
1994,5pgrass,3,1,4,24,or,31839,m,n,n,y,y,st,prsp,,2
1994,5pgrass,3,1,1,14,or,31840,m,y,y,y,y,feces,eony,,
1994,5pgrass,3,1,1,14,or,31840,m,y,y,y,y,ecto,flea,,
1994,5pgrass,3,1,1,14,or,31840,m,y,y,y,y,si,mocl,,1
1994,5pgrass,3,1,1,14,or,31840,m,y,y,y,y,cc,nema,,1
1994,5pgrass,3,2,1,32,pgfv,31842,m,y,n,y,n,feces,nega,,
1994,5pgrass,3,2,1,84,dime,31843,m,y,n,y,y,feces,nega,,
1994,5pgrass,3,2,1,84,dime,31843,m,y,n,y,y,cc,trsp,m,14
1994,5pgrass,3,2,1,84,dime,31843,m,y,n,y,y,cc,trsp,f,18
1994,5pgrass,3,2,1,12,pgfv,31844,f,y,n,y,y,cc,hede,f,3
1994,5pgrass,3,2,1,12,pgfv,31844,f,y,n,y,y,cc,hede,m,1
1994,5pgrass,3,2,1,12,pgfv,31844,f,y,n,y,y,feces,nega,,
1994,5pgrass,3,2,4,14,dior,31845,f,y,n,y,y,feces,,,
1994,5pgrass,3,2,4,10,dior,31846,f,y,n,y,y,st,madi,m,1
1994,5pgrass,3,2,4,10,dior,31846,f,y,n,y,y,si,madi,f,1
1994,5pgrass,3,2,4,2,disp,31847,f,y,n,y,n,feces,,,
1994,5pgrass,3,2,4,10,nemi,31848,m,y,y,y,n,feces,,,
1995,5pgrass,3,1,1,9,pgfv,33694,m,y,n,y,n,feces,nega,,
1995,5pgrass,3,1,1,53,disp,33695,f,y,y,y,y,ecto,mear,,
1995,5pgrass,3,1,1,53,disp,33695,f,y,y,y,y,si,mocl,m,1
1995,5pgrass,3,1,1,53,disp,33695,f,y,y,y,y,feces,nega,,
1995,5pgrass,3,1,1,53,disp,33695,f,y,y,y,y,cc,trsp,f,1
1995,5pgrass,3,1,1,58,disp,33696,m,y,y,y,y,cc,hede,f,8
1995,5pgrass,3,1,1,58,disp,33696,m,y,y,y,y,feces,nega,,
1995,5pgrass,3,1,1,60,dior,33697,m,y,y,y,y,ecto,mite,,
1995,5pgrass,3,1,1,60,dior,33697,m,y,y,y,y,feces,nega,,
1995,5pgrass,3,1,1,60,dior,33697,m,y,y,y,y,st,trsp,m,1
1995,5pgrass,3,1,1,60,dior,33697,m,y,y,y,y,st,trsp,f,1
1995,5pgrass,3,1,1,66,pgfv,33698,m,y,n,y,n,feces,nega,,
1995,5pgrass,3,1,1,73,dime,33699,m,y,y,y,n,ecto,mite,,2
1995,5pgrass,3,1,1,73,dime,33699,m,y,y,y,n,feces,nega,,
1995,5pgrass,3,1,1,73,dime,33699,m,y,y,y,n,ecto,tick,,3
1995,5pgrass,3,1,1,84,dior,33700,f,y,y,y,y,feces,nega,,
1995,5pgrass,3,1,1,84,dior,33700,f,y,y,y,y,ecto,tick,,
1995,5pgrass,3,1,1,84,dior,33700,f,y,y,y,y,cc,trsp,m,1
1995,5pgrass,3,1,1,87,dior,33701,m,y,y,y,n,ecto,mite,,
1995,5pgrass,3,1,1,87,dior,33701,m,y,y,y,n,feces,nega,,
1995,5pgrass,3,1,1,87,dior,33701,m,y,y,y,n,ecto,tick,,
1995,5pgrass,3,1,1,10,dior,33702,m,y,y,y,n,feces,nega,,
1995,5pgrass,3,1,1,10,dior,33702,m,y,y,y,n,ecto,tick,,
1995,5pgrass,3,1,1,11,pgfl,33703,m,y,y,y,n,ecto,mite,,
1995,5pgrass,3,1,1,11,pgfl,33703,m,y,y,y,n,feces,nega,,
1995,5pgrass,3,1,1,11,pgfl,33703,m,y,y,y,n,ecto,tick,,
1995,5pgrass,3,1,1,12,spsp,33704,f,y,y,y,n,ecto,ecga,,
1995,5pgrass,3,1,1,12,spsp,33704,f,y,y,y,n,feces,nega,,
1995,5pgrass,3,1,1,14,pgfv,33705,f,y,n,y,n,feces,nega,,
1995,5pgrass,3,1,1,14,disp,33706,m,y,y,y,n,ecto,mear,,2
1995,5pgrass,3,1,1,14,disp,33706,m,y,y,y,n,feces,nega,,
1995,5pgrass,3,1,4,12,dior,33707,m,y,y,y,n,ecto,mite,,
1995,5pgrass,3,1,4,12,dior,33707,m,y,y,y,n,feces,nega,,
1995,5pgrass,3,1,4,19,disp,33708,f,y,y,y,y,cc,hede,f,8
1995,5pgrass,3,1,4,19,disp,33708,f,y,y,y,y,si,hysp,,8
1995,5pgrass,3,1,4,19,disp,33708,f,y,y,y,y,ecto,mite,,
1995,5pgrass,3,1,4,19,disp,33708,f,y,y,y,y,feces,nega,,
1995,5pgrass,3,1,4,22,disp,33709,m,y,y,y,n,ecto,mite,,
1995,5pgrass,3,1,4,22,disp,33709,m,y,y,y,n,feces,nega,,
1995,5pgrass,3,1,4,32,pgfv,33710,m,y,n,y,n,feces,nega,,
1995,5pgrass,3,1,4,35,dior,33711,m,y,n,y,n,feces,nega,,
1995,5pgrass,3,1,4,36,dior,33712,f,y,n,y,y,feces,nega,,
1995,5pgrass,3,1,4,36,dior,33712,f,y,n,y,y,cc,trsp,m,10
1995,5pgrass,3,1,4,36,dior,33712,f,y,n,y,y,cc,trsp,f,24
1995,5pgrass,3,1,4,48,disp,33713,f,y,y,y,y,cc,hede,f,19
1995,5pgrass,3,1,4,48,disp,33713,f,y,y,y,y,si,hysp,,2
1995,5pgrass,3,1,4,48,disp,33713,f,y,y,y,y,ecto,mear,,
1995,5pgrass,3,1,4,48,disp,33713,f,y,y,y,y,feces,nega,,
1995,5pgrass,3,1,4,48,disp,33713,f,y,y,y,y,si,unne,,
1995,5pgrass,3,1,4,58,dior,33714,f,y,y,y,y,ecto,mite,,
1995,5pgrass,3,1,4,58,dior,33714,f,y,y,y,y,feces,nega,,
1995,5pgrass,3,1,4,58,dior,33714,f,y,y,y,y,ecto,tick,,
1995,5pgrass,3,1,4,58,dior,33714,f,y,y,y,y,cc,trsp,m,1
1995,5pgrass,3,1,4,58,dior,33714,f,y,y,y,y,cc,trsp,f,1
1995,5pgrass,3,1,4,61,pgfv,33715,f,y,n,y,n,feces,nega,,
1995,5pgrass,3,1,4,64,pgfv,33716,f,y,n,y,n,feces,nega,,
1995,5pgrass,3,1,4,71,dior,33717,m,y,y,y,y,st,madi,m,2
1995,5pgrass,3,1,4,71,dior,33717,m,y,y,y,y,feces,nega,,
1995,5pgrass,3,1,4,71,dior,33717,m,y,y,y,y,ecto,tick,,
1995,5pgrass,3,1,4,78,disp,33718,f,y,y,y,y,feces,nega,,
1995,5pgrass,3,1,4,78,disp,33718,f,y,y,y,y,ecto,tick,,1
1995,5pgrass,3,1,4,78,disp,33718,f,y,y,y,y,cc,trsp,m,1
1995,5pgrass,3,1,4,78,disp,33718,f,y,y,y,y,cc,trsp,f,5
1995,5pgrass,3,1,4,10,disp,33719,m,y,y,y,y,ecto,ecga,,
1995,5pgrass,3,1,4,10,disp,33719,m,y,y,y,y,si,hysp,,1
1995,5pgrass,3,1,4,10,disp,33719,m,y,y,y,y,feces,nega,,
1995,5pgrass,3,1,4,11,disp,33720,f,y,n,y,y,si,hysp,,4
1995,5pgrass,3,1,4,11,disp,33720,f,y,n,y,y,feces,nega,,
1995,5pgrass,3,1,4,11,disp,33720,f,y,n,y,y,cc,trsp,f,1
1995,5pgrass,3,1,4,11,spsp,33721,f,y,n,y,n,feces,nega,,
1995,5pgrass,3,1,4,12,dior,33722,f,y,y,y,n,ecto,mite,,
1995,5pgrass,3,1,4,12,dior,33722,f,y,y,y,n,feces,nega,,
1995,5pgrass,3,1,1,33,or,33723,m,y,n,y,n,feces,nega,,
1995,5pgrass,3,1,1,35,or,33724,f,y,y,y,n,ecto,mite,,
1995,5pgrass,3,1,1,35,or,33724,f,y,y,y,n,feces,nega,,
1995,5pgrass,3,1,1,83,pmer,33725,m,y,n,y,n,feces,nega,,
1995,5pgrass,3,1,1,10,or,33726,m,y,n,y,y,feces,nega,,
1995,5pgrass,3,1,1,10,or,33726,m,y,n,y,y,st,prsp,,8
1995,5pgrass,3,1,1,11,or,33727,f,y,y,y,n,feces,nega,,
1995,5pgrass,3,1,1,11,or,33727,f,y,y,y,n,ecto,tick,,
1995,5pgrass,3,1,1,11,pgfv,33728,f,y,n,y,n,feces,eree,,
1995,5pgrass,3,1,4,12,remn,33729,m,y,y,y,n,feces,eari,,
1995,5pgrass,3,1,4,12,or,33730,f,y,n,y,y,si,hyns,,1
1995,5pgrass,3,1,4,12,or,33730,f,y,n,y,y,feces,nega,,
1995,5pgrass,3,1,4,14,or,33731,m,y,n,y,y,feces,nega,,
1995,5pgrass,3,1,4,14,or,33731,m,y,n,y,y,st,prsp,,2
1995,5pgrass,3,1,4,14,dior,33732,f,y,y,y,n,ecto,mite,,
1995,5pgrass,3,1,4,14,dior,33732,f,y,y,y,n,feces,nega,,
1995,5pgrass,3,2,2,10,disp,33733,f,y,y,y,n,feces,nega,,
1995,5pgrass,3,2,2,11,dior,33734,m,y,n,y,n,feces,nega,,
1995,5pgrass,3,2,1,15,pgfv,33736,m,y,n,y,n,feces,nega,,
1995,5pgrass,3,2,1,19,pgfv,33737,f,y,n,y,n,feces,nega,,
1995,5pgrass,3,2,1,23,pgfv,33738,f,y,y,y,n,ecto,mite,,
1995,5pgrass,3,2,1,23,pgfv,33738,f,y,y,y,n,feces,nega,,
1995,5pgrass,3,2,1,54,pgfv,33739,m,y,y,y,y,st,madi,m,1
1995,5pgrass,3,2,1,54,pgfv,33739,m,y,y,y,y,st,madi,f,1
1995,5pgrass,3,2,1,54,pgfv,33739,m,y,y,y,y,feces,nega,,
1995,5pgrass,3,2,1,54,pgfv,33739,m,y,y,y,y,ecto,tick,,
1995,5pgrass,3,2,1,63,pgfv,33740,m,y,y,y,n,feces,nega,,
1995,5pgrass,3,2,1,63,pgfv,33740,m,y,y,y,n,ecto,tick,,
1995,5pgrass,3,2,1,65,pgfv,33741,f,y,n,y,n,feces,nega,,
1995,5pgrass,3,2,1,78,dior,33742,m,y,n,y,y,cc,hede,f,16
1995,5pgrass,3,2,1,78,dior,33742,m,y,n,y,y,feces,nega,,
1995,5pgrass,3,2,1,84,dior,33743,m,y,y,y,n,ecto,mite,,
1995,5pgrass,3,2,1,84,dior,33743,m,y,y,y,n,feces,nega,,
1995,5pgrass,3,2,1,84,dior,33743,m,y,y,y,n,ecto,tick,,
1995,5pgrass,3,2,1,93,dime,33744,f,y,y,y,n,feces,echo,,
1995,5pgrass,3,2,1,93,dime,33744,f,y,y,y,n,ecto,tick,,
1995,5pgrass,3,2,1,95,dior,33745,m,y,y,y,y,ecto,mite,,
1995,5pgrass,3,2,1,95,dior,33745,m,y,y,y,y,feces,nega,,
1995,5pgrass,3,2,1,95,dior,33745,m,y,y,y,y,cc,trsp,m,3
1995,5pgrass,3,2,1,95,dior,33745,m,y,y,y,y,cc,trsp,f,4
1995,5pgrass,3,2,1,96,pgfv,33746,f,y,n,y,n,feces,nega,,
1995,5pgrass,3,2,1,10,pgfv,33747,m,y,n,y,n,feces,nega,,
1995,5pgrass,3,2,1,10,disp,33748,m,y,y,y,y,cc,hede,f,5
1995,5pgrass,3,2,1,10,disp,33748,m,y,y,y,y,cc,hede,m,3
1995,5pgrass,3,2,1,10,disp,33748,m,y,y,y,y,feces,nega,,
1995,5pgrass,3,2,1,10,disp,33748,m,y,y,y,y,ecto,tick,,
1995,5pgrass,3,2,1,14,disp,33749,m,y,y,y,y,cc,hede,f,7
1995,5pgrass,3,2,1,14,disp,33749,m,y,y,y,y,si,hysp,,3
1995,5pgrass,3,2,1,14,disp,33749,m,y,y,y,y,ecto,mear,,
1995,5pgrass,3,2,1,14,disp,33749,m,y,y,y,y,feces,nega,,
1995,5pgrass,3,2,4,2,pgfv,33750,m,y,y,y,n,feces,nega,,
1995,5pgrass,3,2,4,2,pgfv,33750,m,y,y,y,n,ecto,tick,,
1995,5pgrass,3,2,4,21,disp,33751,m,y,y,y,y,si,hysp,,7
1995,5pgrass,3,2,4,21,disp,33751,m,y,y,y,y,feces,nega,,
1995,5pgrass,3,2,4,21,disp,33751,m,y,y,y,y,ecto,tick,,
1995,5pgrass,3,2,4,34,pgfv,33752,f,y,y,y,n,ecto,mite,,
1995,5pgrass,3,2,4,34,pgfv,33752,f,y,y,y,n,feces,nega,,
1995,5pgrass,3,2,4,35,pgfv,33753,m,y,y,y,n,ecto,mite,,
1995,5pgrass,3,2,4,35,pgfv,33753,m,y,y,y,n,feces,nega,,
1995,5pgrass,3,2,4,48,disp,33754,m,y,y,y,y,ecto,ecga,,
1995,5pgrass,3,2,4,48,disp,33754,m,y,y,y,y,si,hysp,,1
1995,5pgrass,3,2,4,48,disp,33754,m,y,y,y,y,ecto,mite,,
1995,5pgrass,3,2,4,48,disp,33754,m,y,y,y,y,feces,nega,,
1995,5pgrass,3,2,4,57,disp,33755,f,y,y,y,y,si,hysp,,2
1995,5pgrass,3,2,4,57,disp,33755,f,y,y,y,y,ecto,mite,,
1995,5pgrass,3,2,4,57,disp,33755,f,y,y,y,y,feces,nega,,
1995,5pgrass,3,2,4,57,disp,33755,f,y,y,y,y,cc,trsp,f,5
1995,5pgrass,3,2,4,71,dior,33756,m,y,y,y,n,ecto,mite,,
1995,5pgrass,3,2,4,71,dior,33756,m,y,y,y,n,feces,nega,,
1995,5pgrass,3,2,4,72,dior,33757,f,y,y,y,y,ecto,mite,,
1995,5pgrass,3,2,4,72,dior,33757,f,y,y,y,y,feces,nega,,
1995,5pgrass,3,2,4,72,dior,33757,f,y,y,y,y,cc,trsp,m,2
1995,5pgrass,3,2,4,72,dior,33757,f,y,y,y,y,cc,trsp,f,2
1995,5pgrass,3,2,4,12,pgfv,33758,m,y,y,y,n,feces,nega,,
1995,5pgrass,3,2,4,12,pgfv,33758,m,y,y,y,n,ecto,tick,,
1995,5pgrass,3,2,4,13,dior,33759,f,y,y,y,y,si,madi,f,2
1995,5pgrass,3,2,4,13,dior,33759,f,y,y,y,y,feces,nega,,
1995,5pgrass,3,2,4,13,disp,33760,m,y,y,y,y,feces,esch,,
1995,5pgrass,3,2,4,13,disp,33760,m,y,y,y,y,si,hysp,,1
1995,5pgrass,3,2,4,13,disp,33760,m,y,y,y,y,ecto,tick,,
1995,5pgrass,3,2,1,72,or,33761,f,y,n,y,y,si,mocl,,5
1995,5pgrass,3,2,1,72,or,33761,f,y,n,y,y,feces,nega,,
1995,5pgrass,3,2,1,72,or,33761,f,y,n,y,y,st,prsp,,4
1995,5pgrass,3,2,1,10,or,33762,m,y,n,y,n,feces,nega,,
1995,5pgrass,3,2,4,93,remg,33763,f,y,n,y,y,feces,nega,,
1995,5pgrass,3,2,4,93,remg,33763,f,y,n,y,y,si,unce,,1
1995,5pgrass,3,3,1,7,dior,33764,m,y,y,y,y,ecto,mite,,
1995,5pgrass,3,3,1,7,dior,33764,m,y,y,y,y,feces,nega,,
1995,5pgrass,3,3,1,7,dior,33764,m,y,y,y,y,st,trsp,m,1
1995,5pgrass,3,3,1,59,dime,33765,m,y,y,y,n,feces,nega,,
1995,5pgrass,3,3,1,59,dime,33765,m,y,y,y,n,ecto,tick,,
1995,5pgrass,3,3,1,14,spsp,33766,f,y,y,y,n,ecto,ecga,,
1995,5pgrass,3,3,1,14,spsp,33766,f,y,y,y,n,feces,nega,,
1995,5pgrass,3,3,1,14,dime,33767,f,y,n,y,n,feces,edip,,
1995,5pgrass,3,3,4,12,pgfv,33768,m,y,n,y,n,feces,nega,,
1995,5pgrass,3,3,4,21,dior,33769,f,y,y,y,y,cc,hede,f,59
1995,5pgrass,3,3,4,21,dior,33769,f,y,y,y,y,cc,hede,m,4
1995,5pgrass,3,3,4,21,dior,33769,f,y,y,y,y,feces,nega,,
1995,5pgrass,3,3,4,21,dior,33769,f,y,y,y,y,ecto,tick,,
1995,5pgrass,3,3,4,35,pgfv,33770,f,y,n,y,n,feces,nega,,
1995,5pgrass,3,3,4,57,dior,33771,f,y,y,y,n,ecto,mite,,
1995,5pgrass,3,3,4,57,dior,33771,f,y,y,y,n,feces,nega,,
1995,5pgrass,3,3,4,57,dior,33771,f,y,y,y,n,ecto,tick,,
1995,5pgrass,3,3,4,69,pgfv,33772,f,y,n,y,n,feces,nega,,
1995,5pgrass,3,3,4,71,disp,33773,m,y,y,y,y,cc,hede,f,5
1995,5pgrass,3,3,4,71,disp,33773,m,y,y,y,y,feces,nega,,
1995,5pgrass,3,3,4,71,disp,33773,m,y,y,y,y,ecto,tick,,
1995,5pgrass,3,3,4,72,pgfv,33774,m,y,n,y,n,feces,nega,,
1995,5pgrass,3,3,4,81,dior,33775,m,y,n,y,n,feces,nega,,
1995,5pgrass,3,3,4,95,pgfv,33776,m,y,n,y,n,feces,nega,,
1995,5pgrass,3,3,4,10,pgfv,33777,m,y,n,y,y,cc,hede,f,10
1995,5pgrass,3,3,4,10,pgfv,33777,m,y,n,y,y,feces,nega,,
1995,5pgrass,3,3,1,84,or,33778,m,y,n,y,n,feces,nega,,
1995,5pgrass,3,3,1,36,or,33779,m,y,y,y,y,si,mocl,,2
1995,5pgrass,3,3,1,36,or,33779,m,y,y,y,y,feces,nega,,
1995,5pgrass,3,3,1,36,or,33779,m,y,y,y,y,ecto,tick,,
1995,5pgrass,1,1,1,32,pgfv,34142,f,y,n,y,n,feces,nega,,
1995,5pgrass,1,1,1,50,dior,34143,f,y,n,y,n,feces,nega,,
1995,5pgrass,1,1,1,60,dior,34144,f,y,n,y,y,si,hysp,,2
1995,5pgrass,1,1,1,60,dior,34144,f,y,n,y,y,feces,nega,,
1995,5pgrass,1,1,1,..,disp,34145,m,y,n,y,y,feces,ebal,,
1995,5pgrass,1,1,1,..,disp,34145,m,y,n,y,y,cc,hede,m,2
1995,5pgrass,1,1,1,..,disp,34145,m,y,n,y,y,cc,hede,f,5
1995,5pgrass,1,1,1,84,dior,34146,m,y,n,y,y,st,madi,m,1
1995,5pgrass,1,1,1,84,dior,34146,m,y,n,y,y,st,madi,f,1
1995,5pgrass,1,1,1,84,dior,34146,m,y,n,y,y,feces,nega,,
1995,5pgrass,1,1,1,84,dior,34146,m,y,n,y,y,cc,trsp,m,1
1995,5pgrass,1,1,1,84,dior,34146,m,y,n,y,y,cc,trsp,f,1
1995,5pgrass,1,1,1,88,dior,34147,f,y,n,y,y,feces,nega,,
1995,5pgrass,1,1,1,88,dior,34147,f,y,n,y,y,cc,trel,m,1
1995,5pgrass,1,1,1,88,dior,34147,f,y,n,y,y,cc,trel,f,1
1995,5pgrass,1,1,1,10,disp,34148,f,y,n,y,y,cc,hede,m,2
1995,5pgrass,1,1,1,10,disp,34148,f,y,n,y,y,feces,nega,,
1995,5pgrass,1,1,1,13,pgfv,34149,f,y,n,y,n,feces,nega,,
1995,5pgrass,1,1,1,14,disp,34150,f,y,n,y,y,cc,hede,m,1
1995,5pgrass,1,1,1,14,disp,34150,f,y,n,y,y,cc,hede,f,2
1995,5pgrass,1,1,1,14,disp,34150,f,y,n,y,y,feces,nega,,
1995,5pgrass,1,1,4,11,disp,34151,f,y,n,y,y,si,hede,l,1
1995,5pgrass,1,1,4,11,disp,34151,f,y,n,y,y,cc,hede,f,1
1995,5pgrass,1,1,4,11,disp,34151,f,y,n,y,y,si,hysp,,2
1995,5pgrass,1,1,4,11,disp,34151,f,y,n,y,y,feces,nega,,
1995,5pgrass,1,1,4,11,disp,34151,f,y,n,y,y,cc,trsp,m,1
1995,5pgrass,1,1,4,11,disp,34151,f,y,n,y,y,cc,trsp,f,4
1995,5pgrass,1,1,4,16,pgfv,34152,f,y,n,y,n,feces,nega,,
1995,5pgrass,1,1,4,18,dior,34153,m,y,n,y,y,feces,nega,,
1995,5pgrass,1,1,4,18,dior,34153,m,y,n,y,y,cc,trap,f,1
1995,5pgrass,1,1,4,18,dior,34153,m,y,n,y,y,cc,trsp,m,1
1995,5pgrass,1,1,4,20,pgfv,34154,m,y,n,y,n,feces,nega,,
1995,5pgrass,1,1,4,23,dior,34155,f,y,n,y,n,feces,nega,,
1995,5pgrass,1,1,4,34,disp,34156,f,y,y,y,y,ecto,mear,,1
1995,5pgrass,1,1,4,34,disp,34156,f,y,y,y,y,feces,nega,,
1995,5pgrass,1,1,4,34,disp,34156,f,y,y,y,y,cc,trsp,f,1
1995,5pgrass,1,1,4,36,pgfv,34157,m,y,n,y,n,feces,nega,,
1995,5pgrass,1,1,4,48,dior,34158,m,y,n,y,n,feces,nega,,
1995,5pgrass,1,1,4,51,pgfv,34159,m,y,n,y,n,feces,nega,,
1995,5pgrass,1,1,4,55,pgfv,34160,m,y,y,y,n,ecto,mite,,
1995,5pgrass,1,1,4,55,pgfv,34160,m,y,y,y,n,feces,nega,,
1995,5pgrass,1,1,4,60,pgfv,34161,m,n,n,y,n,feces,,,
1995,5pgrass,1,1,4,66,disp,34162,m,y,y,y,n,ecto,mear,,1
1995,5pgrass,1,1,4,66,disp,34162,m,y,y,y,n,ecto,mite,,1
1995,5pgrass,1,1,4,66,disp,34162,m,y,y,y,n,feces,nega,,
1995,5pgrass,1,1,4,67,dior,34163,f,y,n,y,y,feces,nega,,
1995,5pgrass,1,1,4,67,dior,34163,f,y,n,y,y,cc,trsp,f,14
1995,5pgrass,1,1,4,67,dior,34163,f,y,n,y,y,cc,trsp,m,8
1995,5pgrass,1,1,4,76,dior,34164,m,y,n,y,n,feces,nega,,
1995,5pgrass,1,1,4,94,pgfv,34165,m,y,n,y,n,feces,nega,,
1995,5pgrass,1,1,4,96,dior,34166,m,y,n,y,n,feces,nega,,
1995,5pgrass,1,1,4,10,pgfv,34167,f,y,n,y,n,feces,nega,,
1995,5pgrass,1,1,4,11,or,34168,f,y,n,y,y,feces,eony,,
1995,5pgrass,1,1,4,11,or,34168,f,y,n,y,y,feces,esev,,
1995,5pgrass,1,1,4,11,or,34168,f,y,n,y,y,si,hyns,,2
1995,5pgrass,1,1,4,11,or,34168,f,y,n,y,y,si,mocl,,3
1995,5pgrass,1,1,4,11,or,34168,f,y,n,y,y,cc,nema,,13
1995,5pgrass,1,1,4,11,or,34168,f,y,n,y,y,st,prsp,,1
1995,5pgrass,1,1,4,11,disp,34169,f,y,n,y,y,si,hysp,,1
1995,5pgrass,1,1,4,11,disp,34169,f,y,n,y,y,feces,nega,,
1995,5pgrass,1,1,4,12,dior,34170,f,y,y,y,n,ecto,mite,,1
1995,5pgrass,1,1,4,12,dior,34170,f,y,y,y,n,feces,nega,,
1995,5pgrass,1,1,4,14,pgfv,34171,m,y,n,y,n,feces,nega,,
1995,5pgrass,1,1,4,14,disp,34172,m,y,y,y,y,cc,hede,f,2
1995,5pgrass,1,1,4,14,disp,34172,m,y,y,y,y,si,hysp,,1
1995,5pgrass,1,1,4,14,disp,34172,m,y,y,y,y,ecto,mear,,1
1995,5pgrass,1,1,4,14,disp,34172,m,y,y,y,y,feces,nega,,
1995,5pgrass,1,1,4,14,disp,34172,m,y,y,y,y,cc,trsp,m,1
1995,5pgrass,1,1,4,14,disp,34173,m,y,y,y,y,si,hysp,,2
1995,5pgrass,1,1,4,14,disp,34173,m,y,y,y,y,ecto,mear,,2
1995,5pgrass,1,1,4,14,disp,34173,m,y,y,y,y,feces,nega,,
1995,5pgrass,1,1,4,14,disp,34173,m,y,y,y,y,cc,trsp,m,1
1995,5pgrass,1,1,4,14,disp,34173,m,y,y,y,y,cc,trsp,f,1
1995,5pgrass,1,2,1,..,or,34179,f,y,y,y,y,si,cest,,20
1995,5pgrass,1,2,1,..,or,34179,f,y,y,y,y,ecto,lice,,1
1995,5pgrass,1,2,1,..,or,34179,f,y,y,y,y,feces,nega,,
1995,5pgrass,1,2,1,..,or,34179,f,y,y,y,y,st,nema,,1
1995,5pgrass,1,2,1,..,dior,34180,m,y,n,y,n,feces,nega,,
1995,5pgrass,1,2,1,..,dior,34181,f,y,n,y,n,feces,nega,,
1995,5pgrass,1,2,1,..,pgfv,34182,f,y,n,y,n,feces,eree,,
1995,5pgrass,1,2,1,..,pgfv,34183,f,y,y,y,n,ecto,lice,,1
1995,5pgrass,1,2,1,..,pgfv,34183,f,y,n,y,n,feces,nega,,
1995,5pgrass,1,2,1,..,pgfv,34184,m,y,n,y,n,feces,nega,,
1995,5pgrass,1,2,4,..,pgfv,34185,m,y,n,y,n,feces,nega,,
1995,5pgrass,1,2,4,..,dior,34186,f,y,n,y,n,feces,nega,,
1995,5pgrass,1,2,4,..,dior,34187,m,y,n,y,n,feces,nega,,
1995,5pgrass,1,2,4,..,pmtr,34188,m,y,n,y,n,feces,nega,,
1995,5pgrass,1,2,4,..,pgfv,34189,f,y,y,y,n,ecto,lice,,16
1995,5pgrass,1,2,4,..,pgfv,34189,f,y,y,y,n,feces,nega,,
1995,5pgrass,1,2,4,..,pgfv,34190,f,y,n,y,n,feces,nega,,
1995,5pgrass,1,2,4,..,pmtr,34191,f,y,y,y,n,feces,elan,,
1995,5pgrass,1,2,4,..,pmtr,34191,f,y,y,y,n,ecto,masi,,1
1995,5pgrass,1,2,4,..,pgfv,34192,f,y,n,y,n,feces,nega,,
1995,5pgrass,1,2,4,..,dior,34193,m,y,n,y,y,feces,nega,,
1995,5pgrass,1,2,4,..,dior,34193,m,y,n,y,y,cc,trsp,m,2
1995,5pgrass,1,2,4,..,dior,34194,m,y,n,y,n,feces,nega,,
1995,5pgrass,1,2,4,..,disp,34195,f,y,n,y,y,cc,hede,f,5
1995,5pgrass,1,2,4,..,disp,34195,f,y,n,y,y,feces,nega,,
1995,5pgrass,1,2,4,..,disp,34196,m,y,y,y,y,si,hysp,,3
1995,5pgrass,1,2,4,..,disp,34196,m,y,y,y,y,ecto,mear,,7
1995,5pgrass,1,2,4,..,disp,34196,m,y,y,y,y,feces,nega,,
1995,5pgrass,1,2,4,..,pgfv,34197,f,y,n,y,n,feces,nega,,
1995,5pgrass,1,2,4,..,or,34198,m,y,n,y,y,si,acan,,3
1995,5pgrass,1,2,4,..,or,34198,m,y,n,y,y,feces,eony,,
1995,5pgrass,1,2,4,..,or,34198,m,y,n,y,y,si,nema,,1
1995,5pgrass,1,2,4,..,pgfv,34199,m,y,n,y,n,feces,nega,,
1995,5pgrass,1,3,1,7,disp,34208,m,y,y,y,y,cc,hede,f,3
1995,5pgrass,1,3,1,7,disp,34208,m,y,y,y,y,ecto,lice,,50
1995,5pgrass,1,3,1,7,disp,34208,m,y,y,y,y,feces,nega,,
1995,5pgrass,1,3,1,12,pgfv,34209,f,y,n,y,n,feces,nega,,
1995,5pgrass,1,3,1,72,dior,34210,f,y,n,y,n,feces,nega,,
1995,5pgrass,1,3,1,10,disp,34211,m,y,y,y,y,si,hede,m,2
1995,5pgrass,1,3,1,10,disp,34211,m,y,y,y,y,cc,hede,f,1
1995,5pgrass,1,3,1,10,disp,34211,m,y,y,y,y,ecto,mear,,1
1995,5pgrass,1,3,1,10,disp,34211,m,y,y,y,y,feces,nega,,
1995,5pgrass,1,3,1,14,pgfv,34212,m,y,n,y,n,feces,nega,,
1995,5pgrass,1,3,4,41,pmle,34213,f,y,n,y,n,feces,nega,,
1995,5pgrass,1,3,4,48,pgfv,34214,f,y,n,y,n,feces,nega,,
1995,5pgrass,1,3,4,68,pgfv,34215,m,y,n,y,n,feces,nega,,
1995,5pgrass,1,3,4,71,dior,34216,m,y,n,y,y,feces,nega,,
1995,5pgrass,1,3,4,71,dior,34216,m,y,n,y,y,cc,trsp,f,1
1995,5pgrass,1,3,4,80,dior,34217,f,y,n,y,n,feces,nega,,
1995,5pgrass,1,3,4,86,pgfv,34218,f,y,n,y,n,feces,nega,,
1995,5pgrass,1,3,4,96,dior,34219,f,y,n,y,n,feces,nega,,
1995,5pgrass,1,3,4,10,dior,34220,m,y,n,y,n,feces,nega,,
1995,5pgrass,1,3,4,14,dior,34221,f,y,n,y,n,feces,nega,,
1995,5pgrass,1,3,4,14,pgfv,34222,m,y,n,y,n,feces,nega,,
1996,5pgrass,1,1,2,103,spsp,40123,f,y,n,y,n,feces,nega,,
1996,5pgrass,1,1,1,24,dior,40124,f,y,y,y,n,ecto,flea,,4
1996,5pgrass,1,1,1,24,dior,40124,f,y,y,y,n,ecto,mite,,11
1996,5pgrass,1,1,1,24,dior,40124,f,y,y,y,n,feces,nega,,
1996,5pgrass,1,1,1,70,dior,40125,m,y,y,y,n,ecto,mite,,3
1996,5pgrass,1,1,1,70,dior,40125,m,y,y,y,n,feces,nega,,
1996,5pgrass,1,1,1,125,dior,40126,f,y,n,y,y,cc,hede,m,3
1996,5pgrass,1,1,1,125,dior,40126,f,y,n,y,y,cc,hede,f,9
1996,5pgrass,1,1,1,125,dior,40126,f,y,n,y,y,feces,nega,,
1996,5pgrass,1,1,4,33,dior,40127,m,y,y,y,y,feces,edip,,
1996,5pgrass,1,1,4,33,dior,40127,m,y,y,y,y,st,madi,f,1
1996,5pgrass,1,1,4,33,dior,40127,m,y,y,y,y,ecto,mite,,5
1996,5pgrass,1,1,4,33,dior,40127,m,y,y,y,y,cc,trsp,f,2
1996,5pgrass,1,1,4,33,dior,40127,m,y,y,y,y,cc,trsp,m,3
1996,5pgrass,1,1,4,57,dime,40128,m,y,y,y,y,ecto,flea,,1
1996,5pgrass,1,1,4,57,dime,40128,m,y,y,y,y,ecto,lice,,1
1996,5pgrass,1,1,4,57,dime,40128,m,y,y,y,y,ecto,mite,,1
1996,5pgrass,1,1,4,57,dime,40128,m,y,y,y,y,feces,nega,,
1996,5pgrass,1,1,4,57,dime,40128,m,y,y,y,y,cc,trsp,f,5
1996,5pgrass,1,1,4,57,dime,40128,m,y,y,y,y,cc,trsp,m,2
1996,5pgrass,1,1,4,83,dime,40129,m,y,y,y,n,ecto,mite,,1
1996,5pgrass,1,1,4,83,dime,40129,m,y,y,y,n,feces,nega,,
1996,5pgrass,1,1,4,90,dior,40130,m,y,y,y,y,st,madi,f,1
1996,5pgrass,1,1,4,90,dior,40130,m,y,y,y,y,ecto,mite,,38
1996,5pgrass,1,1,4,90,dior,40130,m,y,y,y,y,feces,nega,,
1996,5pgrass,1,1,4,90,dior,40130,m,y,y,y,y,cc,trsp,f,1
1996,5pgrass,1,1,4,90,dior,40130,m,y,y,y,y,cc,trsp,m,6
1996,5pgrass,1,1,4,112,disp,40131,m,y,y,y,y,feces,ebal,,
1996,5pgrass,1,1,4,112,disp,40131,m,y,y,y,y,ecto,flea,,4
1996,5pgrass,1,1,4,112,disp,40131,m,y,y,y,y,cc,hede,f,6
1996,5pgrass,1,1,4,112,disp,40131,m,y,y,y,y,ecto,lice,,1
1996,5pgrass,1,1,4,112,disp,40131,m,y,y,y,y,ecto,mite,,13
1996,5pgrass,1,1,4,126,dior,40132,f,y,n,y,y,cc,hede,m,1
1996,5pgrass,1,1,4,126,dior,40132,f,y,n,y,y,cc,hede,f,15
1996,5pgrass,1,1,4,126,dior,40132,f,y,n,y,y,feces,nega,,
1996,5pgrass,1,1,4,144,dime,40133,f,y,y,y,y,feces,adsp,,
1996,5pgrass,1,1,4,144,dime,40133,f,y,y,y,y,ecto,flea,,1
1996,5pgrass,1,1,4,144,dime,40133,f,y,y,y,y,cc,hede,f,1
1996,5pgrass,1,1,4,144,dime,40133,f,y,y,y,y,ecto,lice,,2
1996,5pgrass,1,1,4,144,dime,40133,f,y,y,y,y,ecto,mite,,1
1996,5pgrass,1,1,4,144,dime,40133,f,y,y,y,y,cc,ptdi,f,1
1996,5pgrass,1,1,1,29,or,40134,m,y,y,y,n,feces,esev,,
1996,5pgrass,1,1,1,29,or,40134,m,y,y,y,n,ecto,flea,,1
1996,5pgrass,1,1,1,29,or,40134,m,y,y,y,n,ecto,mite,,1
1996,5pgrass,1,1,1,29,pmtr,40135,m,y,n,y,y,si,casp,,1
1996,5pgrass,1,1,1,29,pmtr,40135,m,y,n,y,y,feces,eere,,
1996,5pgrass,1,2,1,60,dior,40136,m,y,n,y,n,feces,espp,,
1996,5pgrass,1,2,1,105,dior,40137,f,y,y,y,y,ecto,mite,,1
1996,5pgrass,1,2,1,105,dior,40137,f,y,y,y,y,feces,nega,,
1996,5pgrass,1,2,1,105,dior,40137,f,y,y,y,y,cc,trsp,m,1
1996,5pgrass,1,2,4,71,dior,40138,m,y,y,y,y,ecto,mite,,4
1996,5pgrass,1,2,4,71,dior,40138,m,y,y,y,y,feces,nega,,
1996,5pgrass,1,2,4,71,dior,40138,m,y,y,y,y,cc,trsp,f,1
1996,5pgrass,1,2,4,131,pgfv,40139,m,y,n,y,y,cc,hede,f,1
1996,5pgrass,1,2,4,131,pgfv,40139,m,y,n,y,y,feces,nega,,
1996,5pgrass,1,3,1,44,pgfv,40140,m,y,y,y,n,ecto,mite,,
1996,5pgrass,1,3,1,44,pgfv,40140,m,y,y,y,n,feces,nega,,
1996,5pgrass,1,3,1,57,remg,40141,f,y,y,y,n,feces,eari,,
1996,5pgrass,1,3,1,57,remg,40141,f,y,y,y,n,ecto,lice,,1
1996,5pgrass,1,3,1,57,remg,40141,f,y,y,y,n,ecto,mite,,2
1996,5pgrass,1,3,1,143,disp,40142,m,y,y,y,y,ecto,flea,,2
1996,5pgrass,1,3,1,143,disp,40142,m,y,y,y,y,cc,hede,m,3
1996,5pgrass,1,3,1,143,disp,40142,m,y,y,y,y,cc,hede,f,35
1996,5pgrass,1,3,1,143,disp,40142,m,y,y,y,y,ecto,mite,,
1996,5pgrass,1,3,1,143,disp,40142,m,y,y,y,y,feces,nega,,
1996,5pgrass,1,3,4,18,pmtr,40143,f,y,y,y,n,feces,eere,,
1996,5pgrass,1,3,4,18,pmtr,40143,f,y,y,y,n,ecto,flea,,1
1996,5pgrass,1,3,4,18,pmtr,40143,f,y,y,y,n,ecto,lice,,17
1996,5pgrass,1,3,4,18,pmtr,40143,f,y,y,y,n,ecto,mite,,1
1996,5pgrass,1,3,4,37,pgfv,40144,f,y,n,y,n,feces,nega,,
1996,5pgrass,1,3,4,43,pmle,40145,m,y,y,y,n,ecto,flea,,5
1996,5pgrass,1,3,4,43,pmle,40145,m,y,y,y,n,feces,nega,,
1996,5pgrass,1,3,4,42,pgfv,40146,m,y,y,y,n,ecto,mite,,1
1996,5pgrass,1,3,4,42,pgfv,40146,m,y,y,y,n,feces,nega,,
1996,5pgrass,1,3,4,81,pgfv,40147,m,y,n,y,n,feces,nega,,
1996,5pgrass,3,1,1,107,disp,40334,f,y,y,y,y,feces,ebal,,
1996,5pgrass,3,1,1,107,disp,40334,f,y,y,y,y,si,hysp,,1
1996,5pgrass,3,1,1,107,disp,40334,f,y,y,y,y,ecto,mear,,
1996,5pgrass,3,1,1,107,disp,40334,f,y,y,y,y,cc,trsp,f,1
1992,5plarrea,1,1,2,31,dime,26261,m,y,n,y,y,cc,hede,f,1
1992,5plarrea,1,1,2,31,dime,26261,m,y,n,y,y,feces,nega,,
1992,5plarrea,1,1,2,31,dime,26261,m,y,n,y,y,si,ptdi,f,3
1992,5plarrea,1,1,2,31,dime,26261,m,y,n,y,y,cc,trsp,f,1
1992,5plarrea,1,1,2,53,dime,26262,m,y,n,y,n,feces,nega,,
1992,5plarrea,1,1,2,69,dime,26263,f,y,n,y,n,feces,nega,,
1992,5plarrea,1,1,2,72,disp,26264,f,y,n,y,y,si,hysp,,1
1992,5plarrea,1,1,2,72,disp,26264,f,y,n,y,y,feces,nega,,
1992,5plarrea,1,1,2,79,pgfv,26265,f,y,n,y,n,feces,nega,,
1992,5plarrea,1,1,2,81,dime,26266,f,y,n,y,n,feces,nega,,
1992,5plarrea,1,1,2,95,dime,26267,m,y,n,y,n,feces,echo,,
1992,5plarrea,1,1,2,10,dime,26268,f,y,n,y,n,feces,nega,,
1992,5plarrea,1,1,2,11,dime,26269,f,y,n,y,n,feces,nega,,
1992,5plarrea,1,1,2,12,dime,26270,f,y,n,y,n,feces,echo,,
1992,5plarrea,1,1,2,13,dime,26271,m,y,n,y,n,feces,nega,,
1992,5plarrea,1,1,4,29,dime,26272,,y,n,y,n,feces,echo,,
1992,5plarrea,1,1,4,33,dime,26273,m,y,n,y,y,st,madi,f,2
1992,5plarrea,1,1,4,33,dime,26273,m,y,n,y,y,feces,nega,,
1992,5plarrea,1,1,4,33,dime,26273,m,y,n,y,y,si,ptdi,f,1
1992,5plarrea,1,1,4,35,dime,26274,f,y,n,y,y,st,madi,f,1
1992,5plarrea,1,1,4,35,dime,26274,f,y,n,y,y,feces,nega,,
1992,5plarrea,1,1,4,57,dime,26275,f,y,n,y,n,feces,nega,,
1992,5plarrea,1,1,4,41,dime,26276,f,y,n,y,n,feces,echo,,
1992,5plarrea,1,1,4,45,dime,26277,m,y,n,y,n,feces,nega,,
1992,5plarrea,1,1,4,47,dime,26278,m,y,n,y,y,cc,hede,f,1
1992,5plarrea,1,1,4,47,dime,26278,m,y,n,y,y,feces,nega,,
1992,5plarrea,1,1,4,86,or,26279,m,y,n,y,n,feces,eony,,
1992,5plarrea,1,1,4,95,dime,26280,f,y,n,y,y,st,madi,f,1
1992,5plarrea,1,1,4,95,dime,26280,f,y,n,y,y,feces,nega,,
1992,5plarrea,1,1,4,95,dime,26280,f,y,n,y,y,si,ptdi,f,4
1992,5plarrea,1,1,4,10,spsp,26281,m,y,n,y,n,feces,nega,,
1992,5plarrea,1,1,4,10,pgfv,26282,f,y,n,y,n,feces,eree,,
1992,5plarrea,1,1,4,10,or,26283,f,y,n,y,y,si,mocl,,1
1992,5plarrea,1,1,4,10,or,26283,f,y,n,y,y,feces,nega,,
1992,5plarrea,1,2,4,0,dime,26284,f,y,n,y,n,feces,nega,,
1992,5plarrea,1,1,4,12,nemi,26285,m,y,y,y,n,feces,ealb,,
1992,5plarrea,1,1,4,12,nemi,26285,m,y,y,y,n,ecto,orag,,1
1992,5plarrea,1,1,4,12,pgfv,26286,f,y,n,y,n,feces,nega,,
1992,5plarrea,1,1,4,13,dime,26287,m,y,n,y,n,feces,nega,,
1992,5plarrea,1,1,4,13,dime,26288,m,y,n,y,y,feces,nega,,
1992,5plarrea,1,1,4,13,dime,26288,m,y,n,y,y,cc,trsp,m,10
1992,5plarrea,1,1,4,13,dime,26288,m,y,n,y,y,cc,trsp,f,15
1992,5plarrea,1,2,2,24,dime,26298,f,y,n,y,y,cc,hede,m,2
1992,5plarrea,1,2,2,24,dime,26298,f,y,n,y,y,cc,hede,f,4
1992,5plarrea,1,2,2,24,dime,26298,f,y,n,y,y,feces,nega,,
1992,5plarrea,1,2,2,59,pgfv,26299,m,y,n,y,n,feces,nega,,
1992,5plarrea,1,2,2,60,dime,26300,f,y,n,y,n,feces,echo,,
1992,5plarrea,1,2,2,72,pgfv,26301,f,y,n,y,n,feces,nega,,
1992,5plarrea,1,2,2,94,dime,26303,f,y,n,y,n,feces,nega,,
1992,5plarrea,1,2,2,10,or,26305,f,y,n,y,y,si,hysp,,1
1992,5plarrea,1,2,2,10,or,26305,f,y,n,y,y,feces,nega,,
1992,5plarrea,1,2,2,10,dime,26306,m,y,n,y,y,feces,nega,,
1992,5plarrea,1,2,2,10,dime,26306,m,y,n,y,y,si,ptdi,f,8
1992,5plarrea,1,2,2,11,dime,26307,m,y,n,y,n,feces,echo,,
1992,5plarrea,1,2,2,13,pgfv,26308,m,y,n,y,n,feces,nega,,
1992,5plarrea,1,2,4,31,pgfv,26310,m,y,n,y,n,feces,nega,,
1992,5plarrea,1,2,4,33,dime,26311,f,y,n,y,y,feces,echo,,
1992,5plarrea,1,2,4,33,dime,26311,f,y,n,y,y,st,madi,m,1
1992,5plarrea,1,2,4,48,dime,26312,m,y,n,y,n,feces,nega,,
1992,5plarrea,1,2,4,70,dime,26313,m,y,n,y,n,feces,nega,,
1992,5plarrea,1,2,4,77,pgfv,26314,f,y,n,n,n,feces,nega,,
1992,5plarrea,1,2,4,80,neal,26315,f,y,n,y,n,feces,ealb,,
1992,5plarrea,1,2,4,94,dime,26316,f,y,n,y,n,feces,nega,,
1992,5plarrea,1,2,4,10,dime,26317,f,y,n,y,n,feces,nega,,
1992,5plarrea,1,2,4,10,or,26318,m,y,n,y,n,ecto,mear,,
1992,5plarrea,1,2,4,10,or,26318,m,y,n,y,n,feces,nega,,
1992,5plarrea,1,2,4,11,dime,26319,m,y,n,y,y,st,madi,f,1
1992,5plarrea,1,2,4,11,dime,26319,m,y,n,y,y,ecto,mear,,
1992,5plarrea,1,2,4,11,dime,26319,m,y,n,y,y,feces,nega,,
1992,5plarrea,1,2,4,13,dime,26320,f,y,n,y,n,feces,echo,,
1992,5plarrea,1,2,4,14,dime,26321,m,y,n,y,n,feces,echo,,
1992,5plarrea,1,3,2,39,or,26324,m,y,n,y,y,feces,eony,,
1992,5plarrea,1,3,2,39,or,26324,m,y,n,y,y,si,hysp,,
1992,5plarrea,1,3,2,44,pgfv,26325,f,y,n,y,n,feces,nega,,
1992,5plarrea,1,3,2,47,dime,26326,m,y,n,y,y,feces,echo,,
1992,5plarrea,1,3,2,47,dime,26326,m,y,n,y,y,si,ptdi,f,4
1992,5plarrea,1,3,2,81,disp,26327,f,y,n,y,n,feces,nega,,
1992,5plarrea,1,3,2,11,or,26328,m,y,y,y,n,feces,eony,,
1992,5plarrea,1,3,2,11,or,26328,m,y,y,y,n,ecto,meal,,1
1992,5plarrea,1,3,2,14,dime,26329,m,y,n,y,n,feces,nega,,
1992,5plarrea,1,3,4,19,or,26330,m,y,n,y,y,feces,nega,,
1992,5plarrea,1,3,4,19,or,26330,m,y,n,y,y,st,prsp,,18
1992,5plarrea,1,3,4,31,dime,26331,f,y,n,y,n,feces,nega,,
1992,5plarrea,1,3,4,60,dime,26332,m,y,n,y,n,feces,nega,,
1992,5plarrea,1,3,4,65,dime,26333,m,y,n,y,y,feces,nega,,
1992,5plarrea,1,3,4,65,dime,26333,m,y,n,y,y,cc,trsp,f,1
1992,5plarrea,1,3,4,70,spsp,26334,f,y,n,y,y,feces,nega,,
1992,5plarrea,1,3,4,70,spsp,26334,f,y,n,y,y,st,phma,l,24
1992,5plarrea,1,3,4,72,dime,26335,f,y,n,y,n,feces,nega,,
1992,5plarrea,1,3,4,82,dime,26336,m,y,n,y,y,feces,nega,,
1992,5plarrea,1,3,4,82,dime,26336,m,y,n,y,y,si,ptdi,f,1
1992,5plarrea,1,3,4,10,dime,26337,f,y,n,y,n,feces,nega,,
1992,5plarrea,1,3,4,11,pgfv,26338,f,y,n,y,n,feces,eree,,
1992,5plarrea,2,1,2,10,disp,28160,f,y,n,y,n,feces,ebal,,
1992,5plarrea,2,1,2,17,dime,28161,f,y,n,y,n,feces,nega,,
1992,5plarrea,2,1,2,36,dime,28162,m,y,n,y,y,feces,echo,,
1992,5plarrea,2,1,2,36,dime,28162,m,y,n,y,y,st,madi,l,8
1992,5plarrea,2,1,2,36,dime,28162,m,y,n,y,y,si,ptdi,f,1
1992,5plarrea,2,1,2,38,dime,28163,f,y,n,y,y,feces,echo,,
1992,5plarrea,2,1,2,38,dime,28163,f,y,n,y,y,si,ptdi,f,4
1992,5plarrea,2,1,2,43,dime,28164,m,y,n,y,y,st,madi,f,2
1992,5plarrea,2,1,2,43,dime,28164,m,y,n,y,y,feces,nega,,
1992,5plarrea,2,1,2,44,dime,28165,f,y,n,y,y,feces,echi,,
1992,5plarrea,2,1,2,44,dime,28165,f,y,n,y,y,feces,echo,,
1992,5plarrea,2,1,2,44,dime,28165,f,y,n,y,y,st,madi,m,3
1992,5plarrea,2,1,2,44,dime,28165,f,y,n,y,y,st,madi,f,14
1992,5plarrea,2,1,2,44,dime,28165,f,y,n,y,y,si,madp,,1
1992,5plarrea,2,1,2,44,dime,28165,f,y,n,y,y,si,ptdi,f,1
1992,5plarrea,2,1,2,45,dime,28166,f,y,n,y,y,feces,echo,,
1992,5plarrea,2,1,2,45,dime,28166,f,y,n,y,y,st,madi,f,2
1992,5plarrea,2,1,2,45,dime,28166,f,y,n,y,y,si,ptdi,f,11
1992,5plarrea,2,1,2,46,dime,28167,f,y,n,y,y,feces,echi,,
1992,5plarrea,2,1,2,46,dime,28167,f,y,n,y,y,feces,echo,,
1992,5plarrea,2,1,2,46,dime,28167,f,y,n,y,y,st,madi,l,1
1992,5plarrea,2,1,2,46,dime,28167,f,y,n,y,y,si,ptdi,f,2
1992,5plarrea,2,1,2,47,dime,28168,m,y,n,y,n,feces,echo,,
1992,5plarrea,2,1,2,53,dime,28169,m,y,n,y,n,feces,nega,,
1992,5plarrea,2,1,2,59,dime,28170,f,y,n,y,n,feces,nega,,
1992,5plarrea,2,1,2,66,disp,28171,m,y,n,y,y,feces,nega,,
1992,5plarrea,2,1,2,66,disp,28171,m,y,n,y,y,si,unce,,1
1992,5plarrea,2,1,2,69,dime,28172,f,y,n,y,y,feces,echo,,
1992,5plarrea,2,1,2,69,dime,28172,f,y,n,y,y,si,ptdi,f,15
1992,5plarrea,2,1,2,72,dime,28173,m,y,n,y,y,st,madi,f,2
1992,5plarrea,2,1,2,72,dime,28173,m,y,n,y,y,feces,nega,,
1992,5plarrea,2,1,2,72,dime,28173,m,y,n,y,y,si,ptdi,f,5
1992,5plarrea,2,1,2,80,dime,28174,m,y,n,y,y,feces,echo,,
1992,5plarrea,2,1,2,80,dime,28174,m,y,n,y,y,st,ptdi,f,9
1992,5plarrea,2,1,2,81,dime,28175,f,y,n,y,y,feces,echo,,
1992,5plarrea,2,1,2,81,dime,28175,f,y,n,y,y,st,madi,m,5
1992,5plarrea,2,1,2,81,dime,28175,f,y,n,y,y,st,madi,f,2
1992,5plarrea,2,1,2,81,dime,28175,f,y,n,y,y,si,ptdi,m,1
1992,5plarrea,2,1,2,81,dime,28175,f,y,n,y,y,si,ptdi,f,1
1992,5plarrea,2,1,2,84,pgfv,28177,m,y,n,y,y,st,madi,f,19
1992,5plarrea,2,1,2,84,pgfv,28177,m,y,n,y,y,feces,nega,,
1992,5plarrea,2,1,2,94,pgfv,28178,f,y,n,y,n,feces,nega,,
1992,5plarrea,2,1,2,95,dime,28179,m,y,n,y,n,feces,echo,,
1992,5plarrea,2,1,2,10,dime,28180,m,y,n,y,y,feces,echo,,
1992,5plarrea,2,1,2,10,dime,28180,m,y,n,y,y,st,madi,l,2
1992,5plarrea,2,1,2,10,dime,28180,m,y,n,y,y,si,ptdi,f,11
1992,5plarrea,2,1,2,11,disp,28181,m,y,n,y,n,feces,esch,,
1992,5plarrea,2,1,2,11,dime,28182,m,y,n,y,y,feces,echo,,
1992,5plarrea,2,1,2,11,dime,28182,m,y,n,y,y,st,madi,f,2
1992,5plarrea,2,1,2,11,dime,28182,m,y,n,y,y,si,ptdi,m,1
1992,5plarrea,2,1,2,11,dime,28182,m,y,n,y,y,si,ptdi,f,2
1992,5plarrea,2,1,2,12,dime,28183,m,y,n,y,n,feces,nega,,
1992,5plarrea,2,1,4,7,dime,28184,m,y,n,y,y,feces,echo,,
1992,5plarrea,2,1,4,7,dime,28184,m,y,n,y,y,st,madi,l,17
1992,5plarrea,2,1,4,7,dime,28184,m,y,n,y,y,si,ptdi,f,1
1992,5plarrea,2,1,4,19,or,28185,m,y,n,y,y,si,hyns,,1
1992,5plarrea,2,1,4,19,or,28185,m,y,n,y,y,feces,nega,,
1992,5plarrea,2,1,4,34,dime,28186,f,y,n,y,n,feces,echo,,
1992,5plarrea,2,1,4,35,dime,28187,f,y,n,y,y,feces,echo,,
1992,5plarrea,2,1,4,35,dime,28187,f,y,n,y,y,st,madi,m,2
1992,5plarrea,2,1,4,35,dime,28187,f,y,n,y,y,st,madi,f,2
1992,5plarrea,2,1,4,41,disp,28188,f,y,n,y,y,si,hysp,,
1992,5plarrea,2,1,4,41,disp,28188,f,y,n,y,y,feces,nega,,
1992,5plarrea,2,1,4,43,dime,28189,m,y,n,y,y,feces,echo,,
1992,5plarrea,2,1,4,43,dime,28189,m,y,n,y,y,st,madi,m,8
1992,5plarrea,2,1,4,43,dime,28189,m,y,n,y,y,st,madi,f,2
1992,5plarrea,2,1,4,43,dime,28189,m,y,n,y,y,si,ptdi,f,1
1992,5plarrea,2,1,4,48,dime,28190,f,y,n,y,y,feces,echo,,
1992,5plarrea,2,1,4,48,dime,28190,f,y,n,y,y,st,madi,l,4
1992,5plarrea,2,1,4,48,dime,28190,f,y,n,y,y,si,ptdi,f,2
1992,5plarrea,2,1,4,56,dime,28191,f,y,n,y,y,feces,echo,,
1992,5plarrea,2,1,4,56,dime,28191,f,y,n,y,y,si,ptdi,f,5
1992,5plarrea,2,1,4,59,dime,28192,f,y,n,y,n,feces,echo,,
1992,5plarrea,2,1,4,60,dime,28193,m,y,n,y,y,feces,nega,,
1992,5plarrea,2,1,4,60,dime,28193,m,y,n,y,y,si,ptdi,f,1
1992,5plarrea,2,1,4,70,dime,28194,f,y,n,y,n,feces,echo,,
1992,5plarrea,2,1,4,72,dime,28195,m,y,n,y,y,feces,echi,,
1992,5plarrea,2,1,4,72,dime,28195,m,y,n,y,y,feces,echo,,
1992,5plarrea,2,1,4,72,dime,28195,m,y,n,y,y,st,madi,l,7
1992,5plarrea,2,1,4,78,or,28196,f,n,n,y,y,si,hyns,,1
1992,5plarrea,2,1,4,78,or,28196,f,n,n,y,y,feces,,,
1992,5plarrea,2,1,4,81,dime,28197,m,y,n,y,y,feces,echo,,
1992,5plarrea,2,1,4,81,dime,28197,m,y,n,y,y,st,madi,l,7
1992,5plarrea,2,1,4,84,dime,28198,f,y,n,y,y,feces,echo,,
1992,5plarrea,2,1,4,84,dime,28198,f,y,n,y,y,feces,edip,,
1992,5plarrea,2,1,4,84,dime,28198,f,y,n,y,y,st,madi,l,12
1992,5plarrea,2,1,4,87,dime,28199,m,y,n,y,y,feces,nega,,
1992,5plarrea,2,1,4,87,dime,28199,m,y,n,y,y,si,ptdi,m,2
1992,5plarrea,2,1,4,87,dime,28199,m,y,n,y,y,si,ptdi,f,6
1992,5plarrea,2,1,4,88,pgfv,28200,m,y,n,y,n,feces,espp,,
1992,5plarrea,2,1,4,10,dime,28201,m,y,n,y,y,feces,nega,,
1992,5plarrea,2,1,4,10,dime,28201,m,y,n,y,y,si,ptdi,f,1
1992,5plarrea,2,1,4,11,neal,28202,m,y,y,y,n,ecto,ecga,,
1992,5plarrea,2,1,4,11,neal,28202,m,y,y,y,n,feces,elad,,
1992,5plarrea,2,1,4,11,neal,28202,m,y,y,y,n,ecto,orag,,
1992,5plarrea,2,1,4,12,spsp,28203,m,y,n,y,n,feces,nega,,
1992,5plarrea,2,1,4,13,dime,28204,m,y,n,y,y,feces,echo,,
1992,5plarrea,2,1,4,13,dime,28204,m,y,n,y,y,st,phma,f,3
1992,5plarrea,2,1,4,13,dime,28205,m,y,n,y,n,feces,echo,,
1992,5plarrea,2,2,2,20,neal,28206,m,y,n,y,n,feces,nega,,
1992,5plarrea,2,2,2,33,pgfv,28207,f,y,n,y,n,feces,nega,,
1992,5plarrea,2,2,2,70,pgfv,28208,f,y,n,y,n,feces,nega,,
1992,5plarrea,2,2,2,77,pmer,28209,m,y,n,y,n,feces,nega,,
1992,5plarrea,2,2,2,95,dime,28210,f,y,n,y,y,feces,echo,,
1992,5plarrea,2,2,2,95,dime,28210,f,y,n,y,y,st,madi,m,2
1992,5plarrea,2,2,2,95,dime,28210,f,y,n,y,y,st,madi,f,6
1992,5plarrea,2,2,2,95,dime,28210,f,y,n,y,y,si,ptdi,f,5
1992,5plarrea,2,2,2,12,dime,28211,f,y,n,y,y,feces,echo,,
1992,5plarrea,2,2,2,12,dime,28211,f,y,n,y,y,st,madi,l,23
1992,5plarrea,2,2,2,12,dime,28211,f,y,n,y,y,si,ptdi,f,7
1992,5plarrea,2,2,2,14,pgfv,28212,f,n,n,y,n,feces,,,
1992,5plarrea,2,2,4,23,dime,28213,m,y,n,y,n,feces,echo,,
1992,5plarrea,2,2,4,36,dime,28214,m,y,n,y,y,st,madi,f,1
1992,5plarrea,2,2,4,36,dime,28214,m,y,n,y,y,feces,nega,,
1992,5plarrea,2,2,4,36,dime,28214,m,y,n,y,y,si,ptdi,f,1
1992,5plarrea,2,2,4,68,pmer,28215,m,y,n,y,n,feces,eari,,
1992,5plarrea,2,2,4,72,or,28216,m,n,n,y,n,feces,,,
1992,5plarrea,2,2,4,81,neal,28217,m,y,n,y,n,feces,elad,,
1992,5plarrea,2,2,4,82,dime,28218,m,y,n,y,y,feces,echo,,
1992,5plarrea,2,2,4,82,dime,28218,m,y,n,y,y,cc,trdi,f,1
1992,5plarrea,2,2,4,10,or,28219,m,y,n,y,y,si,hyns,,1
1992,5plarrea,2,2,4,10,or,28219,m,y,n,y,y,feces,nega,,
1992,5plarrea,2,2,4,12,pgfv,28220,m,y,n,y,n,feces,nega,,
1992,5plarrea,2,2,4,12,disp,28221,m,y,n,y,n,feces,nega,,
1992,5plarrea,2,2,4,12,pgfv,28222,m,y,n,y,n,feces,nega,,
1992,5plarrea,2,2,4,13,dime,28223,f,y,n,y,y,feces,echo,,
1992,5plarrea,2,2,4,13,dime,28223,f,y,n,y,y,st,madi,f,2
1992,5plarrea,2,2,4,140,remg,28224,f,y,n,y,n,feces,nega,,
1992,5plarrea,2,2,4,14,dime,28225,m,y,n,y,y,feces,echo,,
1992,5plarrea,2,2,4,14,dime,28225,m,y,n,y,y,si,ptdi,f,14
1992,5plarrea,2,3,2,46,pmtr,28229,f,y,n,y,n,feces,nega,,
1992,5plarrea,2,3,2,48,nemi,28230,f,y,n,y,n,feces,echo,,
1992,5plarrea,2,3,2,48,nemi,28230,f,y,n,y,n,feces,elad,,
1992,5plarrea,2,3,4,15,pgfv,28231,m,y,n,y,n,feces,nega,,
1992,5plarrea,2,3,4,47,dime,28233,f,y,n,y,y,feces,echo,,
1992,5plarrea,2,3,4,47,dime,28233,f,y,n,y,y,st,madi,m,2
1992,5plarrea,2,3,4,47,dime,28233,f,y,n,y,y,st,madi,f,8
1992,5plarrea,2,3,4,68,dime,28235,f,y,n,y,y,feces,echo,,
1992,5plarrea,2,3,4,68,dime,28235,f,y,n,y,y,st,madi,l,17
1992,5plarrea,2,3,4,77,disp,28236,f,y,n,y,n,feces,echo,,
1992,5plarrea,2,3,4,11,dime,28238,m,y,n,y,y,feces,echo,,
1992,5plarrea,2,3,4,11,dime,28238,m,y,n,y,y,si,ptdi,f,4
1992,5plarrea,2,3,4,11,pgfv,28239,f,y,n,y,n,feces,nega,,
1993,5plarrea,1,1,2,31,neal,26864,f,y,y,y,n,ecto,ecga,,
1993,5plarrea,1,1,2,31,neal,26864,f,y,y,y,n,feces,nega,,
1993,5plarrea,1,1,2,31,neal,26864,f,y,y,y,n,ecto,orag,,
1993,5plarrea,1,1,2,47,dime,26865,m,y,n,y,y,feces,nega,,
1993,5plarrea,1,1,2,47,dime,26865,m,y,n,y,y,si,ptdi,f,3
1993,5plarrea,1,1,2,60,dime,26866,f,y,n,y,n,feces,nega,,
1993,5plarrea,1,1,2,72,pmer,26867,m,y,n,y,n,feces,nega,,
1993,5plarrea,1,1,2,81,dime,26868,f,y,n,y,y,feces,nega,,
1993,5plarrea,1,1,2,81,dime,26868,f,y,n,y,y,si,ptdi,f,1
1993,5plarrea,1,1,2,92,disp,26869,f,y,n,y,y,feces,elio,,
1993,5plarrea,1,1,2,92,disp,26869,f,y,n,y,y,cc,hede,f,1
1993,5plarrea,1,1,2,94,dime,26870,m,y,n,y,n,feces,nega,,
1993,5plarrea,1,1,2,93,or,26871,f,y,n,y,n,feces,nega,,
1993,5plarrea,1,1,2,10,disp,26872,f,y,n,y,y,cc,hede,f,3
1993,5plarrea,1,1,2,10,disp,26872,f,y,n,y,y,feces,nega,,
1993,5plarrea,1,1,2,12,dime,26873,m,y,n,y,y,si,ptdi,f,1
1993,5plarrea,1,1,2,13,dime,26874,m,y,n,y,n,feces,echo,,
1993,5plarrea,1,1,4,7,or,26875,f,y,n,y,y,feces,nega,,
1993,5plarrea,1,1,4,7,or,26875,f,y,n,y,y,st,prsp,,
1993,5plarrea,1,1,4,21,dime,26876,f,y,n,y,y,feces,echo,,
1993,5plarrea,1,1,4,21,dime,26876,f,y,n,y,y,si,rare,,3
1993,5plarrea,1,1,4,29,dime,26877,m,y,n,y,y,feces,nega,,
1993,5plarrea,1,1,4,29,dime,26877,m,y,n,y,y,si,ptdi,f,1
1993,5plarrea,1,1,4,29,dime,26877,m,y,n,y,y,cc,trdi,f,1
1993,5plarrea,1,1,4,41,dime,26878,f,y,n,y,y,feces,nega,,
1993,5plarrea,1,1,4,41,dime,26878,f,y,n,y,y,si,rare,,3
1993,5plarrea,1,1,4,45,dime,26879,f,y,n,y,n,feces,nega,,
1993,5plarrea,1,1,4,57,remg,26880,m,y,n,y,y,feces,nega,,
1993,5plarrea,1,1,4,57,remg,26880,m,y,n,y,y,cc,oxsp,f,3
1993,5plarrea,1,1,4,57,remg,26880,m,y,n,y,y,cc,oxsp,m,5
1993,5plarrea,1,1,4,58,dime,26881,f,y,n,y,n,feces,nega,,
1993,5plarrea,1,1,4,63,dime,26882,f,y,n,y,y,feces,nega,,
1993,5plarrea,1,1,4,63,dime,26882,f,y,n,y,y,si,rare,,1
1993,5plarrea,1,1,4,95,disp,26883,f,y,n,y,y,si,hysp,,1
1993,5plarrea,1,1,4,95,disp,26883,f,y,n,y,y,feces,nega,,
1993,5plarrea,1,1,4,96,dime,26884,f,y,n,y,y,feces,nega,,
1993,5plarrea,1,1,4,96,dime,26884,f,y,n,y,y,si,rare,,9
1993,5plarrea,1,1,4,11,dime,26885,m,y,n,y,n,feces,nega,,
1993,5plarrea,1,1,4,11,dime,26886,m,y,n,y,y,feces,nega,,
1993,5plarrea,1,1,4,11,dime,26886,m,y,n,y,y,si,ptdi,f,1
1993,5plarrea,1,1,4,12,disp,26887,m,y,n,y,y,feces,nega,,
1993,5plarrea,1,1,4,12,disp,26887,m,y,n,y,y,cc,trsp,f,1
1993,5plarrea,1,2,2,71,or,26892,m,y,n,y,n,feces,nega,,
1993,5plarrea,1,2,2,57,pmer,26893,m,y,n,y,n,feces,elac,,
1993,5plarrea,1,2,2,59,or,26894,f,y,n,y,y,st,madi,,
1993,5plarrea,1,2,2,59,or,26894,f,y,n,y,y,feces,nega,,
1993,5plarrea,1,2,2,59,or,26894,f,y,n,y,y,st,phsp,,
1993,5plarrea,1,2,2,59,or,26894,f,y,n,y,y,st,prsp,,
1993,5plarrea,1,2,2,45,dime,26895,m,y,n,y,y,feces,nega,,
1993,5plarrea,1,2,2,45,dime,26895,m,y,n,y,y,si,ptdi,f,3
1993,5plarrea,1,2,2,45,dime,26895,m,y,n,y,y,st,ptdi,f,3
1993,5plarrea,1,2,2,47,dime,26896,f,y,n,y,n,feces,echo,,
1993,5plarrea,1,2,2,60,dime,26897,f,y,n,y,n,feces,nega,,
1993,5plarrea,1,2,2,72,dime,26898,m,y,y,y,y,feces,nega,,
1993,5plarrea,1,2,2,72,dime,26898,m,y,y,y,y,si,ptdi,f,19
1993,5plarrea,1,2,2,10,dime,26899,m,y,n,y,n,feces,echo,,
1993,5plarrea,1,2,4,11,disp,26900,f,y,n,y,n,feces,nega,,
1993,5plarrea,1,2,4,45,remg,26901,f,y,n,y,n,feces,nega,,
1993,5plarrea,1,2,4,12,dime,26902,f,y,n,y,y,feces,echo,,
1993,5plarrea,1,2,4,12,dime,26902,f,y,n,y,y,si,madp,,2
1993,5plarrea,1,2,4,14,dime,26903,m,y,n,y,n,feces,nega,,
1993,5plarrea,1,2,4,14,dime,26904,m,y,n,y,n,feces,nega,,
1993,5plarrea,1,3,4,22,or,26905,m,y,n,y,n,feces,nega,,
1993,5plarrea,1,3,4,33,dime,26906,m,y,n,y,y,cc,hede,f,2
1993,5plarrea,1,3,4,33,dime,26906,m,y,n,y,y,feces,nega,,
1993,5plarrea,1,3,4,33,dime,26906,m,y,n,y,y,si,rare,,1
1993,5plarrea,1,3,4,48,dime,26907,f,y,n,y,n,feces,nega,,
1993,5plarrea,1,3,4,83,nemi,26908,f,y,y,y,y,ecto,anno,,
1993,5plarrea,1,3,4,83,nemi,26908,f,y,y,y,y,cc,assp,f,1
1993,5plarrea,1,3,4,83,nemi,26908,f,y,y,y,y,feces,elad,,
1993,5plarrea,1,3,4,83,nemi,26908,f,y,y,y,y,ecto,orag,,
1993,5plarrea,1,3,2,77,dime,26909,f,y,n,y,n,feces,nega,,
1993,5plarrea,1,3,2,96,disp,26910,m,y,n,y,y,cc,hede,m,3
1993,5plarrea,1,3,2,96,disp,26910,m,y,n,y,y,cc,hede,f,11
1993,5plarrea,1,3,2,96,disp,26910,m,y,n,y,y,cc,madi,,1
1993,5plarrea,1,3,2,96,disp,26910,m,y,n,y,y,feces,nega,,
1993,5plarrea,1,3,2,10,or,26911,m,y,n,y,n,feces,espp,,
1993,5plarrea,1,3,2,11,disp,26912,m,y,n,y,y,si,hysp,,3
1993,5plarrea,1,3,2,11,disp,26912,m,y,n,y,y,feces,nega,,
1993,5plarrea,1,3,2,11,or,26913,m,y,n,y,y,feces,eony,,
1993,5plarrea,1,3,2,11,or,26913,m,y,n,y,y,si,mocl,,
1993,5plarrea,1,3,2,12,dime,26914,m,y,n,y,n,feces,nega,,
1993,5plarrea,1,3,2,12,dime,26915,m,y,n,y,n,feces,nega,,
1993,5plarrea,2,1,2,71,or,32706,m,y,n,y,y,si,cest,,
1993,5plarrea,2,1,2,71,or,32706,m,y,n,y,y,feces,nega,,
1993,5plarrea,2,1,2,71,or,32706,m,y,n,y,y,st,nema,,
1993,5plarrea,2,1,2,29,dime,32707,m,y,n,y,n,feces,echo,,
1993,5plarrea,2,1,2,68,disp,32708,m,y,n,y,y,si,hysp,,
1993,5plarrea,2,1,2,68,disp,32708,m,y,n,y,y,feces,nega,,
1993,5plarrea,2,1,2,69,dime,32709,f,y,n,y,y,feces,echo,,
1993,5plarrea,2,1,2,69,dime,32709,f,y,n,y,y,si,ptdi,f,3
1993,5plarrea,2,1,2,95,pgfv,32710,m,y,n,y,n,feces,nega,,
1993,5plarrea,2,1,2,11,disp,32711,f,y,n,y,y,si,hysp,,1
1993,5plarrea,2,1,2,11,disp,32711,f,y,n,y,y,feces,nega,,
1993,5plarrea,2,1,2,12,dime,32712,f,y,n,y,y,feces,echi,,
1993,5plarrea,2,1,2,12,dime,32712,f,y,n,y,y,feces,echo,,
1993,5plarrea,2,1,2,12,dime,32712,f,y,n,y,y,st,madi,m,1
1993,5plarrea,2,1,2,12,dime,32712,f,y,n,y,y,st,madi,f,1
1993,5plarrea,2,1,2,12,dime,32712,f,y,n,y,y,st,madi,l,18
1993,5plarrea,2,1,2,12,dime,32712,f,y,n,y,y,cc,madi,f,2
1993,5plarrea,2,1,2,14,disp,32713,f,y,n,y,y,feces,nega,,
1993,5plarrea,2,1,2,14,disp,32713,f,y,n,y,y,si,unce,,1
1993,5plarrea,2,1,4,9,dime,32714,m,y,n,y,y,feces,echi,,
1993,5plarrea,2,1,4,9,dime,32714,m,y,n,y,y,feces,echo,,
1993,5plarrea,2,1,4,9,dime,32714,m,y,n,y,y,st,madi,f,3
1993,5plarrea,2,1,4,21,dime,32715,m,y,n,y,y,feces,echo,,
1993,5plarrea,2,1,4,21,dime,32715,m,y,n,y,y,st,madi,m,1
1993,5plarrea,2,1,4,21,dime,32715,m,y,n,y,y,st,madi,f,1
1993,5plarrea,2,1,4,21,dime,32715,m,y,n,y,y,st,madi,l,1
1993,5plarrea,2,1,4,21,dime,32715,m,y,n,y,y,si,madi,f,2
1993,5plarrea,2,1,4,21,dime,32715,m,y,n,y,y,cc,trsp,f,2
1993,5plarrea,2,1,4,24,dime,32716,m,y,n,y,n,feces,echo,,
1993,5plarrea,2,1,4,36,dime,32717,m,y,n,y,n,feces,echo,,
1993,5plarrea,2,1,4,46,disp,32718,m,y,n,y,y,si,hede,m,3
1993,5plarrea,2,1,4,46,disp,32718,m,y,n,y,y,si,hede,f,6
1993,5plarrea,2,1,4,46,disp,32718,m,y,n,y,y,cc,hede,f,35
1993,5plarrea,2,1,4,46,disp,32718,m,y,n,y,y,feces,nega,,
1993,5plarrea,2,1,4,56,neal,32719,f,y,y,y,n,feces,echo,,
1993,5plarrea,2,1,4,56,neal,32719,f,y,y,y,n,ecto,flea,,
1993,5plarrea,2,1,4,60,dime,32720,m,y,n,y,y,feces,echo,,
1993,5plarrea,2,1,4,60,dime,32720,m,y,n,y,y,st,madi,l,11
1993,5plarrea,2,1,4,60,dime,32720,m,y,n,y,y,st,madi,f,13
1993,5plarrea,2,1,4,60,dime,32720,m,y,n,y,y,si,ptdi,f,5
1993,5plarrea,2,1,4,10,dime,32721,f,y,n,y,y,feces,echo,,
1993,5plarrea,2,1,4,10,dime,32721,f,y,n,y,y,st,phma,f,1
1993,5plarrea,2,2,2,32,neal,32722,m,y,n,y,n,feces,nega,,
1993,5plarrea,2,2,2,68,dime,32723,m,y,n,y,y,feces,echo,,
1993,5plarrea,2,2,2,68,dime,32723,m,y,n,y,y,si,ptdi,f,5
1993,5plarrea,2,2,2,13,dime,32724,f,y,n,y,y,feces,echo,,
1993,5plarrea,2,2,2,13,dime,32724,f,y,n,y,y,st,madi,l,1
1993,5plarrea,2,2,2,13,dime,32724,f,y,n,y,y,si,ptdi,f,5
1993,5plarrea,2,2,4,42,dime,32725,f,y,n,y,y,feces,echo,,
1993,5plarrea,2,2,4,42,dime,32725,f,y,n,y,y,st,madi,m,2
1993,5plarrea,2,2,4,42,dime,32725,f,y,n,y,y,st,madi,f,4
1993,5plarrea,2,2,4,64,dime,32726,f,y,n,y,y,feces,echo,,
1993,5plarrea,2,2,4,64,dime,32726,f,y,n,y,y,st,madi,l,3
1993,5plarrea,2,2,4,64,dime,32726,f,y,n,y,y,st,madi,f,3
1993,5plarrea,2,2,4,64,dime,32726,f,y,n,y,y,si,ptdi,f,3
1993,5plarrea,2,2,4,84,pgfv,32727,m,y,n,y,n,feces,nega,,
1993,5plarrea,2,2,4,99,dime,32728,m,y,n,y,y,feces,echo,,
1993,5plarrea,2,2,4,99,dime,32728,m,y,n,y,y,cc,hede,f,1
1993,5plarrea,2,2,4,12,disp,32729,f,y,n,y,n,feces,nega,,
1993,5plarrea,2,2,4,13,dime,32730,f,y,n,y,y,feces,echo,,
1993,5plarrea,2,2,4,13,dime,32730,f,y,n,y,y,st,madi,l,1
1993,5plarrea,2,2,4,13,dime,32730,f,y,n,y,y,st,madi,f,2
1993,5plarrea,2,2,4,13,dime,32730,f,y,n,y,y,cc,trsp,m,2
1993,5plarrea,2,2,4,13,dime,32730,f,y,n,y,y,cc,trsp,f,1
1993,5plarrea,2,3,4,11,or,32733,m,y,n,y,n,feces,nega,,
1993,5plarrea,2,3,4,31,pmtr,32734,m,y,n,y,y,feces,nega,,
1993,5plarrea,2,3,4,31,pmtr,32734,m,y,n,y,y,cc,oxsp,m,1
1993,5plarrea,2,3,4,48,disp,32735,f,y,n,y,y,cc,hede,,
1993,5plarrea,2,3,4,48,disp,32735,f,y,n,y,y,feces,nega,,
1993,5plarrea,2,3,4,83,dime,32736,f,y,n,y,y,feces,echi,,
1993,5plarrea,2,3,4,83,dime,32736,f,y,n,y,y,feces,echo,,
1993,5plarrea,2,3,4,83,dime,32736,f,y,n,y,y,st,madi,l,16
1993,5plarrea,2,3,4,83,dime,32736,f,y,n,y,y,st,madi,f,21
1993,5plarrea,2,3,4,83,dime,32736,f,y,n,y,y,si,ptdi,f,6
1993,5plarrea,2,3,4,12,nemi,32737,f,y,y,y,y,ecto,flea,,
1993,5plarrea,2,3,4,12,nemi,32737,f,y,y,y,y,st,madi,l,1
1993,5plarrea,2,3,4,12,nemi,32737,f,y,y,y,y,feces,nega,,
1993,5plarrea,2,2,4,130,dime,32738,m,y,n,y,y,feces,echo,,
1993,5plarrea,2,2,4,130,dime,32738,m,y,n,y,y,si,ptdi,f,5
1993,5plarrea,2,2,4,130,dime,32738,m,y,n,y,y,cc,trdi,f,3
1993,5plarrea,2,2,4,7,dime,32739,f,y,n,y,y,feces,echo,,
1993,5plarrea,2,2,4,7,dime,32739,f,y,n,y,y,si,ptdi,f,6
1993,5plarrea,2,3,2,15,neal,32740,m,y,n,y,n,feces,nega,,
1993,5plarrea,2,3,2,71,dime,32741,m,y,n,y,y,feces,echo,,
1993,5plarrea,2,3,2,71,dime,32741,m,y,n,y,y,st,madi,l,12
1993,5plarrea,2,3,2,79,pmer,32742,m,y,y,y,n,ecto,mite,,
1993,5plarrea,2,3,2,79,pmer,32742,m,y,y,y,n,feces,nega,,
1994,5plarrea,1,1,2,29,dime,31546,f,y,n,y,y,feces,nega,,
1994,5plarrea,1,1,2,29,dime,31546,f,y,n,y,y,si,ptdi,f,4
1994,5plarrea,1,1,2,57,dime,31547,f,y,n,y,n,feces,nega,,
1994,5plarrea,1,1,2,59,pgfv,31548,m,y,n,y,n,feces,nega,,
1994,5plarrea,1,1,2,65,dime,31549,m,y,n,y,y,st,madi,,1
1994,5plarrea,1,1,2,65,dime,31549,m,y,n,y,y,feces,nega,,
1994,5plarrea,1,1,2,65,dime,31549,m,y,n,y,y,si,ptdi,f,16
1994,5plarrea,1,1,2,65,dime,31549,m,y,n,y,y,si,rasp,,1
1994,5plarrea,1,1,2,83,disp,31550,f,y,n,y,y,cc,hede,f,3
1994,5plarrea,1,1,2,83,disp,31550,f,y,n,y,y,feces,nega,,
1994,5plarrea,1,1,2,83,disp,31550,f,y,n,y,y,si,unce,,2
1994,5plarrea,1,1,2,93,dime,31551,f,y,n,y,y,feces,echo,,
1994,5plarrea,1,1,2,93,dime,31551,f,y,n,y,y,st,madi,f,1
1994,5plarrea,1,1,2,93,dime,31551,f,y,n,y,y,si,madi,f,11
1994,5plarrea,1,1,2,93,dime,31551,f,y,n,y,y,si,rasp,,2
1994,5plarrea,1,1,2,100,disp,31552,m,y,n,y,y,cc,hede,f,2
1994,5plarrea,1,1,2,100,disp,31552,m,y,n,y,y,cc,hede,m,1
1994,5plarrea,1,1,2,100,disp,31552,m,y,n,y,y,feces,nega,,
1994,5plarrea,1,1,2,106,dime,31553,m,y,n,y,y,feces,nega,,
1994,5plarrea,1,1,2,106,dime,31553,m,y,n,y,y,si,ptdi,f,4
1994,5plarrea,1,1,2,132,dime,31554,f,y,n,y,y,feces,echo,,
1994,5plarrea,1,1,2,132,dime,31554,f,y,n,y,y,si,ptdi,f,2
1994,5plarrea,1,1,2,132,dime,31554,f,y,n,y,y,cc,trsp,m,2
1994,5plarrea,1,1,2,141,dime,31555,m,y,n,y,y,st,madi,f,6
1994,5plarrea,1,1,2,141,dime,31555,m,y,n,y,y,feces,nega,,
1994,5plarrea,1,1,4,22,dime,31556,f,y,n,y,y,feces,echo,,
1994,5plarrea,1,1,4,22,dime,31556,f,y,n,y,y,st,madi,f,1
1994,5plarrea,1,1,4,22,dime,31556,f,y,n,y,y,cc,ptdi,f,2
1994,5plarrea,1,1,4,22,dime,31556,f,y,n,y,y,cc,trsp,f,1
1994,5plarrea,1,1,4,27,pgfv,31557,m,y,n,y,n,feces,nega,,
1994,5plarrea,1,1,4,48,dime,31558,f,y,n,y,y,feces,echo,,
1994,5plarrea,1,1,4,48,dime,31558,f,y,n,y,y,si,ptdi,f,6
1994,5plarrea,1,1,4,66,dime,31559,f,y,n,y,y,feces,echo,,
1994,5plarrea,1,1,4,66,dime,31559,f,y,n,y,y,st,madi,f,32
1994,5plarrea,1,1,4,66,dime,31559,f,y,n,y,y,st,madi,l,2
1994,5plarrea,1,1,4,66,dime,31559,f,y,n,y,y,si,ptdi,f,5
1994,5plarrea,1,1,4,67,dime,31560,f,y,n,y,y,feces,echo,,
1994,5plarrea,1,1,4,67,dime,31560,f,y,n,y,y,si,ptdi,f,4
1994,5plarrea,1,1,4,67,dime,31560,f,y,n,y,y,st,unne,,1
1994,5plarrea,1,1,4,78,dime,31561,m,y,n,y,n,feces,nega,,
1994,5plarrea,1,1,4,94,disp,31562,m,y,n,y,y,feces,esch,,
1994,5plarrea,1,1,4,94,disp,31562,m,y,n,y,y,cc,hede,f,10
1994,5plarrea,1,1,4,94,disp,31562,m,y,n,y,y,si,rasp,,1
1994,5plarrea,1,1,4,102,dime,31563,m,y,n,y,y,feces,nega,,
1994,5plarrea,1,1,4,102,dime,31563,m,y,n,y,y,si,ptdi,f,6
1994,5plarrea,1,1,4,108,dime,31564,m,y,n,y,y,feces,nega,,
1994,5plarrea,1,1,4,108,dime,31564,m,y,n,y,y,si,ptdi,f,17
1994,5plarrea,1,1,4,116,disp,31565,f,y,n,y,y,feces,nega,,
1994,5plarrea,1,1,4,116,disp,31565,f,y,n,y,y,cc,trsp,m,1
1994,5plarrea,1,1,4,116,disp,31565,f,y,n,y,y,cc,trsp,f,1
1994,5plarrea,1,1,4,13,dime,31566,m,y,n,y,y,feces,echo,,
1994,5plarrea,1,1,4,132,dime,31566,m,y,n,y,y,st,nema,,1
1994,5plarrea,1,1,4,13,dime,31566,m,y,n,y,y,cc,nema,,9
1994,5plarrea,1,1,4,132,dime,31566,m,y,n,y,y,si,oode,,10
1994,5plarrea,1,1,4,13,dime,31566,m,y,n,y,y,cc,ptdi,f,1
1994,5plarrea,1,1,4,13,dime,31566,m,y,n,y,y,si,trsp,f,1
1994,5plarrea,1,1,4,13,dime,31566,m,y,n,y,y,si,trsp,m,1
1994,5plarrea,1,2,2,19,dime,31567,f,y,n,y,n,feces,echo,,
1994,5plarrea,1,2,2,42,disp,31568,f,y,n,y,y,si,hede,f,2
1994,5plarrea,1,2,2,42,disp,31568,f,y,n,y,y,cc,hede,m,2
1994,5plarrea,1,2,2,42,disp,31568,f,y,n,y,y,cc,hede,f,37
1994,5plarrea,1,2,2,42,disp,31568,f,y,n,y,y,feces,nega,,
1994,5plarrea,1,2,2,82,dime,31569,m,y,n,y,y,feces,nega,,
1994,5plarrea,1,2,2,82,dime,31569,m,y,n,y,y,si,ptdi,f,1
1994,5plarrea,1,2,2,94,disp,31570,m,y,y,y,y,ecto,fapi,,
1994,5plarrea,1,2,2,94,disp,31570,m,y,y,y,y,cc,hede,f,24
1994,5plarrea,1,2,2,94,disp,31570,m,y,y,y,y,cc,hede,m,2
1994,5plarrea,1,2,2,94,disp,31570,m,y,y,y,y,feces,nega,,
1994,5plarrea,1,2,2,94,disp,31570,m,y,y,y,y,si,rasp,,1
1994,5plarrea,1,2,2,11,dime,31571,m,y,n,y,y,cc,hede,,1
1994,5plarrea,1,2,2,11,dime,31571,m,y,n,y,y,feces,nega,,
1994,5plarrea,1,2,2,11,dime,31571,m,y,n,y,y,si,ptdi,f,7
1994,5plarrea,1,2,4,22,dime,31572,m,y,y,y,y,ecto,mite,,
1994,5plarrea,1,2,4,22,dime,31572,m,y,y,y,y,feces,nega,,
1994,5plarrea,1,2,4,22,dime,31572,m,y,y,y,y,si,ptdi,f,3
1994,5plarrea,1,2,4,24,dime,31573,m,y,n,y,n,feces,nega,,
1994,5plarrea,1,2,4,36,disp,31574,f,y,n,y,y,feces,esch,,
1994,5plarrea,1,2,4,36,disp,31574,f,y,n,y,y,cc,hede,m,9
1994,5plarrea,1,2,4,36,disp,31574,f,y,n,y,y,cc,hede,f,22
1994,5plarrea,1,2,4,84,disp,31575,m,y,n,y,y,feces,ebal,,
1994,5plarrea,1,2,4,84,disp,31575,m,y,n,y,y,cc,hede,f,2
1994,5plarrea,1,2,4,84,disp,31575,m,y,n,y,y,si,hysp,,5
1994,5plarrea,1,2,4,94,dime,31576,m,y,n,y,y,feces,echo,,
1994,5plarrea,1,2,4,94,dime,31576,m,y,n,y,y,si,ptdi,f,7
1994,5plarrea,1,2,4,94,dime,31576,m,y,n,y,y,cc,trsp,f,5
1994,5plarrea,1,2,4,94,dime,31576,m,y,n,y,y,cc,trsp,m,4
1994,5plarrea,1,2,4,14,dime,31577,f,y,n,y,y,feces,echo,,
1994,5plarrea,1,2,4,14,dime,31577,f,y,n,y,y,st,hede,f,7
1994,5plarrea,1,2,4,14,dime,31577,f,y,n,y,y,st,madi,m,2
1994,5plarrea,1,2,4,14,dime,31577,f,y,n,y,y,si,oode,,5
1994,5plarrea,1,2,1,22,dime,31578,m,y,y,y,n,ecto,mite,,
1994,5plarrea,1,3,2,12,disp,31579,m,y,y,y,y,ecto,fapi,,
1994,5plarrea,1,3,2,12,disp,31579,m,y,y,y,y,cc,hede,m,1
1994,5plarrea,1,3,2,12,disp,31579,m,y,y,y,y,cc,hede,f,6
1994,5plarrea,1,3,2,12,disp,31579,m,y,y,y,y,ecto,mite,,
1994,5plarrea,1,3,2,12,disp,31579,m,y,y,y,y,feces,nega,,
1994,5plarrea,1,3,2,30,pgfv,31580,f,y,n,y,n,feces,nega,,
1994,5plarrea,1,3,2,47,disp,31581,m,y,y,y,y,feces,ebal,,
1994,5plarrea,1,3,2,47,disp,31581,m,y,y,y,y,si,hede,m,1
1994,5plarrea,1,3,2,47,disp,31581,m,y,y,y,y,si,hede,f,1
1994,5plarrea,1,3,2,47,disp,31581,m,y,y,y,y,cc,hede,f,3
1994,5plarrea,1,3,2,47,disp,31581,m,y,y,y,y,ecto,mite,,
1994,5plarrea,1,3,2,48,dime,31582,f,y,n,y,y,feces,echo,,
1994,5plarrea,1,3,2,48,dime,31582,f,y,n,y,y,st,madi,l,6
1994,5plarrea,1,3,2,48,dime,31582,f,y,n,y,y,si,ptdi,f,10
1994,5plarrea,1,3,2,12,disp,31583,f,y,y,y,n,ecto,mite,,
1994,5plarrea,1,3,2,12,disp,31583,f,y,y,y,n,feces,nega,,
1994,5plarrea,1,3,2,13,dime,31584,f,y,n,y,n,feces,nega,,
1994,5plarrea,1,3,4,12,dime,31585,m,y,y,y,y,st,madi,l,3
1994,5plarrea,1,3,4,12,dime,31585,m,y,y,y,y,ecto,mite,,
1994,5plarrea,1,3,4,12,dime,31585,m,y,y,y,y,feces,nega,,
1994,5plarrea,1,3,4,12,dime,31585,m,y,y,y,y,si,ptdi,f,1
1994,5plarrea,3,1,2,12,disp,31859,m,y,y,y,n,ecto,mear,,
1994,5plarrea,3,1,2,12,disp,31859,m,y,y,y,n,feces,,,
1994,5plarrea,3,1,2,12,disp,31860,f,y,y,y,y,ecto,mear,,
1994,5plarrea,3,1,2,12,disp,31860,f,y,y,y,y,feces,nega,,
1994,5plarrea,3,1,2,12,disp,31860,f,y,y,y,y,cc,trsp,,2
1994,5plarrea,3,1,2,12,disp,31860,f,y,y,y,y,si,unce,,4
1994,5plarrea,3,1,2,94,dime,31861,m,y,n,y,n,feces,nega,,
1994,5plarrea,3,1,2,82,dime,31862,m,y,n,y,y,feces,echo,,
1994,5plarrea,3,1,2,82,dime,31862,m,y,n,y,y,st,madi,m,1
1994,5plarrea,3,1,2,82,dime,31862,m,y,n,y,y,st,madi,f,1
1994,5plarrea,3,1,2,82,dime,31862,m,y,n,y,y,si,ptdi,,9
1994,5plarrea,3,1,2,10,dime,31863,m,y,n,y,y,st,madi,f,2
1994,5plarrea,3,1,2,10,dime,31863,m,y,n,y,y,feces,nega,,
1994,5plarrea,3,1,2,10,dime,31863,m,y,n,y,y,si,ptdi,f,2
1994,5plarrea,3,1,2,10,dime,31864,m,y,y,y,y,feces,echo,,
1994,5plarrea,3,1,2,10,dime,31864,m,y,y,y,y,st,madi,f,4
1994,5plarrea,3,1,2,10,dime,31864,m,y,y,y,y,st,madi,m,2
1994,5plarrea,3,1,2,10,dime,31864,m,y,y,y,y,cc,ptdi,f,3
1994,5plarrea,3,1,2,10,dime,31864,m,y,y,y,y,ecto,tick,,
1994,5plarrea,3,1,2,40,pgfv,31865,m,y,n,y,n,feces,,,
1994,5plarrea,3,1,2,48,dime,31866,m,y,n,y,n,feces,nega,,
1994,5plarrea,3,1,2,58,dime,31867,f,y,n,y,n,feces,nega,,
1994,5plarrea,3,1,2,,dime,31868,m,y,n,y,y,st,madi,m,2
1994,5plarrea,3,1,2,,dime,31868,m,y,n,y,y,feces,nega,,
1994,5plarrea,3,1,2,,dime,31868,m,y,n,y,y,si,ptdi,f,7
1994,5plarrea,3,1,4,7,dime,31869,m,y,n,y,y,st,madi,f,1
1994,5plarrea,3,1,4,7,dime,31869,m,y,n,y,y,feces,nega,,
1994,5plarrea,3,1,4,10,pmer,31870,m,y,n,y,n,feces,elan,,
1994,5plarrea,3,1,4,56,disp,31871,f,y,y,y,y,cc,hede,f,1
1994,5plarrea,3,1,4,56,disp,31871,f,y,y,y,y,si,hysp,,2
1994,5plarrea,3,1,4,56,disp,31871,f,y,y,y,y,ecto,mear,,
1994,5plarrea,3,1,4,56,disp,31871,f,y,y,y,y,cc,unce,,
1994,5plarrea,3,1,4,72,dime,31872,m,y,n,y,y,st,madi,f,8
1994,5plarrea,3,1,4,72,dime,31872,m,y,n,y,y,feces,nega,,
1994,5plarrea,3,1,4,78,dime,31873,m,y,n,y,y,st,madi,f,3
1994,5plarrea,3,1,4,78,dime,31873,m,y,n,y,y,feces,nega,,
1994,5plarrea,3,1,4,104,dime,31874,m,y,y,y,y,ecto,mear,,
1994,5plarrea,3,1,4,104,dime,31874,m,y,y,y,y,feces,nega,,
1994,5plarrea,3,1,4,104,dime,31874,m,y,y,y,y,si,ptdi,f,2
1994,5plarrea,3,1,4,119,dime,31875,m,y,y,y,n,ecto,mear,,
1994,5plarrea,3,1,4,119,dime,31875,m,y,y,y,n,feces,nega,,
1994,5plarrea,3,1,4,137,disp,31876,f,y,y,y,y,cc,hede,f,1
1994,5plarrea,3,1,4,137,disp,31876,f,y,y,y,y,ecto,mear,,
1994,5plarrea,3,2,2,58,dime,31878,m,y,y,y,y,feces,echo,,
1994,5plarrea,3,2,2,58,dime,31878,m,y,y,y,y,st,madi,f,2
1994,5plarrea,3,2,2,58,dime,31878,m,y,y,y,y,st,madi,m,1
1994,5plarrea,3,2,2,58,dime,31878,m,y,y,y,y,ecto,orid,,
1994,5plarrea,3,2,2,54,dime,31879,m,y,n,y,y,st,madi,f,1
1994,5plarrea,3,2,2,54,dime,31879,m,y,n,y,y,feces,nega,,
1994,5plarrea,3,2,2,54,dime,31879,m,y,n,y,y,si,ptdi,f,3
1994,5plarrea,3,2,2,96,dime,31880,m,y,n,y,y,si,hysp,,1
1994,5plarrea,3,2,2,96,dime,31880,m,y,n,y,y,feces,nega,,
1994,5plarrea,3,2,4,72,dime,31881,f,y,n,y,y,feces,echo,,
1994,5plarrea,3,2,4,72,dime,31881,f,y,n,y,y,st,madi,f,4
1994,5plarrea,3,2,4,72,dime,31881,f,y,n,y,y,st,madi,m,1
1994,5plarrea,3,2,4,72,dime,31881,f,y,n,y,y,si,ptdi,f,3
1994,5plarrea,3,2,4,10,disp,31882,m,y,y,y,y,cc,hede,f,2
1994,5plarrea,3,2,4,10,disp,31882,m,y,y,y,y,ecto,mear,,
1994,5plarrea,3,2,4,10,disp,31882,m,y,y,y,y,feces,nega,,
1994,5plarrea,3,2,4,11,dime,31883,m,y,n,y,y,feces,echo,,
1994,5plarrea,3,2,4,11,dime,31883,m,y,n,y,y,st,madi,,4
1994,5plarrea,3,2,4,11,dime,31883,m,y,n,y,y,si,ptdi,f,14
1994,5plarrea,3,3,4,30,pgfv,31887,m,y,n,y,n,feces,nega,,
1994,5plarrea,3,3,2,36,disp,31888,m,y,n,y,y,si,hede,m,2
1994,5plarrea,3,3,2,36,disp,31888,m,y,n,y,y,cc,hede,m,3
1994,5plarrea,3,3,2,36,disp,31888,m,y,n,y,y,cc,hede,f,6
1994,5plarrea,3,3,2,36,disp,31888,m,y,n,y,y,si,hysp,,1
1994,5plarrea,3,3,2,36,disp,31888,m,y,n,y,y,feces,,,
1994,5plarrea,3,3,2,47,dime,31889,m,y,y,y,y,st,madi,f,4
1994,5plarrea,3,3,2,47,dime,31889,m,y,y,y,y,feces,nega,,
1994,5plarrea,3,3,2,69,dime,31890,m,y,n,y,y,feces,echo,,
1994,5plarrea,3,3,2,69,dime,31890,m,y,n,y,y,st,madi,m,1
1994,5plarrea,3,3,2,69,dime,31890,m,y,n,y,y,st,madi,f,1
1994,5plarrea,3,3,2,82,dime,31891,f,y,y,y,n,ecto,mear,,
1994,5plarrea,3,3,2,82,dime,31891,f,y,y,y,n,feces,nega,,
1995,5plarrea,3,1,2,7,dime,33784,m,y,y,y,y,ecto,mite,,
1995,5plarrea,3,1,2,7,dime,33784,m,y,y,y,y,feces,nega,,
1995,5plarrea,3,1,2,7,dime,33784,m,y,y,y,y,si,ptdi,f,5
1995,5plarrea,3,1,2,12,disp,33785,m,y,y,y,n,feces,nega,,
1995,5plarrea,3,1,2,12,disp,33785,m,y,y,y,n,ecto,tick,,
1995,5plarrea,3,1,2,17,pgfv,33786,f,y,n,y,n,feces,nega,,
1995,5plarrea,3,1,2,23,dime,33787,m,y,n,y,n,feces,nega,,
1995,5plarrea,3,1,2,31,dime,33788,m,y,y,y,y,feces,edip,,
1995,5plarrea,3,1,2,31,dime,33788,m,y,y,y,y,cc,hede,f,4
1995,5plarrea,3,1,2,31,dime,33788,m,y,y,y,y,ecto,tick,,
1995,5plarrea,3,1,2,32,dime,33789,m,y,y,y,y,st,madi,f,3
1995,5plarrea,3,1,2,32,dime,33789,m,y,y,y,y,feces,nega,,
1995,5plarrea,3,1,2,32,dime,33789,m,y,y,y,y,ecto,tick,,7
1995,5plarrea,3,1,2,32,dime,33789,m,y,y,y,y,cc,unne,,5
1995,5plarrea,3,1,2,44,dime,33790,m,y,y,y,y,cc,hede,f,3
1995,5plarrea,3,1,2,44,dime,33790,m,y,y,y,y,cc,hede,m,1
1995,5plarrea,3,1,2,44,dime,33790,m,y,y,y,y,feces,nega,,
1995,5plarrea,3,1,2,44,dime,33790,m,y,y,y,y,ecto,tick,,11
1995,5plarrea,3,1,2,44,dime,33790,m,y,y,y,y,cc,trsp,,
1995,5plarrea,3,1,2,48,disp,33791,m,y,y,y,y,ecto,mite,,
1995,5plarrea,3,1,2,48,disp,33791,m,y,y,y,y,feces,nega,,
1995,5plarrea,3,1,2,48,disp,33791,m,y,y,y,y,ecto,tick,,12
1995,5plarrea,3,1,2,48,disp,33791,m,y,y,y,y,si,unce,,1
1995,5plarrea,3,1,2,54,dime,33792,m,y,y,y,y,st,madi,m,1
1995,5plarrea,3,1,2,54,dime,33792,m,y,y,y,y,st,madi,l,1
1995,5plarrea,3,1,2,54,dime,33792,m,y,y,y,y,st,madi,f,3
1995,5plarrea,3,1,2,54,dime,33792,m,y,y,y,y,feces,nega,,
1995,5plarrea,3,1,2,54,dime,33792,m,y,y,y,y,si,ptdi,f,2
1995,5plarrea,3,1,2,54,dime,33792,m,y,y,y,y,ecto,tick,,10
1995,5plarrea,3,1,2,59,dime,33793,m,y,y,y,n,feces,echo,,
1995,5plarrea,3,1,2,59,dime,33793,m,y,y,y,n,ecto,tick,,3
1995,5plarrea,3,1,2,60,dime,33794,m,y,y,y,y,ecto,mite,,
1995,5plarrea,3,1,2,60,dime,33794,m,y,y,y,y,feces,nega,,
1995,5plarrea,3,1,2,60,dime,33794,m,y,y,y,y,st,ptdi,f,7
1995,5plarrea,3,1,2,60,dime,33794,m,y,y,y,y,si,ptdi,f,1
1995,5plarrea,3,1,2,68,dime,33795,f,y,y,y,y,feces,echo,,
1995,5plarrea,3,1,2,68,dime,33795,f,y,y,y,y,si,madi,l,1
1995,5plarrea,3,1,2,68,dime,33795,f,y,y,y,y,ecto,mite,,
1995,5plarrea,3,1,2,68,dime,33795,f,y,y,y,y,si,ptdi,f,4
1995,5plarrea,3,1,2,68,dime,33795,f,y,y,y,y,ecto,tick,,
1995,5plarrea,3,1,2,70,dime,33796,m,y,y,y,y,ecto,mite,,
1995,5plarrea,3,1,2,70,dime,33796,m,y,y,y,y,feces,nega,,
1995,5plarrea,3,1,2,70,dime,33796,m,y,y,y,y,si,ptdi,f,6
1995,5plarrea,3,1,2,70,dime,33796,m,y,y,y,y,cc,trsp,f,1
1995,5plarrea,3,1,2,70,dime,33796,m,y,y,y,y,st,unne,l,1
1995,5plarrea,3,1,2,71,pgfv,33797,m,y,n,y,n,feces,nega,,
1995,5plarrea,3,1,2,81,dime,33798,f,y,y,y,y,ecto,mite,,
1995,5plarrea,3,1,2,81,dime,33798,f,y,y,y,y,feces,nega,,
1995,5plarrea,3,1,2,81,dime,33798,f,y,y,y,y,si,ptdi,f,4
1995,5plarrea,3,1,2,82,disp,33799,f,y,y,y,y,cc,hede,f,4
1995,5plarrea,3,1,2,82,disp,33799,f,y,y,y,y,ecto,mite,,
1995,5plarrea,3,1,2,82,disp,33799,f,y,y,y,y,feces,nega,,
1995,5plarrea,3,1,2,91,pgfv,33800,m,y,y,y,n,ecto,flea,,1
1995,5plarrea,3,1,2,91,pgfv,33800,m,y,y,y,n,ecto,mite,,1
1995,5plarrea,3,1,2,91,pgfv,33800,m,y,y,y,n,feces,nega,,
1995,5plarrea,3,1,2,94,dime,33801,f,y,y,y,n,ecto,mite,,
1995,5plarrea,3,1,2,94,dime,33801,f,y,y,y,n,feces,nega,,
1995,5plarrea,3,1,2,94,dime,33801,f,y,y,y,n,ecto,tick,,
1995,5plarrea,3,1,2,10,dime,33802,m,y,y,y,y,st,hede,f,2
1995,5plarrea,3,1,2,10,dime,33802,m,y,y,y,y,st,hede,m,1
1995,5plarrea,3,1,2,10,dime,33802,m,y,y,y,y,feces,nega,,
1995,5plarrea,3,1,2,10,dime,33802,m,y,y,y,y,st,ptdi,f,3
1995,5plarrea,3,1,2,10,dime,33802,m,y,y,y,y,ecto,tick,,7
1995,5plarrea,3,1,2,10,disp,33803,f,y,y,y,y,si,casp,,1
1995,5plarrea,3,1,2,10,disp,33803,f,y,y,y,y,ecto,flea,,
1995,5plarrea,3,1,2,10,disp,33803,f,y,y,y,y,ecto,mite,,1
1995,5plarrea,3,1,2,10,disp,33803,f,y,y,y,y,feces,nega,,
1995,5plarrea,3,1,2,10,disp,33803,f,y,y,y,y,ecto,tick,,3
1995,5plarrea,3,1,2,11,dime,33804,m,y,y,y,y,feces,echo,,
1995,5plarrea,3,1,2,11,dime,33804,m,y,y,y,y,st,madi,f,4
1995,5plarrea,3,1,2,11,dime,33804,m,y,y,y,y,st,madi,m,1
1995,5plarrea,3,1,2,11,dime,33804,m,y,y,y,y,ecto,mite,,
1995,5plarrea,3,1,2,11,dime,33804,m,y,y,y,y,si,ptdi,f,3
1995,5plarrea,3,1,2,11,dime,33805,f,y,y,y,y,st,madi,f,1
1995,5plarrea,3,1,2,11,dime,33805,f,y,y,y,y,feces,nega,,
1995,5plarrea,3,1,2,11,dime,33805,f,y,y,y,y,si,ptdi,f,2
1995,5plarrea,3,1,2,11,dime,33805,f,y,y,y,y,ecto,tick,,8
1995,5plarrea,3,1,2,12,dime,33806,m,y,y,y,y,feces,echo,,
1995,5plarrea,3,1,2,12,dime,33806,m,y,y,y,y,cc,madi,f,1
1995,5plarrea,3,1,2,12,dime,33806,m,y,y,y,y,ecto,tick,,5
1995,5plarrea,3,1,2,12,dime,33807,f,y,y,y,n,feces,nega,,
1995,5plarrea,3,1,2,12,dime,33807,f,y,y,y,n,ecto,tick,,3
1995,5plarrea,3,1,2,14,pgfv,33808,f,y,n,y,n,feces,nega,,
1995,5plarrea,3,1,2,14,dime,33809,m,y,y,y,y,feces,echo,,
1995,5plarrea,3,1,2,14,dime,33809,m,y,y,y,y,st,hede,f,3
1995,5plarrea,3,1,2,14,dime,33809,m,y,y,y,y,ecto,tick,,15
1995,5plarrea,3,1,4,9,dime,33810,m,y,y,y,n,feces,nega,,
1995,5plarrea,3,1,4,9,dime,33810,m,y,y,y,n,ecto,tick,,1
1995,5plarrea,3,1,4,7,dime,33811,m,y,n,y,y,feces,echo,,
1995,5plarrea,3,1,4,7,dime,33811,m,y,n,y,y,st,hede,f,1
1995,5plarrea,3,1,4,21,dime,33812,m,y,y,y,y,feces,echo,,
1995,5plarrea,3,1,4,21,dime,33812,m,y,y,y,y,ecto,tick,,3
1995,5plarrea,3,1,4,21,dime,33812,m,y,y,y,y,cc,trsp,f,1
1995,5plarrea,3,1,4,21,dime,33812,m,y,y,y,y,si,unce,,1
1995,5plarrea,3,1,4,22,dime,33813,m,y,n,y,y,st,madi,f,1
1995,5plarrea,3,1,4,22,dime,33813,m,y,n,y,y,feces,nega,,
1995,5plarrea,3,1,4,22,dime,33813,m,y,n,y,y,si,ptdi,f,1
1995,5plarrea,3,1,4,23,dime,33814,m,y,n,y,y,st,madi,m,1
1995,5plarrea,3,1,4,23,dime,33814,m,y,n,y,y,feces,nega,,
1995,5plarrea,3,1,4,23,dime,33814,m,y,n,y,y,si,ptdi,f,1
1995,5plarrea,3,1,4,30,disp,33815,m,y,y,y,y,cc,hede,f,17
1995,5plarrea,3,1,4,30,disp,33815,m,y,y,y,y,si,hysp,,1
1995,5plarrea,3,1,4,30,disp,33815,m,y,y,y,y,ecto,mite,,
1995,5plarrea,3,1,4,30,disp,33815,m,y,y,y,y,feces,nega,,
1995,5plarrea,3,1,4,30,disp,33815,m,y,y,y,y,ecto,tick,,
1995,5plarrea,3,1,4,31,dime,33816,f,y,y,y,y,st,madi,m,1
1995,5plarrea,3,1,4,31,dime,33816,f,y,y,y,y,st,madi,f,1
1995,5plarrea,3,1,4,31,dime,33816,f,y,y,y,y,ecto,mite,,
1995,5plarrea,3,1,4,31,dime,33816,f,y,y,y,y,feces,nega,,
1995,5plarrea,3,1,4,57,dime,33817,f,y,n,y,y,feces,echo,,
1995,5plarrea,3,1,4,57,dime,33817,f,y,n,y,y,st,madi,f,1
1995,5plarrea,3,1,4,65,dime,33818,m,y,n,y,y,feces,edip,,
1995,5plarrea,3,1,4,65,dime,33818,m,y,n,y,y,st,madi,f,1
1995,5plarrea,3,1,4,65,dime,33818,m,y,n,y,y,si,ptdi,f,2
1995,5plarrea,3,1,4,70,pgfv,33819,f,y,n,y,n,feces,nega,,
1995,5plarrea,3,1,4,72,dime,33820,m,y,y,y,y,feces,nega,,
1995,5plarrea,3,1,4,72,dime,33820,m,y,y,y,y,si,oode,l,1
1995,5plarrea,3,1,4,72,dime,33820,m,y,y,y,y,st,ptdi,f,2
1995,5plarrea,3,1,4,72,dime,33820,m,y,y,y,y,ecto,tick,,3
1995,5plarrea,3,1,4,79,dime,33821,f,y,y,y,y,st,madi,f,1
1995,5plarrea,3,1,4,79,dime,33821,f,y,y,y,y,ecto,mite,,
1995,5plarrea,3,1,4,79,dime,33821,f,y,y,y,y,feces,nega,,
1995,5plarrea,3,1,4,79,dime,33821,f,y,y,y,y,st,ptdi,f,1
1995,5plarrea,3,1,4,79,dime,33821,f,y,y,y,y,cc,trsp,f,2
1995,5plarrea,3,1,4,79,dime,33821,f,y,y,y,y,si,unce,,12
1995,5plarrea,3,1,4,80,disp,33822,m,y,y,y,y,ecto,ecga,,3
1995,5plarrea,3,1,4,80,disp,33822,m,y,y,y,y,cc,hede,f,1
1995,5plarrea,3,1,4,80,disp,33822,m,y,y,y,y,ecto,mite,,
1995,5plarrea,3,1,4,80,disp,33822,m,y,y,y,y,feces,nega,,
1995,5plarrea,3,1,4,80,disp,33822,m,y,y,y,y,si,unce,,1
1995,5plarrea,3,1,4,81,dime,33823,m,y,y,y,y,st,madi,f,1
1995,5plarrea,3,1,4,81,dime,33823,m,y,y,y,y,ecto,mite,,
1995,5plarrea,3,1,4,81,dime,33823,m,y,y,y,y,si,mtsp,,11
1995,5plarrea,3,1,4,81,dime,33823,m,y,y,y,y,feces,nega,,
1995,5plarrea,3,1,4,81,dime,33823,m,y,y,y,y,ecto,tick,,7
1995,5plarrea,3,1,4,82,dime,33824,f,y,n,y,y,feces,echo,,
1995,5plarrea,3,1,4,84,dime,33825,f,y,y,y,y,si,oosp,,17
1995,5plarrea,3,1,4,84,dime,33825,f,y,y,y,y,ecto,tick,,7
1995,5plarrea,3,1,4,90,dime,33826,f,y,n,y,y,feces,echo,,
1995,5plarrea,3,1,4,90,dime,33826,f,y,n,y,y,st,madi,f,2
1995,5plarrea,3,1,4,90,dime,33826,f,y,n,y,y,si,ptdi,f,3
1995,5plarrea,3,1,4,94,dime,33827,m,y,n,y,y,feces,echo,,
1995,5plarrea,3,1,4,94,dime,33827,m,y,n,y,y,si,oosp,,6
1995,5plarrea,3,1,4,94,dime,33827,m,y,n,y,y,si,ptdi,f,1
1995,5plarrea,3,1,4,94,dime,33827,m,y,n,y,y,st,unne,,2
1995,5plarrea,3,1,4,95,dime,33828,f,y,n,y,y,feces,echo,,
1995,5plarrea,3,1,4,95,dime,33828,f,y,n,y,y,st,ptdi,f,1
1995,5plarrea,3,1,4,95,dime,33828,f,y,n,y,y,si,ptdi,f,3
1995,5plarrea,3,1,4,11,dime,33829,m,y,n,y,y,feces,echo,,
1995,5plarrea,3,1,4,11,dime,33829,m,y,n,y,y,st,unne,f,1
1995,5plarrea,3,1,4,11,disp,33830,f,y,n,y,y,cc,hede,f,1
1995,5plarrea,3,1,4,11,disp,33830,f,y,n,y,y,feces,nega,,
1995,5plarrea,3,1,4,11,disp,33830,f,y,n,y,y,si,unce,,1
1995,5plarrea,3,1,4,12,dime,33831,m,y,y,y,y,feces,echo,,
1995,5plarrea,3,1,4,12,dime,33831,m,y,y,y,y,ecto,mite,,
1995,5plarrea,3,1,4,12,dime,33831,m,y,y,y,y,si,ptdi,f,3
1995,5plarrea,3,1,4,12,dime,33831,m,y,y,y,y,ecto,tick,,
1995,5plarrea,3,1,4,12,dime,33832,f,y,y,y,y,feces,echo,,
1995,5plarrea,3,1,4,12,dime,33832,f,y,y,y,y,st,madi,f,2
1995,5plarrea,3,1,4,12,dime,33832,f,y,y,y,y,ecto,mite,,
1995,5plarrea,3,1,4,12,dime,33832,f,y,y,y,y,si,ptdi,f,1
1995,5plarrea,3,1,4,12,dime,33832,f,y,y,y,y,ecto,tick,,
1995,5plarrea,3,1,4,12,dime,33833,f,y,y,y,y,feces,echo,,
1995,5plarrea,3,1,4,12,dime,33833,f,y,y,y,y,st,unne,,3
1995,5plarrea,3,1,4,13,dime,33834,m,y,y,y,y,feces,echo,,
1995,5plarrea,3,1,4,13,dime,33834,m,y,y,y,y,st,madi,f,2
1995,5plarrea,3,1,4,13,dime,33834,m,y,y,y,y,st,ptdi,f,1
1995,5plarrea,3,1,4,13,dime,33834,m,y,y,y,y,ecto,tick,,
1995,5plarrea,3,1,4,13,dime,33834,m,y,y,y,y,cc,trsp,m,1
1995,5plarrea,3,1,4,13,dime,33835,m,y,n,y,n,feces,nega,,
1995,5plarrea,3,1,4,14,dime,33836,f,y,y,y,y,feces,echo,,
1995,5plarrea,3,1,4,14,dime,33836,f,y,y,y,y,st,madi,f,1
1995,5plarrea,3,1,4,14,dime,33836,f,y,y,y,y,ecto,mite,,
1995,5plarrea,3,1,4,14,dime,33836,f,y,y,y,y,ecto,tick,,
1995,5plarrea,3,1,4,14,dime,33837,f,y,y,y,y,feces,echo,,
1995,5plarrea,3,1,4,14,dime,33837,f,y,y,y,y,st,madi,m,2
1995,5plarrea,3,1,4,14,dime,33837,f,y,y,y,y,ecto,mite,,
1995,5plarrea,3,1,4,14,dime,33837,f,y,y,y,y,si,ptdi,f,1
1995,5plarrea,3,1,4,14,dime,33838,m,y,n,y,y,cc,hede,f,6
1995,5plarrea,3,1,4,14,dime,33838,m,y,n,y,y,cc,madi,f,1
1995,5plarrea,3,1,4,14,dime,33838,m,y,n,y,y,feces,nega,,
1995,5plarrea,3,1,2,9,or,33839,m,y,n,y,n,feces,nega,,
1995,5plarrea,3,1,2,24,pmer,33840,m,y,n,y,n,feces,nega,,
1995,5plarrea,3,1,2,46,pmer,33841,m,y,n,y,n,feces,nega,,
1995,5plarrea,3,1,2,55,or,33842,m,y,y,y,y,si,mocl,,3
1995,5plarrea,3,1,2,55,or,33842,m,y,y,y,y,feces,nega,,
1995,5plarrea,3,1,2,55,or,33842,m,y,y,y,y,ecto,tick,,1
1995,5plarrea,3,1,4,20,pmer,33843,m,y,n,y,n,feces,eari,,
1995,5plarrea,3,1,4,58,pmer,33844,m,y,n,y,n,feces,nega,,
1995,5plarrea,3,1,4,69,pmer,33845,m,y,n,y,n,feces,nega,,
1995,5plarrea,3,2,2,11,disp,33847,m,y,y,y,y,ecto,flea,,
1995,5plarrea,3,2,2,11,disp,33847,m,y,y,y,y,si,hysp,,5
1995,5plarrea,3,2,2,11,disp,33847,m,y,y,y,y,ecto,mite,,
1995,5plarrea,3,2,2,11,disp,33847,m,y,y,y,y,feces,nega,,
1995,5plarrea,3,2,2,11,disp,33847,m,y,y,y,y,ecto,tick,,6
1995,5plarrea,3,2,2,17,pgfl,33848,m,y,y,y,n,feces,eree,,
1995,5plarrea,3,2,2,17,pgfl,33848,m,y,y,y,n,ecto,meni,,
1995,5plarrea,3,2,2,17,pgfl,33848,m,y,y,y,n,ecto,tick,,14
1995,5plarrea,3,2,2,48,dime,33849,m,y,y,y,y,st,madi,,1
1995,5plarrea,3,2,2,48,dime,33849,m,y,y,y,y,ecto,mite,,1
1995,5plarrea,3,2,2,48,dime,33849,m,y,y,y,y,feces,nega,,
1995,5plarrea,3,2,2,48,dime,33849,m,y,y,y,y,ecto,tick,,2
1995,5plarrea,3,2,2,57,dime,33850,f,y,y,y,y,st,madi,f,1
1995,5plarrea,3,2,2,57,dime,33850,f,y,y,y,y,st,madi,m,1
1995,5plarrea,3,2,2,57,dime,33850,f,y,y,y,y,ecto,mite,,
1995,5plarrea,3,2,2,57,dime,33850,f,y,y,y,y,feces,nega,,
1995,5plarrea,3,2,2,57,dime,33850,f,y,y,y,y,si,ptdi,,7
1995,5plarrea,3,2,2,57,dime,33850,f,y,y,y,y,ecto,tick,,4
1995,5plarrea,3,2,2,81,dime,33851,f,y,y,y,y,st,madi,f,1
1995,5plarrea,3,2,2,81,dime,33851,f,y,y,y,y,ecto,mite,,
1995,5plarrea,3,2,2,81,dime,33851,f,y,y,y,y,si,mtsp,,4
1995,5plarrea,3,2,2,81,dime,33851,f,y,y,y,y,feces,nega,,
1995,5plarrea,3,2,2,81,dime,33851,f,y,y,y,y,ecto,tick,,5
1995,5plarrea,3,2,2,94,dime,33852,f,y,y,y,y,st,madi,f,1
1995,5plarrea,3,2,2,94,dime,33852,f,y,y,y,y,st,madi,l,1
1995,5plarrea,3,2,2,94,dime,33852,f,y,y,y,y,ecto,mite,,9
1995,5plarrea,3,2,2,94,dime,33852,f,y,y,y,y,feces,nega,,
1995,5plarrea,3,2,2,10,disp,33853,m,y,y,y,y,si,hysp,,2
1995,5plarrea,3,2,2,10,disp,33853,m,y,y,y,y,ecto,mite,,
1995,5plarrea,3,2,2,10,disp,33853,m,y,y,y,y,feces,nega,,
1995,5plarrea,3,2,2,10,disp,33853,m,y,y,y,y,ecto,tick,,6
1995,5plarrea,3,2,2,11,pgfv,33854,m,y,n,y,y,feces,nega,,
1995,5plarrea,3,2,2,11,pgfv,33854,m,y,n,y,y,cc,trsp,f,1
1995,5plarrea,3,2,2,12,dime,33855,m,y,y,y,y,st,madi,m,2
1995,5plarrea,3,2,2,12,dime,33855,m,y,y,y,y,st,madi,f,1
1995,5plarrea,3,2,2,12,dime,33855,m,y,y,y,y,ecto,mite,,6
1995,5plarrea,3,2,2,12,dime,33855,m,y,y,y,y,feces,nega,,
1995,5plarrea,3,2,2,12,dime,33855,m,y,y,y,y,si,ptdi,f,1
1995,5plarrea,3,2,2,12,dime,33855,m,y,y,y,y,ecto,tick,,12
1995,5plarrea,3,2,2,13,disp,33856,m,y,y,y,y,ecto,flea,,1
1995,5plarrea,3,2,2,13,disp,33856,m,y,y,y,y,cc,hede,f,1
1995,5plarrea,3,2,2,13,disp,33856,m,y,y,y,y,ecto,mite,,
1995,5plarrea,3,2,2,13,disp,33856,m,y,y,y,y,feces,nega,,
1995,5plarrea,3,2,2,13,disp,33856,m,y,y,y,y,ecto,tick,,11
1995,5plarrea,3,2,4,7,dime,33857,f,y,y,y,y,ecto,mear,,1
1995,5plarrea,3,2,4,7,dime,33857,f,y,y,y,y,feces,nega,,
1995,5plarrea,3,2,4,7,dime,33857,f,y,y,y,y,ecto,tick,,1
1995,5plarrea,3,2,4,7,dime,33857,f,y,y,y,y,cc,trsp,m,2
1995,5plarrea,3,2,4,9,pgfv,33858,m,y,n,y,y,st,madi,f,1
1995,5plarrea,3,2,4,9,pgfv,33858,m,y,n,y,y,feces,nega,,
1995,5plarrea,3,2,4,11,pgfv,33859,f,y,n,y,n,feces,eree,,
1995,5plarrea,3,2,4,11,pgfv,33859,f,y,n,y,n,ecto,mite,,3
1995,5plarrea,3,2,4,22,dime,33860,f,y,y,y,y,st,madi,f,2
1995,5plarrea,3,2,4,22,dime,33860,f,y,y,y,y,st,madi,l,3
1995,5plarrea,3,2,4,22,dime,33860,f,y,y,y,y,feces,nega,,
1995,5plarrea,3,2,4,22,dime,33860,f,y,y,y,y,ecto,tick,,2
1995,5plarrea,3,2,4,44,dime,33861,f,y,y,y,y,st,madi,f,1
1995,5plarrea,3,2,4,44,dime,33861,f,y,y,y,y,cc,madi,m,1
1995,5plarrea,3,2,4,44,dime,33861,f,y,y,y,y,feces,nega,,
1995,5plarrea,3,2,4,44,dime,33861,f,y,y,y,y,si,ptdi,f,1
1995,5plarrea,3,2,4,44,dime,33861,f,y,y,y,y,ecto,tick,,1
1995,5plarrea,3,2,4,59,pgfv,33862,m,y,n,y,n,feces,nega,,
1995,5plarrea,3,2,4,72,pgfv,33863,m,y,n,y,n,feces,nega,,
1995,5plarrea,3,2,4,80,disp,33864,m,y,y,y,y,cc,hede,f,75
1995,5plarrea,3,2,4,80,disp,33864,m,y,y,y,y,si,hysp,,3
1995,5plarrea,3,2,4,80,disp,33864,m,y,y,y,y,feces,nega,,
1995,5plarrea,3,2,4,80,disp,33864,m,y,y,y,y,ecto,tick,,4
1995,5plarrea,3,2,4,84,dime,33865,m,y,y,y,y,feces,echo,,
1995,5plarrea,3,2,4,84,dime,33865,m,y,y,y,y,st,madi,f,3
1995,5plarrea,3,2,4,84,dime,33865,m,y,y,y,y,st,madi,m,1
1995,5plarrea,3,2,4,84,dime,33865,m,y,y,y,y,ecto,tick,,2
1995,5plarrea,3,2,4,94,dime,33866,m,y,y,y,y,feces,echo,,
1995,5plarrea,3,2,4,94,dime,33866,m,y,y,y,y,st,ptdi,f,2
1995,5plarrea,3,2,4,94,dime,33866,m,y,y,y,y,ecto,tick,,3
1995,5plarrea,3,2,4,10,disp,33867,f,y,y,y,y,si,hysp,,1
1995,5plarrea,3,2,4,10,disp,33867,f,y,y,y,y,feces,nega,,
1995,5plarrea,3,2,4,10,disp,33867,f,y,y,y,y,ecto,tick,,7
1995,5plarrea,3,2,4,11,pgfv,33868,f,y,n,y,n,feces,nega,,
1995,5plarrea,3,2,4,11,dime,33869,m,y,y,y,y,st,madi,l,1
1995,5plarrea,3,2,4,11,dime,33869,m,y,y,y,y,feces,nega,,
1995,5plarrea,3,2,4,11,dime,33869,m,y,y,y,y,st,ptdi,f,1
1995,5plarrea,3,2,4,11,dime,33869,m,y,y,y,y,ecto,tick,,9
1995,5plarrea,3,2,4,12,dime,33870,m,y,y,y,y,st,hede,f,1
1995,5plarrea,3,2,4,12,dime,33870,m,y,y,y,y,st,madi,,1
1995,5plarrea,3,2,4,12,dime,33870,m,y,y,y,y,ecto,mite,,
1995,5plarrea,3,2,4,12,dime,33870,m,y,y,y,y,feces,nega,,
1995,5plarrea,3,2,4,12,dime,33870,m,y,y,y,y,cc,trsp,f,2
1995,5plarrea,3,2,4,12,dime,33871,f,y,y,y,y,st,hede,f,1
1995,5plarrea,3,2,4,12,dime,33871,f,y,y,y,y,feces,nega,,
1995,5plarrea,3,2,4,12,dime,33871,f,y,y,y,y,st,ptdi,f,2
1995,5plarrea,3,2,4,12,dime,33871,f,y,y,y,y,ecto,tick,,3
1995,5plarrea,3,2,4,13,pgfv,33872,m,y,y,y,n,ecto,mite,,
1995,5plarrea,3,2,4,13,pgfv,33872,m,y,y,y,n,feces,nega,,
1995,5plarrea,3,2,4,14,dime,33873,m,y,n,y,y,feces,nega,,
1995,5plarrea,3,2,4,14,dime,33873,m,y,n,y,y,si,ptdi,f,4
1995,5plarrea,3,2,4,14,dime,33873,m,y,n,y,y,cc,ptdi,f,2
1995,5plarrea,3,2,2,53,remg,33874,m,y,n,y,n,feces,eari,,
1995,5plarrea,3,2,2,83,or,33875,m,y,n,y,y,feces,nega,,
1995,5plarrea,3,2,2,83,or,33875,m,y,n,y,y,st,prsp,,7
1995,5plarrea,3,2,4,60,pmer,33876,f,y,n,y,n,feces,nega,,
1995,5plarrea,3,2,4,10,or,33877,f,y,n,y,y,si,hyns,,2
1995,5plarrea,3,2,4,10,or,33877,f,y,n,y,y,feces,nega,,
1995,5plarrea,3,2,4,10,or,33878,f,y,n,y,n,feces,nega,,
1995,5plarrea,3,1,2,91,or,33880,m,y,y,y,n,feces,nega,,
1995,5plarrea,3,1,2,91,or,33880,m,y,y,y,n,ecto,tick,,9
1995,5plarrea,3,3,4,23,dime,33881,f,y,n,y,y,feces,echo,,
1995,5plarrea,3,3,4,23,dime,33881,f,y,n,y,y,st,madi,l,
1995,5plarrea,3,3,4,23,dime,33881,f,y,n,y,y,si,ptdi,f,2
1995,5plarrea,3,3,4,57,dime,33882,f,y,y,y,y,feces,echo,,
1995,5plarrea,3,3,4,57,dime,33882,f,y,y,y,y,st,madi,f,1
1995,5plarrea,3,3,4,57,dime,33882,f,y,y,y,y,ecto,mite,,15
1995,5plarrea,3,3,4,57,dime,33882,f,y,y,y,y,ecto,tick,,4
1995,5plarrea,3,3,4,67,dime,33883,f,y,n,y,y,st,madi,f,1
1995,5plarrea,3,3,4,67,dime,33883,f,y,n,y,y,feces,nega,,
1995,5plarrea,3,3,4,95,dime,33884,f,y,y,y,y,st,madi,f,1
1995,5plarrea,3,3,4,95,dime,33884,f,y,y,y,y,ecto,mite,,
1995,5plarrea,3,3,4,95,dime,33884,f,y,y,y,y,feces,nega,,
1995,5plarrea,3,3,4,95,dime,33884,f,y,y,y,y,si,ptdi,f,2
1995,5plarrea,3,3,4,95,dime,33884,f,y,y,y,y,ecto,tick,,1
1995,5plarrea,3,3,4,10,dime,33885,m,y,y,y,y,ecto,mite,,
1995,5plarrea,3,3,4,10,dime,33885,m,y,y,y,y,cc,ptdi,f,3
1995,5plarrea,3,3,4,10,dime,33885,m,y,y,y,y,cc,trsp,f,1
1995,5plarrea,3,3,4,10,dime,33885,m,y,y,y,y,feces,unsp,,
1995,5plarrea,3,3,4,13,spsp,33886,f,y,n,y,n,feces,nega,,
1995,5plarrea,3,3,2,44,dime,33887,m,y,y,y,y,cc,acan,,2
1995,5plarrea,3,3,2,44,dime,33887,m,y,y,y,y,feces,elio,,
1995,5plarrea,3,3,2,44,dime,33887,m,y,y,y,y,si,hysp,,2
1995,5plarrea,3,3,2,44,dime,33887,m,y,y,y,y,st,madi,m,1
1995,5plarrea,3,3,2,44,dime,33887,m,y,y,y,y,st,madi,f,1
1995,5plarrea,3,3,2,44,dime,33887,m,y,y,y,y,ecto,tick,,27
1995,5plarrea,3,3,2,44,dime,33887,m,y,y,y,y,cc,trsp,,10
1995,5plarrea,3,3,2,54,dime,33888,f,y,y,y,y,feces,echo,,
1995,5plarrea,3,3,2,54,dime,33888,f,y,y,y,y,st,madi,m,1
1995,5plarrea,3,3,2,54,dime,33888,f,y,y,y,y,ecto,mite,,
1995,5plarrea,3,3,2,54,dime,33888,f,y,y,y,y,ecto,tick,,2
1995,5plarrea,3,3,2,10,dime,33889,f,y,y,y,y,feces,nega,,
1995,5plarrea,3,3,2,10,dime,33889,f,y,y,y,y,si,ptdi,f,2
1995,5plarrea,3,3,2,10,dime,33889,f,y,y,y,y,ecto,tick,,8
1995,5plarrea,3,3,2,11,dime,33890,f,y,y,y,n,feces,echo,,
1995,5plarrea,3,3,2,11,dime,33890,f,y,y,y,n,ecto,tick,,2
1995,5plarrea,3,3,2,13,dime,33891,m,y,y,y,y,si,madi,m,1
1995,5plarrea,3,3,2,13,dime,33891,m,y,y,y,y,feces,nega,,
1995,5plarrea,3,3,2,13,dime,33891,m,y,y,y,y,si,ptdi,f,1
1995,5plarrea,3,3,2,13,dime,33891,m,y,y,y,y,ecto,tick,,4
1995,5plarrea,3,3,4,11,remn,33892,f,y,n,y,n,feces,eari,,
1995,5plarrea,1,1,2,17,dime,34233,f,y,n,y,y,feces,edip,,
1995,5plarrea,1,1,2,17,dime,34233,f,y,n,y,y,st,madi,l,5
1995,5plarrea,1,1,2,20,dime,34234,f,y,n,y,n,feces,nega,,
1995,5plarrea,1,1,2,32,disp,34235,m,y,n,y,y,feces,nega,,
1995,5plarrea,1,1,2,32,disp,34235,m,y,n,y,y,cc,trsp,f,3
1995,5plarrea,1,1,2,43,or,34236,m,y,n,y,y,feces,esev,,
1995,5plarrea,1,1,2,43,or,34236,m,y,n,y,y,si,hyns,,1
1995,5plarrea,1,1,2,47,dime,34237,m,y,n,y,y,cc,hede,f,4
1995,5plarrea,1,1,2,47,dime,34237,m,y,n,y,y,feces,nega,,
1995,5plarrea,1,1,2,48,dime,34238,f,y,n,y,n,feces,nega,,
1995,5plarrea,1,1,2,54,dime,34239,m,y,n,y,n,feces,nega,,
1995,5plarrea,1,1,2,56,dime,34240,m,y,n,y,n,feces,edip,,
1995,5plarrea,1,1,2,59,dime,34241,m,y,n,y,n,feces,nega,,
1995,5plarrea,1,1,2,60,dime,34242,f,y,n,y,y,feces,nega,,
1995,5plarrea,1,1,2,64,dime,34243,f,y,n,y,n,feces,nega,,
1995,5plarrea,1,1,2,72,dime,34244,m,y,n,y,y,si,hysp,,7
1995,5plarrea,1,1,2,72,dime,34244,m,y,n,y,y,feces,nega,,
1995,5plarrea,1,1,2,72,dime,34244,m,y,n,y,y,cc,rasp,l,1
1995,5plarrea,1,1,2,81,or,34245,m,y,n,y,y,si,hyns,,5
1995,5plarrea,1,1,2,81,or,34245,m,y,n,y,y,feces,nega,,
1995,5plarrea,1,1,2,82,disp,34246,f,y,n,y,y,si,hysp,,4
1995,5plarrea,1,1,2,82,disp,34246,f,y,n,y,y,feces,nega,,
1995,5plarrea,1,1,2,10,dime,34247,m,y,n,y,n,feces,echo,,
1995,5plarrea,1,1,2,10,dime,34248,m,y,n,y,n,feces,nega,,
1995,5plarrea,1,1,2,11,dime,34249,m,y,n,y,n,feces,nega,,
1995,5plarrea,1,1,2,11,dime,34250,f,y,n,y,y,feces,nega,,
1995,5plarrea,1,1,2,11,dime,34250,f,y,n,y,y,si,ptdi,f,2
1995,5plarrea,1,1,2,12,disp,34251,m,y,n,y,y,feces,nega,,
1995,5plarrea,1,1,2,12,disp,34251,m,y,n,y,y,cc,trsp,f,3
1995,5plarrea,1,1,2,12,dime,34252,m,y,n,y,y,feces,nega,,
1995,5plarrea,1,1,2,12,dime,34252,m,y,n,y,y,si,unce,l,1
1995,5plarrea,1,1,2,13,pgfv,34253,m,y,n,y,n,feces,nega,,
1995,5plarrea,1,1,2,13,dime,34254,m,y,n,y,n,feces,nega,,
1995,5plarrea,1,1,2,14,disp,34255,f,y,n,y,n,feces,nega,,
1995,5plarrea,1,1,4,14,dime,34256,f,y,n,y,n,feces,echo,,
1995,5plarrea,1,1,4,20,dime,34257,f,y,n,y,n,feces,nega,,
1995,5plarrea,1,1,4,23,disp,34258,m,y,n,y,y,feces,nega,,
1995,5plarrea,1,1,4,23,disp,34258,m,y,n,y,y,cc,unce,,1
1995,5plarrea,1,1,4,34,dime,34259,m,y,n,y,n,feces,nega,,
1995,5plarrea,1,1,4,45,dime,34260,f,y,n,y,y,feces,nega,,
1995,5plarrea,1,1,4,45,dime,34260,f,y,n,y,y,si,ptdi,f,1
1995,5plarrea,1,1,4,12,dime,34261,f,y,n,y,y,feces,nega,,
1995,5plarrea,1,1,4,12,dime,34261,f,y,n,y,y,si,ptdi,f,7
1995,5plarrea,1,1,4,47,dime,34262,f,y,n,y,n,feces,nega,,
1995,5plarrea,1,1,4,51,dime,34264,f,y,n,y,n,feces,nega,,
1995,5plarrea,1,1,4,53,dime,34265,m,y,n,y,n,feces,nega,,
1995,5plarrea,1,1,4,68,dime,34266,m,y,n,y,n,feces,nega,,
1995,5plarrea,1,1,4,82,disp,34267,m,y,n,y,n,feces,nega,,
1995,5plarrea,1,1,4,89,pgfv,34268,f,y,n,y,n,feces,nega,,
1995,5plarrea,1,1,4,90,dime,34269,m,y,n,y,n,feces,nega,,
1995,5plarrea,1,1,4,91,dime,34270,m,y,n,y,n,feces,nega,,
1995,5plarrea,1,1,4,92,dime,34271,f,y,n,y,n,feces,edip,,
1995,5plarrea,1,1,4,94,dime,34272,m,y,n,y,y,feces,nega,,
1995,5plarrea,1,1,4,94,dime,34272,m,y,n,y,y,cc,trsp,f,4
1995,5plarrea,1,1,4,96,dime,34273,m,y,n,y,y,feces,nega,,
1995,5plarrea,1,1,4,96,dime,34273,m,y,n,y,y,cc,ptdi,f,1
1995,5plarrea,1,1,4,10,pgfv,34274,f,y,n,y,n,feces,nega,,
1995,5plarrea,1,1,4,10,dime,34275,m,y,n,y,n,feces,nega,,
1995,5plarrea,1,1,4,10,dime,34276,m,y,n,y,n,feces,nega,,
1995,5plarrea,1,1,4,11,dime,34277,f,y,n,y,n,feces,edip,,
1995,5plarrea,1,1,4,11,dime,34278,m,y,n,y,y,st,madi,m,1
1995,5plarrea,1,1,4,11,dime,34278,m,y,n,y,y,feces,nega,,
1995,5plarrea,1,1,4,12,dime,34279,m,y,n,y,n,feces,nega,,
1995,5plarrea,1,1,4,12,dime,34280,f,y,n,y,n,feces,nega,,
1995,5plarrea,1,1,4,13,dime,34281,m,y,n,y,n,feces,nega,,
1995,5plarrea,1,1,4,14,dime,34282,f,y,n,y,y,feces,nega,,
1995,5plarrea,1,1,4,14,dime,34282,f,y,n,y,y,st,pras,f,1
1995,5plarrea,1,1,4,14,dime,34282,f,y,n,y,y,cc,trsp,m,1
1995,5plarrea,1,1,4,14,dime,34282,f,y,n,y,y,cc,trsp,f,1
1995,5plarrea,1,1,4,14,dime,34283,m,y,n,y,n,feces,nega,,
1995,5plarrea,1,2,2,..,disp,34287,f,y,n,y,y,feces,nega,,
1995,5plarrea,1,2,2,..,disp,34287,f,y,n,y,y,st,trsp,,1
1995,5plarrea,1,2,2,..,disp,34287,f,y,n,y,y,cc,trsp,m,20
1995,5plarrea,1,2,2,..,disp,34287,f,y,n,y,y,cc,trsp,f,11
1995,5plarrea,1,2,2,..,dime,34288,m,y,n,y,n,feces,nega,,
1995,5plarrea,1,2,2,..,disp,34289,m,y,n,y,y,cc,hede,,1
1995,5plarrea,1,2,2,..,disp,34289,m,y,n,y,y,feces,nega,,
1995,5plarrea,1,2,2,..,disp,34289,m,y,n,y,y,si,rasp,,6
1995,5plarrea,1,2,2,..,dime,34290,m,y,n,y,n,feces,nega,,
1995,5plarrea,1,2,2,..,disp,34291,m,y,n,y,n,feces,nega,,
1995,5plarrea,1,2,2,..,dime,34292,f,y,n,y,n,feces,nega,,
1995,5plarrea,1,2,2,..,disp,34293,f,y,n,y,y,si,hysp,,1
1995,5plarrea,1,2,2,..,disp,34293,f,y,n,y,y,feces,nega,,
1995,5plarrea,1,2,2,..,pgfv,34294,f,y,n,y,n,feces,nega,,
1995,5plarrea,1,2,2,..,dime,34295,f,y,n,y,y,si,hysp,,12
1995,5plarrea,1,2,2,..,dime,34295,f,y,n,y,y,feces,nega,,
1995,5plarrea,1,2,2,..,pgfv,34296,m,y,n,y,n,feces,nega,,
1995,5plarrea,1,2,2,..,dime,34297,f,y,n,y,n,feces,echo,,
1995,5plarrea,1,2,4,..,dime,34298,m,y,n,y,y,feces,nega,,
1995,5plarrea,1,2,4,..,dime,34298,m,y,n,y,y,si,ptdi,f,4
1995,5plarrea,1,2,4,..,dime,34298,m,y,n,y,y,si,ptdi,m,1
1995,5plarrea,1,2,4,..,dime,34299,f,y,n,y,n,feces,nega,,
1995,5plarrea,1,2,4,..,dime,34300,m,y,n,y,y,feces,nega,,
1995,5plarrea,1,2,4,..,dime,34300,m,y,n,y,y,si,rasp,,5
1995,5plarrea,1,2,4,..,disp,34301,f,y,n,y,n,feces,nega,,
1995,5plarrea,1,2,4,..,dime,34302,f,y,n,y,y,feces,nega,,
1995,5plarrea,1,2,4,..,dime,34302,f,y,n,y,y,si,ptdi,f,2
1995,5plarrea,1,2,4,..,pgfv,34303,m,y,n,y,n,feces,nega,,
1995,5plarrea,1,2,4,..,dime,34304,f,y,n,y,n,feces,nega,,
1995,5plarrea,1,3,2,24,pgfv,34309,f,y,n,y,n,feces,nega,,
1995,5plarrea,1,3,2,..,pmtr,34310,m,y,n,y,n,feces,nega,,
1995,5plarrea,1,3,2,..,dime,34311,m,y,n,y,y,feces,nega,,
1995,5plarrea,1,3,2,..,dime,34311,m,y,n,y,y,cc,trsp,m,7
1995,5plarrea,1,3,2,..,dime,34311,m,y,n,y,y,cc,trsp,f,11
1995,5plarrea,1,3,2,96,pmtr,34312,f,y,n,y,n,feces,nega,,
1995,5plarrea,1,3,2,10,pgfv,34313,m,y,n,y,n,feces,nega,,
1995,5plarrea,1,3,4,23,dime,34314,m,y,y,y,y,ecto,orle,,1
1995,5plarrea,1,3,4,23,dime,34314,m,y,y,y,y,si,rasp,l,1
1995,5plarrea,1,3,4,23,dime,34314,m,y,y,y,y,feces,unsp,,
1995,5plarrea,1,3,4,36,dime,34315,m,y,n,y,n,feces,edip,,
1995,5plarrea,1,3,4,94,dime,34316,m,y,n,y,n,feces,nega,,
1995,5plarrea,1,3,4,..,or,34317,f,y,n,y,n,feces,nega,,
1995,5plarrea,1,3,4,14,dime,34318,m,y,n,y,n,feces,nega,,
1996,5plarrea,1,1,2,82,dime,40148,m,y,n,y,y,feces,echo,,
1996,5plarrea,1,1,2,82,dime,40148,m,y,n,y,y,st,madi,m,4
1996,5plarrea,1,1,2,82,dime,40148,m,y,n,y,y,st,madi,f,3
1996,5plarrea,1,1,2,82,dime,40148,m,y,n,y,y,st,madi,l,1
1996,5plarrea,1,1,2,82,dime,40148,m,y,n,y,y,si,ptdi,f,5
1996,5plarrea,1,1,2,111,disp,40149,f,y,y,y,y,ecto,flea,,5
1996,5plarrea,1,1,2,111,disp,40149,f,y,y,y,y,cc,hede,f,15
1996,5plarrea,1,1,2,111,disp,40149,f,y,y,y,y,ecto,mite,,2
1996,5plarrea,1,1,2,111,disp,40149,f,y,y,y,y,feces,nega,,
1996,5plarrea,1,1,4,9,dime,40150,m,y,y,y,y,feces,echo,,
1996,5plarrea,1,1,4,9,dime,40150,m,y,y,y,y,ecto,lice,,3
1996,5plarrea,1,1,4,9,dime,40150,m,y,y,y,y,ecto,mite,,
1996,5plarrea,1,1,4,9,dime,40150,m,y,y,y,y,si,ptdi,f,4
1996,5plarrea,1,1,4,19,disp,40151,m,y,y,y,y,feces,ebal,,
1996,5plarrea,1,1,4,19,disp,40151,m,y,y,y,y,si,hysp,,21
1996,5plarrea,1,1,4,19,disp,40151,m,y,y,y,y,ecto,lice,,
1996,5plarrea,1,1,4,19,disp,40151,m,y,y,y,y,ecto,mite,,
1996,5plarrea,1,1,4,19,disp,40151,m,y,y,y,y,cc,trsp,f,6
1996,5plarrea,1,1,4,19,disp,40151,m,y,y,y,y,cc,trsp,m,1
1996,5plarrea,1,1,4,56,pgfv,40152,f,y,n,y,n,feces,nega,,
1996,5plarrea,1,1,4,96,dime,40153,m,y,y,y,n,feces,echo,,
1996,5plarrea,1,1,4,96,dime,40153,m,y,y,y,n,ecto,mite,,
1996,5plarrea,1,1,4,118,dime,40154,m,y,n,y,y,feces,echo,,
1996,5plarrea,1,1,4,118,dime,40154,m,y,n,y,y,st,madi,l,1
1996,5plarrea,1,1,4,118,dime,40154,m,y,n,y,y,si,ptdi,f,1
1996,5plarrea,1,1,4,129,or,40155,f,y,y,y,n,ecto,lice,,1
1996,5plarrea,1,1,4,129,or,40155,f,y,y,y,n,ecto,mite,,17
1996,5plarrea,1,1,4,129,or,40155,f,y,y,y,n,feces,nega,,
1996,5plarrea,1,1,2,57,or,40156,m,y,y,y,y,feces,esev,,
1996,5plarrea,1,1,2,57,or,40156,m,y,y,y,y,ecto,lice,,1
1996,5plarrea,1,1,2,57,or,40156,m,y,y,y,y,st,madi,l,8
1996,5plarrea,1,1,2,57,or,40156,m,y,y,y,y,si,madi,l,1
1996,5plarrea,1,1,2,57,or,40156,m,y,y,y,y,ecto,mite,,20
1996,5plarrea,1,1,2,57,or,40156,m,y,y,y,y,si,mocl,,7
1996,5plarrea,1,1,2,120,dime,40157,m,y,n,y,y,feces,echo,,
1996,5plarrea,1,1,2,143,dime,40157,m,y,n,y,y,si,ptdi,f,12
1996,5plarrea,1,1,2,143,dime,40157,m,y,n,y,y,cc,trsp,,10
1996,5plarrea,1,1,2,158,dime,40158,m,y,y,y,y,feces,echo,,
1996,5plarrea,1,2,2,158,dime,40158,m,y,y,y,y,ecto,mite,,2
1996,5plarrea,1,1,2,158,dime,40158,m,y,y,y,y,st,ptdi,f,1
1996,5plarrea,1,2,2,158,dime,40158,m,y,y,y,y,si,ptdi,f,5
1996,5plarrea,1,2,2,158,dime,40158,m,y,y,y,y,si,ptdi,m,1
1996,5plarrea,1,3,4,70,dime,40159,m,y,y,y,y,ecto,flea,,1
1996,5plarrea,1,3,4,70,dime,40159,m,y,y,y,y,ecto,mite,,8
1996,5plarrea,1,3,4,70,dime,40159,m,y,y,y,y,feces,nega,,
1996,5plarrea,3,1,2,19,dime,40340,f,y,y,y,n,feces,echo,,
1996,5plarrea,3,1,2,19,dime,40340,f,y,y,y,n,feces,emer,,
1996,5plarrea,3,1,2,19,dime,40340,f,y,y,y,n,ecto,mite,,
1996,5plarrea,3,1,2,19,dime,40340,f,y,y,y,n,ecto,tick,,
1996,5plarrea,3,1,2,68,dime,40341,m,y,y,y,y,feces,echo,,
1996,5plarrea,3,1,2,68,dime,40341,m,y,y,y,y,ecto,,,
1996,5plarrea,3,1,2,68,dime,40341,m,y,y,y,y,st,phma,m,2
1996,5plarrea,3,1,2,68,dime,40341,m,y,y,y,y,si,ptdi,f,6
1996,5plarrea,3,1,2,72,dime,40342,f,y,y,y,y,feces,echo,,
1996,5plarrea,3,1,2,72,dime,40342,f,y,y,y,y,st,madi,f,2
1996,5plarrea,3,1,2,72,dime,40342,f,y,y,y,y,st,madi,m,1
1996,5plarrea,3,1,2,72,dime,40342,f,y,y,y,y,ecto,mite,,
1996,5plarrea,3,1,2,95,dime,40343,f,y,y,y,y,cc,hede,f,3
1996,5plarrea,3,1,2,95,dime,40343,f,y,y,y,y,feces,issp,,
1996,5plarrea,3,1,2,95,dime,40343,f,y,y,y,y,st,madi,m,2
1996,5plarrea,3,1,2,95,dime,40343,f,y,y,y,y,st,madi,f,4
1996,5plarrea,3,1,2,95,dime,40343,f,y,y,y,y,ecto,mite,,
1996,5plarrea,3,1,2,95,dime,40343,f,y,y,y,y,si,oosp,,10
1996,5plarrea,3,1,2,95,dime,40343,f,y,y,y,y,cc,oosp,,1
1996,5plarrea,3,1,2,95,dime,40343,f,y,y,y,y,si,ptdi,f,1
1996,5plarrea,3,1,2,95,dime,40343,f,y,y,y,y,si,rasp,,10
1996,5plarrea,3,1,2,108,dime,40344,f,y,y,y,n,ecto,fapi,,
1996,5plarrea,3,1,2,108,dime,40344,f,y,y,y,n,ecto,mite,,
1996,5plarrea,3,1,2,108,dime,40344,f,y,y,y,n,feces,nega,,
1996,5plarrea,3,1,2,108,dime,40344,f,y,y,y,n,ecto,tick,,
1996,5plarrea,3,1,4,80,dime,40345,m,y,y,y,y,feces,echo,,
1996,5plarrea,3,1,4,80,dime,40345,m,y,y,y,y,ecto,mite,,
1996,5plarrea,3,1,4,80,dime,40345,m,y,y,y,y,si,mtsp,,3
1996,5plarrea,3,1,4,24,dime,40346,m,y,y,y,y,feces,echo,,
1996,5plarrea,3,1,4,24,dime,40346,m,y,y,y,y,st,madi,f,2
1996,5plarrea,3,1,4,24,dime,40346,m,y,y,y,y,ecto,mite,,
1996,5plarrea,3,1,4,114,dime,40347,m,y,y,y,y,ecto,mite,,
1996,5plarrea,3,1,4,114,dime,40347,m,y,y,y,y,feces,nega,,
1996,5plarrea,3,1,4,114,dime,40347,m,y,y,y,y,si,unce,,1
1996,5plarrea,3,1,4,59,dime,40348,m,y,y,y,y,feces,echo,,
1996,5plarrea,3,1,4,59,dime,40348,m,y,y,y,y,st,madi,f,2
1996,5plarrea,3,1,4,59,dime,40348,m,y,y,y,y,st,madi,m,2
1996,5plarrea,3,1,4,59,dime,40348,m,y,y,y,y,ecto,mite,,
1996,5plarrea,3,2,2,20,pgfv,40352,m,y,y,y,n,feces,nega,,
1996,5plarrea,3,2,2,20,pgfv,40352,m,y,y,y,n,ecto,tick,,1
1996,5plarrea,3,2,2,65,dime,40353,m,y,y,y,y,feces,echo,,
1996,5plarrea,3,2,2,65,dime,40353,m,y,y,y,y,st,madi,f,2
1996,5plarrea,3,2,2,65,dime,40353,m,y,y,y,y,st,madi,m,1
1996,5plarrea,3,2,2,65,dime,40353,m,y,y,y,y,ecto,mite,,
1996,5plarrea,3,2,2,65,dime,40353,m,y,y,y,y,si,ptdi,f,4
1996,5plarrea,3,2,2,81,dime,40354,f,y,y,y,y,feces,echo,,
1996,5plarrea,3,2,2,81,dime,40354,f,y,y,y,y,ecto,lice,,
1996,5plarrea,3,2,2,81,dime,40354,f,y,y,y,y,st,madi,f,1
1996,5plarrea,3,2,2,81,dime,40354,f,y,y,y,y,st,madi,m,1
1996,5plarrea,3,2,2,81,dime,40354,f,y,y,y,y,ecto,mite,,
1996,5plarrea,3,2,2,81,dime,40354,f,y,y,y,y,ecto,tick,,
1996,5plarrea,3,2,4,48,dime,40355,m,y,y,y,n,feces,echo,,
1996,5plarrea,3,2,4,48,dime,40355,m,y,y,y,n,ecto,fapi,,
1996,5plarrea,3,2,4,48,dime,40355,m,y,y,y,n,ecto,mite,,
1996,5plarrea,3,2,4,95,dime,40356,f,y,y,y,y,ecto,mite,,
1996,5plarrea,3,2,4,95,dime,40356,f,y,y,y,y,feces,nega,,
1996,5plarrea,3,2,4,95,dime,40356,f,y,y,y,y,si,oosp,,10
1996,5plarrea,3,2,4,95,dime,40356,f,y,y,y,y,st,pras,,
1996,5plarrea,3,2,4,95,dime,40356,f,y,y,y,y,si,ptdi,f,1
1996,5plarrea,3,2,4,95,dime,40356,f,y,y,y,y,cc,trsp,f,1
1996,5plarrea,3,2,4,122,disp,40357,f,y,y,y,y,feces,echo,,
1996,5plarrea,3,2,4,122,disp,40357,f,y,y,y,y,cc,hede,f,5
1996,5plarrea,3,2,4,122,disp,40357,f,y,y,y,y,ecto,mear,,
1996,5plarrea,3,3,5,49,disp,40365,f,n,y,n,n,ecto,,,
1996,5plarrea,3,3,4,42,disp,40366,m,y,y,y,n,feces,ebal,,
1996,5plarrea,3,3,4,42,disp,40366,m,y,y,y,n,ecto,flea,,
1996,5plarrea,3,3,4,42,disp,40366,m,y,y,y,n,ecto,mite,,
1996,5plarrea,3,3,4,84,dime,40367,m,y,y,y,n,feces,echo,,
1996,5plarrea,3,3,4,84,dime,40367,m,y,y,y,n,ecto,mite,,
1992,goatdraw,1,1,2,8,pmtr,26117,f,y,y,y,n,ecto,lice,,2
1992,goatdraw,1,1,2,8,pmtr,26117,f,y,y,y,n,feces,nega,,
1992,goatdraw,1,1,2,9,pmtr,26118,f,y,n,y,n,feces,elan,,
1992,goatdraw,1,1,2,21,pmtr,26119,m,y,n,y,n,feces,nega,,
1992,goatdraw,1,1,2,23,pmtr,26120,f,y,n,y,n,feces,nega,,
1992,goatdraw,1,1,2,27,pmtr,26121,f,y,y,n,n,feces,elan,,
1992,goatdraw,1,1,2,27,pmtr,26121,f,y,y,n,n,ecto,tick,,1
1992,goatdraw,1,1,2,36,pmtr,26122,f,y,y,y,n,feces,elan,,
1992,goatdraw,1,1,2,36,pmtr,26122,f,y,y,y,n,ecto,tick,,1
1992,goatdraw,1,1,2,42,pmtr,26123,m,y,n,y,n,feces,elan,,
1992,goatdraw,1,1,2,48,pmtr,26124,m,y,n,y,n,feces,elan,,
1992,goatdraw,1,1,2,59,neal,26125,m,y,n,y,n,feces,ealb,,
1992,goatdraw,1,1,2,71,pmtr,26126,f,y,n,y,y,feces,elan,,
1992,goatdraw,1,1,2,71,pmtr,26126,f,y,n,y,y,st,gope,f,1
1992,goatdraw,1,1,2,80,pmtr,26127,m,y,n,y,n,feces,elan,,
1992,goatdraw,1,1,2,82,pmtr,26128,f,y,n,y,n,feces,elan,,
1992,goatdraw,1,1,2,101,pmtr,26129,m,y,n,y,n,feces,nega,,
1992,goatdraw,1,1,2,106,pmtr,26130,f,y,n,y,n,feces,elan,,
1992,goatdraw,1,1,2,107,pmtr,26131,m,y,n,y,n,feces,elan,,
1992,goatdraw,1,1,2,108,pmtr,26132,m,y,n,y,y,feces,elan,,
1992,goatdraw,1,1,2,108,pmtr,26132,m,y,n,y,y,st,gope,f,2
1992,goatdraw,1,1,2,114,pmtr,26133,m,y,n,y,n,feces,nega,,
1992,goatdraw,1,1,2,119,pmtr,26134,m,y,n,y,n,feces,elan,,
1992,goatdraw,1,1,2,132,pmtr,26135,m,y,y,y,n,feces,elan,,
1992,goatdraw,1,1,2,132,pmtr,26135,m,y,y,y,n,ecto,orle,,1
1992,goatdraw,1,1,2,144,pmtr,26136,f,y,n,y,y,si,hysp,,
1992,goatdraw,1,1,2,144,pmtr,26136,f,y,n,y,y,feces,nega,,
1992,goatdraw,1,1,2,144,pmtr,26136,f,y,n,y,y,cc,syeu,m,2
1992,goatdraw,1,1,2,144,pmtr,26136,f,y,n,y,y,cc,syeu,f,2
1992,goatdraw,1,1,4,5,pmtr,26137,m,y,n,y,n,feces,elan,,
1992,goatdraw,1,1,4,12,pmtr,26138,f,y,n,y,n,feces,elan,,
1992,goatdraw,1,1,4,23,neal,26139,f,y,n,y,n,feces,nega,,
1992,goatdraw,1,1,4,28,neal,26140,f,y,n,y,y,si,hepo,m,1
1992,goatdraw,1,1,4,28,neal,26140,f,y,n,y,y,feces,nega,,
1992,goatdraw,1,1,4,46,pmtr,26141,m,y,n,y,n,feces,nega,,
1992,goatdraw,1,1,4,47,pmtr,26142,f,y,n,y,n,feces,nega,,
1992,goatdraw,1,1,4,48,pmtr,26143,m,y,n,y,n,feces,nega,,
1992,goatdraw,1,1,4,54,pmtr,26144,f,y,n,y,n,feces,nega,,
1992,goatdraw,1,1,4,68,pmtr,26145,m,y,n,y,n,feces,elan,,
1992,goatdraw,1,1,4,80,pmtr,26146,f,y,n,y,n,feces,nega,,
1992,goatdraw,1,1,4,81,pmtr,26147,m,y,n,y,n,feces,elan,,
1992,goatdraw,1,1,4,83,euqu,26148,m,y,n,y,n,feces,nega,,
1992,goatdraw,1,1,4,88,pmtr,26149,f,y,n,y,n,feces,elan,,
1992,goatdraw,1,1,4,91,neal,26150,f,y,n,y,n,feces,ealb,,
1992,goatdraw,1,1,4,102,pmtr,26151,f,n,n,y,n,feces,,,
1992,goatdraw,1,1,4,108,pmtr,26152,m,y,n,y,y,feces,elan,,
1992,goatdraw,1,1,4,108,pmtr,26152,m,y,n,y,y,st,gope,f,1
1992,goatdraw,1,1,4,108,pmtr,26152,m,y,n,y,y,cc,hede,f,38
1992,goatdraw,1,1,4,129,pmtr,26153,m,y,n,y,n,feces,elan,,
1992,goatdraw,1,1,4,131,pmtr,26154,f,y,n,y,n,feces,nega,,
1992,goatdraw,1,1,4,137,pmtr,26155,m,y,n,y,n,feces,eari,,
1992,goatdraw,1,1,4,143,pmtr,26156,m,y,n,y,n,feces,elan,,
1992,goatdraw,1,2,2,24,pmtr,26168,m,y,n,y,y,feces,nega,,
1992,goatdraw,1,2,2,24,pmtr,26168,m,y,n,y,y,cc,nema,,
1992,goatdraw,1,2,2,24,pmtr,26168,m,y,n,y,y,st,sype,m,2
1992,goatdraw,1,2,2,24,pmtr,26168,m,y,n,y,y,st,sype,f,1
1992,goatdraw,1,2,2,48,pmtr,26169,f,y,n,y,n,feces,nega,,
1992,goatdraw,1,2,2,60,pmtr,26170,m,y,n,y,y,feces,elan,,
1992,goatdraw,1,2,2,60,pmtr,26170,m,y,n,y,y,cc,oxsp,f,3
1992,goatdraw,1,2,2,80,pmtr,26171,m,y,n,y,n,feces,nega,,
1992,goatdraw,1,2,2,82,euqu,26172,f,y,n,y,n,feces,nega,,
1992,goatdraw,1,2,2,102,pmtr,26173,m,y,n,y,n,feces,nega,,
1992,goatdraw,1,2,2,108,pmtr,26174,m,y,n,y,n,feces,elan,,
1992,goatdraw,1,2,2,120,pmtr,26175,m,y,n,y,y,feces,elan,,
1992,goatdraw,1,2,2,120,pmtr,26175,m,y,n,y,y,cc,hede,f,4
1992,goatdraw,1,2,2,120,pmtr,26175,m,y,n,y,y,cc,sype,f,172
1992,goatdraw,1,2,2,120,pmtr,26175,m,y,n,y,y,cc,sype,m,134
1992,goatdraw,1,2,2,127,pmtr,26176,m,y,n,y,n,feces,nega,,
1992,goatdraw,1,2,4,22,neal,26177,f,y,n,y,n,feces,nega,,
1992,goatdraw,1,2,4,23,neal,26178,m,y,n,y,n,feces,ealb,,
1992,goatdraw,1,2,4,40,neal,26179,m,y,n,y,n,feces,ealb,,
1992,goatdraw,1,2,4,69,pmtr,26180,m,y,n,y,n,feces,elan,,
1992,goatdraw,1,2,4,83,pmtr,26181,f,y,n,y,n,feces,elan,,
1992,goatdraw,1,2,4,93,neal,26182,f,y,n,y,y,feces,ealb,,
1992,goatdraw,1,2,4,93,neal,26182,f,y,n,y,y,si,hepo,m,1
1992,goatdraw,1,2,4,93,neal,26182,f,y,n,y,y,si,hepo,f,2
1992,goatdraw,1,2,4,93,neal,26182,f,y,n,y,y,cc,syeu,f,5
1992,goatdraw,1,2,4,93,neal,26182,f,y,n,y,y,cc,syeu,m,2
1992,goatdraw,1,2,4,107,pmtr,26183,m,y,n,y,n,feces,nega,,
1992,goatdraw,1,2,4,108,pmtr,26184,m,y,n,y,n,feces,nega,,
1992,goatdraw,1,2,4,119,pmtr,26185,f,y,n,y,n,feces,elan,,
1992,goatdraw,1,2,4,127,neal,26186,m,y,n,y,y,feces,nega,,
1992,goatdraw,1,2,4,127,neal,26186,m,y,n,y,y,si,unne,,
1992,goatdraw,1,3,2,107,pmtr,26194,m,y,n,y,y,feces,nega,,
1992,goatdraw,1,3,2,107,pmtr,26194,m,y,n,y,y,cc,oxsp,f,13
1992,goatdraw,1,3,1,129,euqu,26195,f,y,n,y,n,feces,nega,,
1992,goatdraw,1,3,4,19,euqu,26196,f,y,n,y,n,feces,nega,,
1992,goatdraw,1,3,4,81,euqu,26197,f,y,n,y,n,feces,nega,,
1992,goatdraw,1,3,4,91,euqu,26198,f,y,n,y,y,cc,hede,m,4
1992,goatdraw,1,3,4,91,euqu,26198,f,y,n,y,y,cc,hede,f,9
1992,goatdraw,1,3,4,91,euqu,26198,f,y,n,y,y,feces,nega,,
1992,goatdraw,1,3,4,92,neal,26199,f,y,n,y,n,feces,nega,,
1992,goatdraw,1,3,4,103,neal,26200,f,y,n,y,y,si,hepo,m,1
1992,goatdraw,1,3,4,103,neal,26200,f,y,n,y,y,feces,nega,,
1992,goatdraw,1,3,4,103,neal,26200,f,y,n,y,y,cc,trsp,f,7
1992,goatdraw,1,3,4,103,neal,26200,f,y,n,y,y,cc,trsp,m,1
1992,goatdraw,1,3,4,125,euqu,26201,f,y,n,y,n,feces,nega,,
1992,goatdraw,1,3,5,81,euqu,26202,,n,n,n,n,feces,,,
1992,goatdraw,1,3,5,83,pmtr,26203,,n,n,n,n,feces,,,
1992,goatdraw,1,3,5,120,pmtr,26204,m,n,n,n,n,feces,,,
1992,goatdraw,1,3,1,47,pmtr,26205,f,n,n,n,n,feces,,,
1992,goatdraw,2,1,2,10,pmtr,28081,m,y,n,y,n,feces,eari,,
1992,goatdraw,2,1,2,42,pmtr,28082,m,y,n,y,n,feces,elan,,
1992,goatdraw,2,1,2,66,pmtr,28083,m,y,n,y,n,feces,elan,,
1992,goatdraw,2,1,2,71,pmtr,28084,m,y,n,y,n,feces,elan,,
1992,goatdraw,2,1,2,78,pmtr,28085,m,y,n,y,n,feces,elan,,
1992,goatdraw,2,1,2,14,pmtr,28086,f,y,n,y,n,feces,nega,,
1992,goatdraw,2,1,4,28,neal,28087,m,y,n,y,y,feces,elad,,
1992,goatdraw,2,1,4,28,neal,28087,m,y,n,y,y,si,hepo,m,2
1992,goatdraw,2,1,4,28,neal,28087,m,y,n,y,y,si,hepo,f,1
1992,goatdraw,2,1,4,31,pmtr,28088,f,y,y,y,n,feces,eari,,
1992,goatdraw,2,1,4,31,pmtr,28088,f,y,y,y,n,ecto,orle,,
1992,goatdraw,2,1,4,55,chin,28089,m,y,n,y,n,feces,nega,,
1992,goatdraw,2,1,4,59,pmtr,28090,f,y,n,y,n,feces,iper,,
1992,goatdraw,2,1,4,71,pmtr,28091,f,y,n,y,n,feces,eari,,
1992,goatdraw,2,1,4,81,neal,28092,f,y,n,y,y,feces,ealb,,
1992,goatdraw,2,1,4,81,neal,28092,f,y,n,y,y,feces,elad,,
1992,goatdraw,2,1,4,81,neal,28092,f,y,n,y,y,si,hepo,m,1
1992,goatdraw,2,1,4,81,neal,28092,f,y,n,y,y,si,hepo,f,1
1992,goatdraw,2,1,4,10,pmtr,28093,m,y,y,y,n,feces,elan,,
1992,goatdraw,2,1,4,11,neal,28094,f,y,n,y,y,feces,ealb,,
1992,goatdraw,2,1,4,11,neal,28094,f,y,n,y,y,feces,elad,,
1992,goatdraw,2,1,4,11,neal,28094,f,y,n,y,y,si,rasp,,1
1992,goatdraw,2,1,4,11,pmtr,28095,m,y,n,y,n,feces,elan,,
1992,goatdraw,2,1,4,11,pmtr,28096,f,y,n,y,y,si,hecu,m,1
1992,goatdraw,2,1,4,11,pmtr,28096,f,y,n,y,y,feces,iper,,
1992,goatdraw,2,1,4,13,neal,28097,f,y,n,y,y,feces,ealb,,
1992,goatdraw,2,1,4,13,neal,28097,f,y,n,y,y,feces,elad,,
1992,goatdraw,2,1,4,13,neal,28097,f,y,n,y,y,si,hede,f,2
1992,goatdraw,2,1,4,13,neal,28097,f,y,n,y,y,si,hepo,f,2
1992,goatdraw,2,2,2,23,pmtr,28098,f,y,n,y,n,feces,eari,,
1992,goatdraw,2,2,2,67,pmtr,28099,m,y,n,y,n,feces,nega,,
1992,goatdraw,2,2,2,77,pmtr,28100,f,y,n,y,n,feces,nega,,
1992,goatdraw,2,2,2,80,euqu,28101,m,y,n,y,n,feces,nega,,
1992,goatdraw,2,2,2,10,pmtr,28102,m,y,n,y,n,feces,nega,,
1992,goatdraw,2,2,2,12,pmtr,28103,m,y,n,y,n,feces,eari,,
1992,goatdraw,2,2,2,12,pmtr,28103,m,y,n,y,n,feces,elan,,
1992,goatdraw,2,2,4,66,neal,28104,m,y,n,y,y,feces,ealb,,
1992,goatdraw,2,2,4,66,neal,28104,m,y,n,y,y,si,hepo,f,2
1992,goatdraw,2,2,4,66,neal,28104,m,y,n,y,y,si,hepo,m,2
1992,goatdraw,2,2,4,66,neal,28104,m,y,n,y,y,cc,trsp,f,1
1992,goatdraw,2,2,4,66,neal,28104,m,y,n,y,y,cc,trsp,m,1
1992,goatdraw,2,2,4,82,euqu,28105,m,y,n,y,y,cc,hede,f,6
1992,goatdraw,2,2,4,82,euqu,28105,m,y,n,y,y,cc,hede,m,1
1992,goatdraw,2,2,4,82,euqu,28105,m,y,n,y,y,cc,hepo,m,1
1992,goatdraw,2,2,4,82,euqu,28105,m,y,n,y,y,feces,nega,,
1992,goatdraw,2,2,4,93,pmtr,28106,f,y,n,y,y,cc,hede,f,3
1992,goatdraw,2,2,4,93,pmtr,28106,f,y,n,y,y,feces,nega,,
1992,goatdraw,2,1,3,92,pmtr,28110,m,y,n,y,n,feces,eari,,
1992,goatdraw,2,2,4,57,pmtr,28111,m,y,n,y,n,feces,elan,,
1992,goatdraw,2,2,5,23,euqu,28112,f,y,n,y,n,feces,nega,,
1992,goatdraw,2,2,3,11,pmtr,28113,m,y,n,y,n,feces,nega,,
1992,goatdraw,2,3,2,23,pmtr,28119,m,y,n,y,n,feces,nega,,
1992,goatdraw,2,3,2,91,amin,28120,m,y,y,n,n,feces,nega,,
1992,goatdraw,2,3,2,91,amin,28120,m,y,y,n,n,ecto,thbp,,2
1992,goatdraw,2,3,2,13,pmtr,28121,m,y,n,y,n,feces,nega,,
1992,goatdraw,2,3,4,4,chin,28122,m,y,y,n,n,ecto,mite,,
1992,goatdraw,2,3,4,4,chin,28122,m,y,y,n,n,feces,nega,,
1992,goatdraw,2,3,4,84,pmtr,28123,m,y,y,n,n,feces,eari,,
1992,goatdraw,2,3,4,84,pmtr,28123,m,y,y,n,n,ecto,orle,,1
1992,goatdraw,2,3,4,96,euqu,28124,f,y,n,y,y,feces,nega,,
1992,goatdraw,2,3,4,96,euqu,28124,f,y,n,y,y,cc,unne,,
1992,goatdraw,2,1,1,131,pmtr,28125,m,y,y,y,n,feces,eari,,
1993,goatdraw,1,1,4,23,pmtr,26743,f,y,n,y,n,feces,elan,,
1993,goatdraw,1,1,4,29,pmtr,26744,m,y,n,y,n,feces,nega,,
1993,goatdraw,1,1,4,24,pmtr,26745,f,y,n,y,n,feces,nega,,
1993,goatdraw,1,1,4,31,pmtr,26746,m,y,n,y,n,feces,elan,,
1993,goatdraw,1,1,4,33,pmtr,26747,f,y,n,y,n,feces,elan,,
1993,goatdraw,1,1,4,34,pmtr,26748,m,y,n,y,n,feces,nega,,
1993,goatdraw,1,1,4,47,pmtr,26749,f,y,n,y,n,feces,elan,,
1993,goatdraw,1,1,4,58,euqu,26750,f,y,n,y,y,feces,etam,,
1993,goatdraw,1,1,4,58,euqu,26750,f,y,n,y,y,cc,hede,f,1
1993,goatdraw,1,1,4,79,pmtr,26751,f,y,n,y,y,feces,elan,,
1993,goatdraw,1,1,4,79,pmtr,26751,f,y,n,y,y,bc,tasp,l,4
1993,goatdraw,1,1,4,10,pmtr,26752,m,y,n,y,y,feces,nega,,
1993,goatdraw,1,1,4,10,pmtr,26752,m,y,n,y,y,bc,tasp,l,8
1993,goatdraw,1,1,4,10,pmtr,26753,f,y,n,y,n,feces,nega,,
1993,goatdraw,1,1,4,11,pmtr,26754,f,y,n,y,n,feces,nega,,
1993,goatdraw,1,1,4,13,euqu,26755,m,y,n,y,y,feces,nega,,
1993,goatdraw,1,1,4,13,euqu,26755,m,y,n,y,y,cc,syeu,f,78
1993,goatdraw,1,1,4,13,euqu,26755,m,y,n,y,y,cc,syeu,m,7
1993,goatdraw,1,1,4,14,pmtr,26756,f,y,n,y,y,feces,nega,,
1993,goatdraw,1,1,4,14,pmtr,26756,f,y,n,y,y,bc,tasp,,1
1993,goatdraw,1,1,2,34,pmtr,26757,f,y,n,y,n,feces,nega,,
1993,goatdraw,1,1,2,48,pmtr,26758,f,y,n,y,n,feces,elan,,
1993,goatdraw,1,1,2,59,neal,26759,f,y,n,y,y,cc,assp,m,1
1993,goatdraw,1,1,2,59,neal,26759,f,y,n,y,y,cc,assp,f,2
1993,goatdraw,1,1,2,59,neal,26759,f,y,n,y,y,feces,nega,,
1993,goatdraw,1,1,2,62,pmtr,26760,m,y,n,y,n,feces,elan,,
1993,goatdraw,1,1,2,66,pmtr,26761,m,y,n,y,n,feces,elan,,
1993,goatdraw,1,1,2,78,pmtr,26762,f,y,n,y,n,feces,elan,,
1993,goatdraw,1,1,2,10,pmtr,26763,f,y,n,y,n,feces,elan,,
1993,goatdraw,1,1,2,10,pmtr,26764,f,y,n,y,n,feces,nega,,
1993,goatdraw,1,1,2,14,pmtr,26765,m,y,n,y,n,feces,nega,,
1993,goatdraw,1,2,4,9,pmtr,26786,m,y,n,y,n,feces,nega,,
1993,goatdraw,1,2,4,10,pmtr,26787,f,y,n,y,n,feces,elan,,
1993,goatdraw,1,2,4,12,pmtr,26788,m,y,n,y,n,feces,elan,,
1993,goatdraw,1,2,4,16,pmdi,26789,m,y,n,y,n,feces,nega,,
1993,goatdraw,1,2,4,17,pmtr,26790,f,y,n,y,n,feces,nega,,
1993,goatdraw,1,2,4,21,pmtr,26791,m,y,n,y,n,feces,nega,,
1993,goatdraw,1,2,4,31,neal,26792,f,y,n,y,y,feces,ealb,,
1993,goatdraw,1,2,4,31,neal,26792,f,y,n,y,y,si,hede,m,1
1993,goatdraw,1,2,4,31,neal,26792,f,y,n,y,y,si,hede,f,1
1993,goatdraw,1,2,4,31,neal,26792,f,y,n,y,y,cc,syeu,f,2
1993,goatdraw,1,2,4,31,neal,26792,f,y,n,y,y,cc,syeu,m,2
1993,goatdraw,1,2,4,35,euqu,26793,f,y,n,y,n,feces,nega,,
1993,goatdraw,1,2,4,48,pmtr,26794,m,y,y,y,n,ecto,cune,,1
1993,goatdraw,1,2,4,48,pmtr,26794,m,y,y,y,n,feces,elan,,
1993,goatdraw,1,2,4,54,neal,26795,m,y,n,y,n,feces,elad,,
1993,goatdraw,1,2,4,65,neal,26796,f,y,n,y,n,feces,nega,,
1993,goatdraw,1,2,4,69,pmtr,26797,m,y,n,y,n,feces,elan,,
1993,goatdraw,1,2,4,84,pmtr,26798,m,y,n,y,y,feces,elan,,
1993,goatdraw,1,2,4,84,pmtr,26798,m,y,n,y,y,cc,oxsp,f,2
1993,goatdraw,1,2,4,85,euqu,26799,f,y,n,y,n,feces,nega,,
1993,goatdraw,1,2,4,10,neal,26800,f,y,n,y,n,feces,nega,,
1993,goatdraw,1,2,4,11,pmdi,26801,m,y,n,y,n,feces,nega,,
1993,goatdraw,1,2,4,12,euqu,26802,m,y,n,y,y,feces,nega,,
1993,goatdraw,1,2,4,12,euqu,26802,m,y,n,y,y,cc,syeu,f,4
1993,goatdraw,1,2,4,12,euqu,26802,m,y,n,y,y,cc,syeu,m,2
1993,goatdraw,1,2,4,14,pmtr,26803,f,y,n,y,n,feces,nega,,
1993,goatdraw,1,2,2,12,amin,26805,m,y,n,y,n,feces,evil,,
1993,goatdraw,1,2,2,60,neal,26807,m,y,n,y,n,feces,nega,,
1993,goatdraw,1,2,2,78,pmtr,26808,m,y,n,y,n,feces,elan,,
1993,goatdraw,1,2,2,95,euqu,26809,f,y,n,y,y,cc,hecu,m,5
1993,goatdraw,1,2,2,95,euqu,26809,f,y,n,y,y,cc,hecu,f,2
1993,goatdraw,1,2,2,95,euqu,26809,f,y,n,y,y,feces,nega,,
1993,goatdraw,1,2,2,13,euqu,26810,m,y,n,y,y,feces,nega,,
1993,goatdraw,1,2,2,13,euqu,26810,m,y,n,y,y,cc,syeu,m,1
1993,goatdraw,1,2,2,13,pmtr,26811,m,y,n,y,n,feces,nega,,
1993,goatdraw,1,2,4,79,pmtr,26816,m,y,n,y,n,feces,elan,,
1993,goatdraw,1,3,2,13,pmtr,26817,f,y,n,y,n,feces,nega,,
1993,goatdraw,1,3,2,39,pmle,26818,m,y,n,y,n,feces,nega,,
1993,goatdraw,1,3,2,42,euqu,26819,f,y,n,y,y,cc,hede,f,1
1993,goatdraw,1,3,2,42,euqu,26819,f,y,n,y,y,feces,nega,,
1993,goatdraw,1,3,2,44,pmle,26820,f,y,n,y,n,feces,nega,,
1993,goatdraw,1,3,2,67,euqu,26821,f,y,n,y,y,cc,hede,f,5
1993,goatdraw,1,3,2,67,euqu,26821,f,y,n,y,y,feces,nega,,
1993,goatdraw,1,3,2,72,pmtr,26822,f,y,n,y,n,feces,elan,,
1993,goatdraw,1,3,2,82,pmle,26823,f,y,n,y,n,feces,nega,,
1993,goatdraw,1,3,2,10,pmtr,26824,m,y,n,y,n,feces,elan,,
1993,goatdraw,1,3,2,11,pmtr,26825,m,y,n,y,n,feces,nega,,
1993,goatdraw,1,3,4,9,pmtr,26826,m,y,n,y,n,feces,nega,,
1993,goatdraw,1,3,4,14,pmtr,26827,m,y,n,y,n,feces,nega,,
1993,goatdraw,1,3,4,23,euqu,26828,m,y,n,y,y,cc,hede,f,3
1993,goatdraw,1,3,4,23,euqu,26828,m,y,n,y,y,feces,nega,,
1993,goatdraw,1,3,4,47,pmtr,26829,m,y,n,y,n,feces,nega,,
1993,goatdraw,1,3,4,81,pmtr,26830,m,y,n,y,n,feces,nega,,
1993,goatdraw,1,3,4,13,euqu,26831,m,y,n,y,y,cc,hede,f,178
1993,goatdraw,1,3,4,13,euqu,26831,m,y,n,y,y,feces,nega,,
1993,goatdraw,1,3,4,13,euqu,26832,m,y,n,y,y,cc,hede,f,18
1993,goatdraw,1,3,4,13,euqu,26832,m,y,n,y,y,feces,nega,,
1993,goatdraw,1,3,2,44,pmle,26833,f,y,n,y,n,feces,nega,,
1993,goatdraw,2,1,2,17,pmtr,32646,f,y,n,y,n,feces,nega,,
1993,goatdraw,2,1,2,30,pmtr,32647,m,y,n,y,n,feces,nega,,
1993,goatdraw,2,1,2,36,pmtr,32648,m,y,n,y,n,feces,nega,,
1993,goatdraw,2,1,2,83,pmtr,32649,f,y,n,y,n,feces,elan,,
1993,goatdraw,2,1,2,91,pmtr,32650,f,y,n,y,n,feces,eari,,
1993,goatdraw,2,1,2,12,pmtr,32651,f,y,n,y,n,feces,nega,,
1993,goatdraw,2,1,2,12,pmtr,32652,m,y,n,y,n,feces,nega,,
1993,goatdraw,2,1,2,13,pmtr,32653,f,y,n,y,y,feces,nega,,
1993,goatdraw,2,1,2,13,pmtr,32653,f,y,n,y,y,cc,oxsp,f,11
1993,goatdraw,2,1,2,13,pmtr,32653,f,y,n,y,y,cc,oxsp,l,1
1993,goatdraw,2,1,4,33,pmtr,32654,m,y,n,y,n,feces,elan,,
1993,goatdraw,2,1,4,46,pmtr,32655,f,y,n,y,n,feces,nega,,
1993,goatdraw,2,1,4,56,pmtr,32656,f,y,n,y,n,feces,elan,,
1993,goatdraw,2,1,4,75,pmtr,32657,m,y,y,y,n,ecto,cune,,1
1993,goatdraw,2,1,4,75,pmtr,32657,m,y,y,y,n,feces,nega,,
1993,goatdraw,2,1,4,82,pmtr,32658,f,y,n,y,n,feces,nega,,
1993,goatdraw,2,1,4,92,pmbo,32659,m,y,n,y,y,st,madi,f,2
1993,goatdraw,2,1,4,92,pmbo,32659,m,y,n,y,y,feces,nega,,
1993,goatdraw,2,1,4,10,pmbo,32660,f,y,n,y,n,feces,elan,,
1993,goatdraw,2,1,4,12,pmtr,32661,m,y,n,y,n,feces,adsp,,
1993,goatdraw,2,1,4,12,pmtr,32661,m,y,n,y,n,feces,elan,,
1993,goatdraw,2,2,2,12,pmtr,32672,f,y,n,y,n,feces,nega,,
1993,goatdraw,2,2,4,14,pmbo,32673,f,y,n,y,y,si,cape,,1
1993,goatdraw,2,2,4,14,pmbo,32673,f,y,n,y,y,feces,elan,,
1993,goatdraw,2,2,4,46,pmtr,32674,f,y,y,y,n,ecto,cune,,1
1993,goatdraw,2,2,4,46,pmtr,32674,f,y,y,y,n,feces,nega,,
1993,goatdraw,2,2,4,67,pmtr,32675,f,y,n,y,n,feces,elan,,
1993,goatdraw,2,2,4,82,pmbo,32676,f,y,n,y,n,feces,eper,,
1993,goatdraw,2,2,4,8,chin,32677,f,y,n,y,n,feces,nega,,
1993,goatdraw,2,2,4,22,neal,32678,f,y,n,y,n,feces,nega,,
1993,goatdraw,2,2,4,36,neal,32679,m,y,y,y,y,ecto,cuau,,1
1993,goatdraw,2,2,4,36,neal,32679,m,y,y,y,y,feces,ealb,,
1993,goatdraw,2,2,4,36,neal,32679,m,y,y,y,y,si,hepo,m,5
1993,goatdraw,2,2,4,36,neal,32679,m,y,y,y,y,si,hepo,f,2
1993,goatdraw,2,2,4,36,neal,32679,m,y,y,y,y,cc,trsp,f,2
1993,goatdraw,2,2,4,81,pgfv,32680,f,y,n,y,y,feces,eree,,
1993,goatdraw,2,2,4,81,pgfv,32680,f,y,n,y,y,cc,hede,f,2
1993,goatdraw,2,3,2,45,pmtr,32682,f,y,n,y,n,feces,nega,,
1993,goatdraw,2,3,4,22,pmtr,32685,m,y,n,y,n,feces,nega,,
1993,goatdraw,2,3,4,83,pmtr,32686,m,y,n,y,n,feces,eari,,
1993,goatdraw,2,3,4,14,pmtr,32687,m,y,n,y,n,feces,nega,,
1993,goatdraw,2,3,4,13,chin,32688,m,y,n,y,n,feces,eree,,
1994,goatdraw,1,1,4,59,pmtr,31501,f,y,n,y,n,feces,nega,,
1994,goatdraw,1,1,4,71,pmtr,31502,f,y,n,y,n,feces,nega,,
1994,goatdraw,1,1,4,91,neal,31503,f,y,n,y,y,feces,nega,,
1994,goatdraw,1,2,2,35,pmtr,31507,m,y,n,y,n,feces,nega,,
1994,goatdraw,1,2,2,90,pmtr,31508,m,y,n,y,n,feces,nega,,
1994,goatdraw,1,2,2,95,pmtr,31509,f,y,n,y,n,feces,nega,,
1994,goatdraw,1,2,4,16,pmtr,31510,f,y,n,y,n,feces,nega,,
1994,goatdraw,1,2,4,14,pmtr,31511,f,y,n,y,n,feces,nega,,
1994,goatdraw,1,3,2,44,pmtr,31516,f,y,y,y,n,ecto,cune,,1
1994,goatdraw,1,3,2,44,pmtr,31516,f,y,y,y,n,feces,nega,,
1994,goatdraw,1,3,2,77,pmtr,31517,m,y,n,y,n,feces,nega,,
1994,goatdraw,1,3,2,12,pmtr,31518,m,y,n,y,n,feces,eper,,
1994,goatdraw,1,3,4,10,pmtr,31519,m,y,n,y,n,feces,unsp,,
1994,goatdraw,1,3,4,54,pmtr,31520,m,y,n,y,n,feces,nega,,
1994,goatdraw,1,3,4,11,chin,31521,m,y,n,y,n,feces,epeg,,
1994,goatdraw,1,3,4,11,pmtr,31522,f,y,n,y,n,feces,nega,,
1994,goatdraw,3,1,4,66,neal,31812,f,y,n,y,y,feces,ealb,,
1994,goatdraw,3,1,4,66,neal,31812,f,y,n,y,y,si,hepo,f,1
1994,goatdraw,3,2,4,11,neal,31813,m,y,n,y,y,si,hepo,f,3
1994,goatdraw,3,2,4,11,neal,31813,m,y,n,y,y,si,hepo,m,1
1994,goatdraw,3,2,4,11,neal,31813,m,y,n,y,y,si,hysp,,1
1994,goatdraw,3,2,4,11,neal,31813,m,y,n,y,y,feces,nega,,
1994,goatdraw,3,3,4,47,pgfv,31828,m,y,n,y,y,cc,hede,m,8
1994,goatdraw,3,3,4,47,pgfv,31828,m,y,n,y,y,cc,hede,f,17
1994,goatdraw,3,3,4,94,euqu,31829,m,y,y,y,y,si,sysp,,1
1995,goatdraw,3,1,4,88,chin,33609,f,y,y,y,y,feces,nega,,
1995,goatdraw,3,1,4,88,chin,33609,f,y,y,y,y,ecto,tick,,
1995,goatdraw,3,1,4,78,neal,33610,m,y,n,y,n,feces,ealb,,
1995,goatdraw,3,1,4,83,pgfv,33611,m,y,n,y,n,feces,nega,,
1995,goatdraw,3,1,4,10,pmtr,33612,f,y,y,y,n,ecto,,,
1995,goatdraw,3,1,4,10,pmtr,33612,f,y,y,y,n,feces,nega,,
1995,goatdraw,3,1,4,12,pmtr,33613,f,y,n,y,n,feces,elan,,
1995,goatdraw,3,1,4,13,pmtr,33614,f,y,n,y,n,feces,nega,,
1995,goatdraw,3,1,4,14,pmtr,33615,m,y,n,y,n,ecto,cune,,1
1995,goatdraw,3,1,4,14,pmtr,33615,m,y,n,y,n,feces,nega,,
1995,goatdraw,3,1,2,7,pmtr,33616,f,y,n,y,y,st,madi,f,3
1995,goatdraw,3,1,2,7,pmtr,33616,f,y,n,y,y,feces,nega,,
1995,goatdraw,3,1,2,10,pmtr,33617,m,y,n,y,y,ecto,cune,,2
1995,goatdraw,3,1,2,10,pmtr,33617,m,y,n,y,y,feces,nega,,
1995,goatdraw,3,1,2,10,pmtr,33617,m,y,n,y,y,cc,oxsp,f,14
1995,goatdraw,3,1,2,10,pmtr,33617,m,y,n,y,y,cc,oxsp,m,1
1995,goatdraw,3,1,2,35,pmtr,33618,f,y,n,y,y,feces,iper,,
1995,goatdraw,3,1,2,48,pmtr,33619,m,y,n,y,n,feces,elan,,
1995,goatdraw,3,1,2,59,pmtr,33620,f,y,n,y,n,feces,nega,,
1995,goatdraw,3,1,2,69,pmtr,33621,m,y,n,y,n,feces,nega,,
1995,goatdraw,3,1,2,10,pmtr,33623,m,y,n,y,n,feces,nega,,
1995,goatdraw,3,1,2,13,pmtr,33624,m,y,n,y,n,feces,nega,,
1995,goatdraw,3,2,2,35,pmtr,33637,m,y,n,y,n,feces,nega,,
1995,goatdraw,3,2,2,37,pmbo,33638,m,y,y,y,n,feces,nega,,
1995,goatdraw,3,2,2,37,pmbo,33638,m,y,y,y,n,ecto,tick,,1
1995,goatdraw,3,2,2,47,pmtr,33639,f,y,n,y,n,feces,nega,,
1995,goatdraw,3,2,2,14,pmtr,33640,f,y,y,y,n,feces,nega,,
1995,goatdraw,3,2,2,14,pmtr,33640,f,y,y,y,n,ecto,tick,,
1995,goatdraw,3,2,4,81,pmtr,33641,m,y,n,y,n,feces,nega,,
1995,goatdraw,3,2,4,10,neal,33642,m,y,y,y,y,cc,assp,f,3
1995,goatdraw,3,2,4,10,neal,33642,m,y,y,y,y,ecto,mite,,
1995,goatdraw,3,2,4,10,neal,33642,m,y,y,y,y,feces,nega,,
1995,goatdraw,3,2,4,10,neal,33642,m,y,y,y,y,st,nema,,1
1995,goatdraw,3,2,4,10,neal,33642,m,y,y,y,y,ecto,tick,,
1995,goatdraw,3,2,4,10,neal,33642,m,y,y,y,y,si,unce,,1
1995,goatdraw,3,2,4,10,chin,33643,m,y,y,y,n,ecto,flea,,
1995,goatdraw,3,2,4,10,chin,33643,m,y,y,y,n,feces,nega,,
1995,goatdraw,3,2,4,13,pmtr,33644,m,y,y,y,n,ecto,cune,,1
1995,goatdraw,3,2,4,13,pmtr,33644,m,y,y,y,n,feces,nega,,
1995,goatdraw,3,2,4,11,pmtr,33645,m,y,n,y,n,feces,nega,,
1995,goatdraw,3,2,3,31,pmtr,33646,m,y,n,y,n,feces,nega,,
1995,goatdraw,3,2,1,4,pmtr,33647,m,y,n,y,n,feces,nega,,
1995,goatdraw,3,3,1,39,pmtr,33656,f,y,n,y,n,feces,nega,,
1995,goatdraw,3,3,1,50,pmtr,33657,m,y,n,y,n,feces,nega,,
1995,goatdraw,3,3,1,12,pmtr,33658,m,y,n,y,n,feces,nega,,
1995,goatdraw,3,3,1,12,pmtr,33659,f,y,n,y,n,feces,nega,,
1995,goatdraw,3,3,1,14,pmtr,33660,f,y,n,y,n,feces,nega,,
1995,goatdraw,3,3,2,9,pmbo,33661,f,y,n,y,n,feces,nega,,
1995,goatdraw,3,3,2,91,pmtr,33662,m,y,n,y,n,feces,nega,,
1995,goatdraw,3,3,3,97,neal,33663,f,y,y,y,y,si,hepo,f,3
1995,goatdraw,3,3,3,97,neal,33663,f,y,y,y,y,ecto,mite,,
1995,goatdraw,3,3,3,97,neal,33663,f,y,y,y,y,feces,nega,,
1995,goatdraw,3,3,3,10,pmtr,33664,m,y,n,y,n,feces,nega,,
1995,goatdraw,3,3,3,12,pmtr,33665,m,y,y,y,n,ecto,ameu,,1
1995,goatdraw,3,3,3,12,pmtr,33665,m,y,y,y,n,feces,nega,,
1995,goatdraw,3,3,3,12,pmtr,33666,m,y,n,y,n,feces,elan,,
1995,goatdraw,3,3,4,54,pmtr,33667,m,y,n,y,n,feces,nega,,
1995,goatdraw,3,3,5,14,pmtr,33668,f,y,y,y,n,feces,nega,,
1995,goatdraw,3,3,5,14,pmtr,33668,f,y,y,y,n,ecto,orca,,1
1995,goatdraw,3,3,5,44,pmtr,33669,f,y,n,y,n,feces,nega,,
1995,goatdraw,3,3,5,52,pgfv,33670,f,y,y,y,n,ecto,mite,,
1995,goatdraw,3,3,5,52,pgfv,33670,f,y,y,y,n,feces,nega,,
1995,goatdraw,3,3,5,68,pmtr,33671,m,y,n,y,n,feces,eper,,
1995,goatdraw,3,3,2,35,pmtr,33672,m,y,n,y,n,feces,nega,,
1995,goatdraw,3,3,2,93,pmtr,33673,m,y,n,y,n,feces,nega,,
1995,goatdraw,3,3,2,12,pmtr,33674,m,y,y,y,y,feces,elan,,
1995,goatdraw,3,3,2,12,pmtr,33674,m,y,y,y,y,cc,hede,m,1
1995,goatdraw,3,3,2,12,pmtr,33674,m,y,y,y,y,ecto,orle,,1
1995,goatdraw,3,3,2,59,neal,33675,f,y,n,y,y,cc,assp,f,1
1995,goatdraw,3,3,2,59,neal,33675,f,y,n,y,y,cc,assp,m,1
1995,goatdraw,3,3,2,59,neal,33675,f,y,n,y,y,feces,ealb,,
1995,goatdraw,3,3,2,59,neal,33675,f,y,n,y,y,st,nene,f,1
1995,goatdraw,3,3,4,11,remg,33676,m,y,y,y,y,ecto,lice,,
1995,goatdraw,3,3,4,11,remg,33676,m,y,y,y,y,st,madi,f,3
1995,goatdraw,3,3,4,34,pgfv,33677,f,y,n,y,y,cc,hede,f,3
1995,goatdraw,3,3,4,34,pgfv,33677,f,y,n,y,y,feces,nega,,
1995,goatdraw,3,3,4,35,pmtr,33678,f,y,y,y,n,feces,elan,,
1995,goatdraw,3,3,4,35,pmtr,33678,f,y,y,y,n,ecto,orca,,1
1995,goatdraw,3,3,4,58,pmtr,33679,f,y,n,y,y,feces,nega,,
1995,goatdraw,3,3,4,58,pmtr,33679,f,y,n,y,y,si,unce,,1
1995,goatdraw,3,3,4,10,pmtr,33680,m,y,n,y,n,feces,eper,,
1995,goatdraw,1,1,2,5,pmtr,34105,m,y,n,y,n,feces,elan,,
1995,goatdraw,1,1,2,31,pmtr,34106,f,y,n,y,n,feces,nega,,
1995,goatdraw,1,1,2,36,pmtr,34107,m,y,n,y,y,feces,elan,,
1995,goatdraw,1,1,2,36,pmtr,34107,m,y,n,y,y,cc,oxsp,f,5
1995,goatdraw,1,1,2,45,pmtr,34108,m,y,n,y,n,feces,nega,,
1995,goatdraw,1,1,2,59,pmtr,34109,m,y,n,y,n,feces,nega,,
1995,goatdraw,1,1,2,80,pmtr,34110,f,y,y,y,n,ecto,cune,,1
1995,goatdraw,1,1,2,80,pmtr,34110,f,y,y,y,n,feces,nega,,
1995,goatdraw,1,1,2,10,pmtr,34111,f,y,n,y,n,feces,elan,,
1995,goatdraw,1,1,2,11,pmtr,34112,m,y,y,y,n,ecto,cune,,1
1995,goatdraw,1,1,2,11,pmtr,34112,m,y,y,y,n,feces,nega,,
1995,goatdraw,1,1,2,12,pmtr,34113,m,y,n,y,n,feces,nega,,
1995,goatdraw,1,1,4,10,pmtr,34114,f,y,n,y,n,feces,nega,,
1995,goatdraw,1,1,4,11,pmtr,34115,m,y,n,y,n,feces,nega,,
1995,goatdraw,1,1,4,5,pmtr,34116,f,y,n,y,n,feces,nega,,
1995,goatdraw,1,1,4,60,pmtr,34117,m,y,y,y,n,feces,nega,,
1995,goatdraw,1,1,4,60,pmtr,34117,m,y,y,y,n,ecto,orca,,1
1995,goatdraw,1,2,2,29,pmtr,34125,m,y,y,y,n,ecto,lice,,2
1995,goatdraw,1,2,2,29,pmtr,34125,m,y,y,y,n,feces,nega,,
1995,goatdraw,1,2,2,57,pmtr,34126,f,y,n,y,n,feces,nega,,
1995,goatdraw,1,2,2,59,pmtr,34127,m,y,y,y,n,ecto,lice,,2
1995,goatdraw,1,2,2,59,pmtr,34127,m,y,y,y,n,feces,nega,,
1995,goatdraw,1,2,2,59,pmtr,34127,m,y,y,y,n,ecto,unfl,,1
1995,goatdraw,1,2,2,82,pmtr,34128,f,y,n,y,n,feces,nega,,
1995,goatdraw,1,2,2,11,pmtr,34129,m,y,y,y,n,feces,nega,,
1995,goatdraw,1,2,2,11,pmtr,34129,m,y,y,y,n,ecto,orca,,2
1995,goatdraw,1,2,2,11,pmtr,34129,m,y,y,y,n,ecto,orle,,2
1995,goatdraw,1,2,2,13,pmtr,34130,m,y,n,y,n,feces,elan,,
1995,goatdraw,1,2,4,28,pmtr,34131,m,y,y,y,n,ecto,lice,,
1995,goatdraw,1,2,4,28,pmtr,34131,m,y,y,y,n,feces,nega,,
1995,goatdraw,1,2,4,59,pmtr,34132,m,y,n,y,n,feces,nega,,
1995,goatdraw,1,2,4,69,pmtr,34133,m,y,n,y,n,feces,nega,,
1995,goatdraw,1,2,4,91,pmtr,34134,m,y,n,y,n,feces,nega,,
1995,goatdraw,1,2,4,10,pmtr,34135,f,y,y,y,n,ecto,cune,,2
1995,goatdraw,1,2,4,10,pmtr,34135,f,y,y,y,n,feces,nega,,
1995,goatdraw,1,2,4,14,pmtr,34136,f,y,n,y,n,feces,nega,,
1995,goatdraw,1,3,4,5,pmtr,34137,m,y,n,y,n,feces,elan,,
1995,goatdraw,1,3,4,23,euqu,34138,m,y,n,y,y,cc,hecu,m,2
1995,goatdraw,1,3,4,23,euqu,34138,m,y,n,y,y,cc,hecu,f,2
1995,goatdraw,1,3,4,23,euqu,34138,m,y,n,y,y,cc,hede,f,16
1995,goatdraw,1,3,4,23,euqu,34138,m,y,n,y,y,feces,nega,,
1995,goatdraw,1,3,4,23,euqu,34138,m,y,n,y,y,cc,syeu,m,1
1995,goatdraw,1,3,4,23,euqu,34138,m,y,n,y,y,si,unce,,8
1995,goatdraw,1,3,4,91,pmtr,34139,m,y,n,y,n,feces,nega,,
1995,goatdraw,1,3,5,10,euqu,34141,m,y,n,y,n,feces,nega,,
1996,goatdraw,1,1,2,9,pmtr,40068,f,y,n,y,n,feces,nega,,
1996,goatdraw,1,1,2,22,pmtr,40069,m,y,y,y,n,feces,nega,,
1996,goatdraw,1,1,2,22,pmtr,40069,m,y,y,y,n,ecto,orle,,1
1996,goatdraw,1,1,2,33,pmtr,40070,f,y,n,y,n,feces,nega,,
1996,goatdraw,1,1,2,44,pmtr,40071,f,y,y,y,n,ecto,flea,,1
1996,goatdraw,1,1,2,44,pmtr,40071,f,y,y,y,n,feces,nega,,
1996,goatdraw,1,1,2,57,pmtr,40072,m,y,n,y,n,feces,nega,,
1996,goatdraw,1,1,2,59,pmtr,40073,m,y,y,y,n,ecto,mite,,3
1996,goatdraw,1,1,2,59,pmtr,40073,m,y,y,y,n,feces,nega,,
1996,goatdraw,1,1,2,71,pmtr,40074,m,y,n,y,n,feces,nega,,
1996,goatdraw,1,1,2,82,pmtr,40075,f,y,y,y,n,feces,nega,,
1996,goatdraw,1,1,2,82,pmtr,40075,f,y,y,y,n,ecto,orle,,
1996,goatdraw,1,1,2,83,pmtr,40076,m,y,y,y,n,ecto,lice,,1
1996,goatdraw,1,1,2,83,pmtr,40076,m,y,y,y,n,feces,nega,,
1996,goatdraw,1,1,2,83,pmtr,40076,m,y,y,y,n,ecto,orle,,1
1996,goatdraw,1,1,2,131,pmtr,40077,m,y,y,y,n,ecto,mite,,1
1996,goatdraw,1,1,2,131,pmtr,40077,m,y,y,y,n,feces,nega,,
1996,goatdraw,1,1,4,3,pmtr,40078,f,y,n,y,n,feces,nega,,
1996,goatdraw,1,1,4,23,pmtr,40079,f,y,n,y,n,feces,nega,,
1996,goatdraw,1,1,4,36,pmtr,40080,m,y,y,y,n,ecto,masi,,3
1996,goatdraw,1,1,4,36,pmtr,40080,m,y,y,y,n,feces,unsp,,
1996,goatdraw,1,1,4,47,pmtr,40081,f,y,n,y,n,feces,nega,,
1996,goatdraw,1,1,4,58,pmtr,40082,m,y,y,y,y,si,cape,,1
1996,goatdraw,1,1,4,58,pmtr,40082,m,y,y,y,y,ecto,mite,,1
1996,goatdraw,1,1,4,58,pmtr,40082,m,y,y,y,y,feces,nega,,
1996,goatdraw,1,1,4,80,pmtr,40083,f,y,y,y,n,feces,nega,,
1996,goatdraw,1,1,4,80,pmtr,40083,f,y,y,y,n,ecto,orle,,1
1996,goatdraw,1,1,4,82,pmtr,40084,f,y,y,y,n,feces,nega,,
1996,goatdraw,1,1,4,82,pmtr,40084,f,y,y,y,n,ecto,orle,,1
1996,goatdraw,1,1,4,96,pmtr,40085,f,y,n,y,n,feces,nega,,
1996,goatdraw,1,1,4,107,pmtr,40086,m,y,n,y,n,feces,nega,,
1996,goatdraw,1,1,4,120,pmtr,40087,f,y,n,y,n,feces,nega,,
1996,goatdraw,1,1,4,129,pmtr,40088,m,y,y,y,n,feces,iper,,
1996,goatdraw,1,1,4,129,pmtr,40088,m,y,y,y,n,ecto,orle,,2
1996,goatdraw,1,1,4,132,euqu,40089,m,y,y,y,y,cc,hede,f,1
1996,goatdraw,1,1,4,132,euqu,40089,m,y,y,y,y,ecto,lice,,10
1996,goatdraw,1,1,4,132,euqu,40089,m,y,y,y,y,feces,nega,,
1996,goatdraw,1,1,4,139,pmtr,40090,m,y,y,y,n,ecto,mite,,3
1996,goatdraw,1,1,4,139,pmtr,40090,m,y,y,y,n,feces,nega,,
1996,goatdraw,1,1,4,139,pmtr,40090,m,y,y,y,n,ecto,unfl,,1
1996,goatdraw,1,1,4,143,pmtr,40091,m,y,n,y,n,feces,nega,,
1996,goatdraw,1,2,4,78,euqu,40095,m,y,n,y,y,cc,hede,f,1
1996,goatdraw,1,2,4,78,euqu,40095,m,y,n,y,y,feces,nega,,
1996,goatdraw,1,2,2,127,euqu,40096,m,y,n,y,y,si,hecu,m,3
1996,goatdraw,1,2,2,127,euqu,40096,m,y,n,y,y,si,hecu,f,2
1996,goatdraw,1,2,2,127,euqu,40096,m,y,n,y,y,feces,nega,,
1996,goatdraw,1,2,2,127,euqu,40096,m,y,n,y,y,cc,syeu,f,2
1996,goatdraw,1,2,2,127,euqu,40096,m,y,n,y,y,cc,syeu,m,1
1996,goatdraw,1,2,2,7,pmbo,40097,m,y,y,y,n,ecto,flea,,2
1996,goatdraw,1,2,2,7,pmbo,40097,m,y,y,y,n,ecto,mite,,7
1996,goatdraw,1,2,2,7,pmbo,40097,m,y,y,y,n,feces,nega,,
1996,goatdraw,1,2,2,31,pmtr,40098,m,y,n,y,n,feces,nega,,
1996,goatdraw,1,2,2,46,pmtr,40099,m,y,n,y,n,feces,nega,,
1996,goatdraw,1,2,2,55,pmtr,40100,m,y,n,y,n,feces,nega,,
1996,goatdraw,1,2,2,80,pmtr,40101,f,y,n,y,n,feces,nega,,
1996,goatdraw,1,2,2,82,pmtr,40102,m,y,y,y,y,feces,eari,,
1996,goatdraw,1,2,2,82,pmtr,40102,m,y,y,y,y,ecto,flea,,3
1996,goatdraw,1,2,2,82,pmtr,40102,m,y,y,y,y,ecto,mite,,21
1996,goatdraw,1,2,2,82,pmtr,40102,m,y,y,y,y,cc,unne,,2
1996,goatdraw,1,2,2,96,pmtr,40103,m,y,y,y,y,ecto,anno,,3
1996,goatdraw,1,2,2,96,pmtr,40103,m,y,y,y,y,ecto,mite,,1
1996,goatdraw,1,2,2,96,pmtr,40103,m,y,y,y,y,feces,nega,,
1996,goatdraw,1,2,2,96,pmtr,40103,m,y,y,y,y,cc,oxsp,f,3
1996,goatdraw,1,2,2,96,pmtr,40103,m,y,y,y,y,cc,oxsp,m,1
1996,goatdraw,1,2,2,144,pmtr,40104,m,y,n,y,n,feces,nega,,
1996,goatdraw,1,2,4,60,pgfv,40105,m,y,n,y,y,cc,hede,f,1
1996,goatdraw,1,2,4,60,pgfv,40105,m,y,n,y,y,feces,nega,,
1996,goatdraw,1,2,4,66,pmtr,40106,f,y,y,y,y,feces,elan,,
1996,goatdraw,1,2,4,66,pmtr,40106,f,y,y,y,y,st,madi,f,1
1996,goatdraw,1,2,4,66,pmtr,40106,f,y,y,y,y,ecto,orle,,1
1996,goatdraw,1,2,4,95,pmtr,40107,f,y,y,y,n,feces,eere,,
1996,goatdraw,1,2,4,95,pmtr,40107,f,y,y,y,n,ecto,mite,,1
1996,goatdraw,1,2,4,104,neal,40108,m,y,n,y,y,si,hepo,f,4
1996,goatdraw,1,2,4,104,neal,40108,m,y,n,y,y,si,hepo,m,3
1996,goatdraw,1,2,4,104,neal,40108,m,y,n,y,y,feces,nega,,
1996,goatdraw,1,2,4,104,neal,40108,m,y,n,y,y,si,nene,f,4
1996,goatdraw,1,2,4,104,neal,40108,m,y,n,y,y,si,nene,m,1
1996,goatdraw,1,2,4,104,neal,40108,m,y,n,y,y,cc,trsp,m,1
1996,goatdraw,1,2,4,104,neal,40108,m,y,n,y,y,cc,trsp,f,2
1996,goatdraw,1,2,4,143,pmtr,40109,f,y,n,y,n,feces,nega,,
1996,goatdraw,1,2,4,144,pmtr,40110,f,y,n,y,n,feces,nega,,
1996,goatdraw,1,3,1,84,neal,40111,f,y,n,y,n,feces,ealb,,
1996,goatdraw,1,3,1,94,euqu,40112,m,y,n,y,y,si,hecu,f,2
1996,goatdraw,1,3,1,94,euqu,40112,m,y,n,y,y,cc,hecu,m,1
1996,goatdraw,1,3,1,94,euqu,40112,m,y,n,y,y,cc,hecu,f,1
1996,goatdraw,1,3,1,94,euqu,40112,m,y,n,y,y,cc,hede,f,5
1996,goatdraw,1,3,1,94,euqu,40112,m,y,n,y,y,feces,nega,,
1996,goatdraw,1,3,2,23,pmtr,40113,f,y,y,y,n,feces,nega,,
1996,goatdraw,1,3,2,23,pmtr,40113,f,y,y,y,n,ecto,orle,,1
1996,goatdraw,1,3,2,6,pmtr,40114,f,y,y,y,n,ecto,cune,,
1996,goatdraw,1,3,2,6,pmtr,40114,f,y,y,y,n,feces,eleu,,
1996,goatdraw,1,3,2,78,pmtr,40115,m,y,y,y,n,ecto,mite,,3
1996,goatdraw,1,3,2,78,pmtr,40115,m,y,y,y,n,feces,nega,,
1996,goatdraw,1,3,2,82,pmtr,40116,m,y,n,y,y,si,cape,,1
1996,goatdraw,1,3,2,82,pmtr,40116,m,y,n,y,y,feces,nega,,
1996,goatdraw,1,3,2,84,pmtr,40117,m,y,y,y,y,feces,nega,,
1996,goatdraw,1,3,2,84,pmtr,40117,m,y,y,y,y,ecto,orle,,1
1996,goatdraw,1,3,2,84,pmtr,40117,m,y,y,y,y,cc,oxsp,f,18
1996,goatdraw,1,3,2,84,pmtr,40117,m,y,y,y,y,cc,oxsp,m,8
1996,goatdraw,1,3,2,96,pmtr,40118,m,y,n,y,n,feces,nega,,
1996,goatdraw,1,3,2,129,pmtr,40119,f,y,n,y,n,feces,nega,,
1996,goatdraw,1,3,4,24,pmtr,40120,m,y,n,y,n,feces,eleu,,
1996,goatdraw,1,3,4,139,pgfv,40121,f,y,n,y,n,feces,nega,,
1996,goatdraw,1,3,4,143,pmtr,40122,m,y,y,y,y,ecto,masi,,2
1996,goatdraw,1,3,4,143,pmtr,40122,m,y,y,y,y,feces,nega,,
1996,goatdraw,1,3,4,143,pmtr,40122,m,y,y,y,y,cc,oxsp,f,14
1996,goatdraw,1,3,4,143,pmtr,40122,m,y,y,y,y,cc,oxsp,m,1
1996,goatdraw,3,1,4,84,chin,40308,m,y,n,y,n,feces,nega,,
1996,goatdraw,3,1,4,113,chin,40309,f,y,y,y,n,ecto,mite,,
1996,goatdraw,3,1,4,113,chin,40309,f,y,y,y,n,feces,nega,,
1996,goatdraw,3,1,2,45,pmtr,40310,m,y,y,y,n,ecto,cune,,1
1996,goatdraw,3,1,2,45,pmtr,40310,m,y,y,y,n,feces,elan,,
1996,goatdraw,3,1,2,94,pmtr,40311,m,y,y,y,n,feces,elan,,
1996,goatdraw,3,1,2,94,pmtr,40311,m,y,y,y,n,ecto,mite,,1
1996,goatdraw,3,1,2,143,pmtr,40312,m,y,y,y,n,ecto,cune,,1
1996,goatdraw,3,1,2,143,pmtr,40312,m,y,y,y,n,feces,nega,,
1996,goatdraw,3,1,2,143,pmtr,40312,m,y,y,y,n,ecto,tick,,1
1996,goatdraw,3,1,4,47,pmtr,40313,m,y,y,y,n,ecto,cune,,1
1996,goatdraw,3,1,4,47,pmtr,40313,m,y,y,y,n,feces,nega,,
1996,goatdraw,3,1,4,71,pmtr,40314,m,y,y,y,n,feces,nega,,
1996,goatdraw,3,1,4,71,pmtr,40314,m,y,y,y,n,ecto,orle,,1
1996,goatdraw,3,1,4,79,pmtr,40315,m,y,y,y,n,ecto,cune,,1
1996,goatdraw,3,1,4,79,pmtr,40315,m,y,y,y,n,feces,nega,,
1996,goatdraw,3,1,4,79,pmtr,40315,m,y,y,y,n,ecto,unfl,,1
1996,goatdraw,3,1,4,91,pmtr,40316,m,y,n,y,n,feces,nega,,
1996,goatdraw,3,1,4,99,pmtr,40317,m,y,y,y,n,ecto,cune,,1
1996,goatdraw,3,1,4,99,pmtr,40317,m,y,y,y,n,feces,nega,,
1996,goatdraw,3,2,2,107,pmtr,40318,f,y,y,y,y,si,,,1
1996,goatdraw,3,2,2,107,pmtr,40318,f,y,y,y,y,feces,nega,,
1996,goatdraw,3,2,2,107,pmtr,40318,f,y,y,y,y,ecto,orle,,1
1996,goatdraw,3,2,4,6,pmtr,40319,m,y,n,y,n,feces,nega,,
1996,goatdraw,3,2,4,59,pmtr,40320,m,y,y,y,n,ecto,cune,,1
1996,goatdraw,3,2,4,59,pmtr,40320,m,y,y,y,n,feces,nega,,
1996,goatdraw,3,2,4,60,pmtr,40321,f,n,y,y,n,ecto,cune,,1
1996,goatdraw,3,2,4,60,pmtr,40321,f,n,y,y,n,feces,,,
1996,goatdraw,3,3,2,54,pmtr,40325,f,y,y,y,n,ecto,cune,,1
1996,goatdraw,3,3,2,54,pmtr,40325,f,y,y,y,n,feces,nega,,
1996,goatdraw,3,3,2,60,pmtr,40326,m,y,n,y,n,feces,nega,,
1996,goatdraw,3,3,2,108,neal,40327,m,y,y,y,y,feces,ealb,,
1996,goatdraw,3,3,2,108,neal,40327,m,y,y,y,y,ecto,mite,,
1996,goatdraw,3,3,2,108,neal,40327,m,y,y,y,y,cc,trsp,f,1
1996,goatdraw,3,3,2,108,neal,40327,m,y,y,y,y,st,trsp,f,1
1996,goatdraw,3,3,4,22,pmtr,40328,f,y,y,y,n,ecto,cune,,2
1996,goatdraw,3,3,4,22,pmtr,40328,f,y,y,y,n,feces,nega,,
1996,goatdraw,3,3,4,104,neal,40329,m,y,y,y,y,ecto,anno,,
1996,goatdraw,3,3,4,104,neal,40329,m,y,y,y,y,si,hepo,m,1
1996,goatdraw,3,3,4,104,neal,40329,m,y,y,y,y,si,hepo,f,1
1996,goatdraw,3,3,4,104,neal,40329,m,y,y,y,y,ecto,lice,,
1996,goatdraw,3,3,4,104,neal,40329,m,y,y,y,y,ecto,mite,,
1996,goatdraw,3,3,4,104,neal,40329,m,y,y,y,y,feces,nega,,
1996,goatdraw,3,3,4,108,pmtr,40330,m,y,y,y,y,cc,hepo,m,1
1996,goatdraw,3,3,4,108,pmtr,40330,m,y,y,y,y,ecto,,,
1996,goatdraw,3,3,4,108,pmtr,40330,m,y,y,y,y,feces,nega,,
1992,rsgrass,1,1,2,8,neal,26468,m,y,n,y,n,feces,nega,,
1992,rsgrass,1,1,2,12,pgfl,26469,m,y,n,y,n,feces,nega,,
1992,rsgrass,1,1,2,24,neal,26470,m,y,n,y,n,feces,ealb,,
1992,rsgrass,1,1,2,34,neal,26471,m,y,n,y,n,feces,ealb,,
1992,rsgrass,1,1,2,57,or,26472,f,n,n,y,n,feces,nega,,
1992,rsgrass,1,1,2,72,neal,26473,f,y,n,y,y,si,hepo,m,2
1992,rsgrass,1,1,2,72,neal,26473,f,y,n,y,y,si,hepo,f,2
1992,rsgrass,1,1,2,80,neal,26474,m,y,n,y,y,si,hepo,f,10
1992,rsgrass,1,1,2,80,neal,26474,m,y,n,y,y,feces,nega,,
1992,rsgrass,1,1,2,81,pmtr,26475,m,y,n,y,y,feces,iper,,
1992,rsgrass,1,1,2,81,pmtr,26475,m,y,n,y,y,st,madi,l,2
1992,rsgrass,1,1,2,88,dime,26476,m,y,n,y,n,feces,nega,,
1992,rsgrass,1,1,2,92,neal,26477,f,y,n,y,n,feces,nega,,
1992,rsgrass,1,1,2,10,dime,26478,m,y,n,y,n,feces,nega,,
1992,rsgrass,1,1,2,10,neal,26479,m,y,n,y,n,feces,issp,,
1992,rsgrass,1,1,2,10,neal,26480,f,y,y,y,n,feces,nega,,
1992,rsgrass,1,1,2,10,neal,26480,f,y,y,y,n,ecto,posi,,
1992,rsgrass,1,1,2,12,neal,26481,f,y,n,y,y,feces,nega,,
1992,rsgrass,1,1,2,12,neal,26481,f,y,n,y,y,cc,nema,,
1992,rsgrass,1,1,2,12,onle,26482,f,n,n,y,n,feces,,,
1992,rsgrass,1,1,2,12,pmle,26483,f,y,n,y,y,st,madi,m,1
1992,rsgrass,1,1,2,12,pmle,26483,f,y,n,y,y,st,madi,f,1
1992,rsgrass,1,1,2,12,pmle,26483,f,y,n,y,y,feces,nega,,
1992,rsgrass,1,1,3,12,neal,26485,f,y,n,y,n,feces,nega,,
1992,rsgrass,1,1,3,20,pmer,26486,f,y,n,y,n,feces,nega,,
1992,rsgrass,1,1,3,31,neal,26487,f,y,n,y,y,feces,nega,,
1992,rsgrass,1,1,3,43,pmma,26488,m,y,n,y,n,feces,nega,,
1992,rsgrass,1,1,3,58,dime,26489,f,y,n,y,n,feces,nega,,
1992,rsgrass,1,1,3,69,neal,26490,f,y,n,y,n,feces,nega,,
1992,rsgrass,1,1,3,87,dime,26491,f,y,n,y,y,feces,nega,,
1992,rsgrass,1,1,3,87,dime,26491,f,y,n,y,y,si,ptdi,f,6
1992,rsgrass,1,1,3,11,neal,26492,f,y,n,y,n,feces,nega,,
1992,rsgrass,1,1,3,11,dime,26493,f,y,n,y,n,feces,ebal,,
1992,rsgrass,1,1,3,11,onle,26494,m,y,n,y,y,si,mocl,,4
1992,rsgrass,1,1,3,11,onle,26494,m,y,n,y,y,feces,nega,,
1992,rsgrass,1,1,3,11,pgfl,26495,m,y,n,y,n,feces,nega,,
1992,rsgrass,1,2,2,24,neal,28003,f,y,n,y,n,feces,nega,,
1992,rsgrass,1,2,2,34,neal,28004,f,y,n,y,y,si,hepo,m,3
1992,rsgrass,1,2,2,34,neal,28004,f,y,n,y,y,si,hepo,f,3
1992,rsgrass,1,2,2,34,neal,28004,f,y,n,y,y,feces,nega,,
1992,rsgrass,1,2,2,57,onle,28005,f,y,n,y,y,feces,esev,,
1992,rsgrass,1,2,2,57,onle,28005,f,y,n,y,y,st,prsp,,
1992,rsgrass,1,2,2,58,neal,28006,m,y,n,y,y,st,asac,f,1
1992,rsgrass,1,2,2,58,neal,28006,m,y,n,y,y,feces,nega,,
1992,rsgrass,1,2,2,58,neal,28006,m,y,n,y,y,cc,unne,m,1
1992,rsgrass,1,2,2,72,neal,28007,f,y,n,y,n,feces,ealb,,
1992,rsgrass,1,2,2,80,neal,28008,m,y,y,y,n,ecto,annu,,
1992,rsgrass,1,2,2,80,neal,28008,m,y,y,y,n,feces,ealb,,
1992,rsgrass,1,2,2,81,dime,28009,m,y,n,y,y,feces,nega,,
1992,rsgrass,1,2,2,81,dime,28009,m,y,n,y,y,st,phma,m,1
1992,rsgrass,1,2,2,94,pgfl,28010,m,y,n,y,n,feces,nega,,
1992,rsgrass,1,2,2,10,pmtr,28011,m,y,n,y,n,feces,ekno,,
1992,rsgrass,1,2,2,10,pmtr,28011,m,y,n,y,n,feces,elan,,
1992,rsgrass,1,2,2,11,dime,28012,f,y,n,y,n,feces,nega,,
1992,rsgrass,1,2,2,12,onle,28013,m,y,n,y,y,feces,eony,,
1992,rsgrass,1,2,2,12,onle,28013,m,y,n,y,y,st,madi,l,12
1992,rsgrass,1,2,2,12,neal,28014,m,y,n,y,n,feces,nega,,
1992,rsgrass,1,2,3,16,neal,28015,f,y,n,y,n,feces,nega,,
1992,rsgrass,1,2,3,29,dior,28016,f,y,n,y,y,feces,nega,,
1992,rsgrass,1,2,3,29,dior,28016,f,y,n,y,y,cc,ptdi,f,3
1992,rsgrass,1,2,3,46,pgfl,28017,m,y,n,y,n,feces,nega,,
1992,rsgrass,1,2,3,66,pmle,28018,m,y,y,y,y,st,madi,f,1
1992,rsgrass,1,2,3,66,pmle,28018,m,y,y,y,y,feces,nega,,
1992,rsgrass,1,2,3,66,pmle,28018,m,y,y,y,y,ecto,orle,,
1992,rsgrass,1,2,3,94,pgfl,28019,f,y,n,y,n,feces,nega,,
1992,rsgrass,1,2,3,10,neal,28020,f,y,n,y,n,feces,nega,,
1992,rsgrass,1,2,3,11,pmle,28021,m,y,n,y,y,feces,elan,,
1992,rsgrass,1,2,3,11,pmle,28021,m,y,n,y,y,st,madi,m,4
1992,rsgrass,1,2,3,11,pmle,28021,m,y,n,y,y,st,madi,f,18
1992,rsgrass,1,2,3,13,neal,28022,f,y,n,y,y,si,asac,f,1
1992,rsgrass,1,2,3,13,neal,28022,f,y,n,y,y,si,madi,l,1
1992,rsgrass,1,2,3,13,neal,28022,f,y,n,y,y,feces,nega,,
1992,rsgrass,1,3,2,10,neal,28023,f,y,n,y,y,feces,nega,,
1992,rsgrass,1,3,2,10,neal,28023,f,y,n,y,y,si,unne,,4
1992,rsgrass,1,3,2,15,or,28030,f,y,n,y,y,si,hepo,m,1
1992,rsgrass,1,3,2,15,or,28030,f,y,n,y,y,si,hepo,f,2
1992,rsgrass,1,3,2,15,or,28030,f,y,n,y,y,feces,nega,,
1992,rsgrass,1,3,2,24,neal,28031,f,y,n,y,n,feces,nega,,
1992,rsgrass,1,3,2,81,dime,28032,m,y,n,y,n,feces,nega,,
1992,rsgrass,1,3,2,86,dime,28033,f,y,n,y,n,feces,nega,,
1992,rsgrass,1,3,2,91,onle,28034,m,y,n,y,n,feces,nega,,
1992,rsgrass,1,3,2,96,neal,28035,m,y,n,y,n,feces,ealb,,
1992,rsgrass,1,3,2,11,pmer,28036,m,y,n,y,y,st,madi,m,3
1992,rsgrass,1,3,2,11,pmer,28036,m,y,n,y,y,st,madi,f,3
1992,rsgrass,1,3,2,11,pmer,28036,m,y,n,y,y,feces,nega,,
1992,rsgrass,1,3,2,22,pgfl,28037,m,y,n,y,n,feces,nega,,
1992,rsgrass,1,3,3,69,neal,28038,f,y,y,y,y,ecto,cuau,,
1992,rsgrass,1,3,3,69,neal,28038,f,y,y,y,y,si,hepo,m,1
1992,rsgrass,1,3,3,69,neal,28038,f,y,y,y,y,feces,nega,,
1992,rsgrass,1,3,3,90,neal,28041,m,y,n,n,n,feces,nega,,
1992,rsgrass,1,3,3,108,pmle,28042,f,y,n,y,y,feces,ekno,,
1992,rsgrass,1,3,3,108,pmle,28042,f,y,n,y,y,st,pras,f,23
1992,rsgrass,1,3,3,108,pmle,28042,f,y,n,y,y,st,pras,m,8
1992,rsgrass,1,3,3,116,dior,28044,f,n,n,y,y,feces,,,
1992,rsgrass,1,3,3,116,dior,28044,f,n,n,y,y,si,unce,,
1992,rsgrass,2,1,2,13,neal,28366,m,y,n,y,n,feces,nega,,
1992,rsgrass,2,1,2,20,neal,28367,f,y,n,y,y,feces,nega,,
1992,rsgrass,2,1,2,20,neal,28367,f,y,n,y,y,cc,unce,,
1992,rsgrass,2,1,2,24,pgfl,28368,f,y,n,y,n,feces,nega,,
1992,rsgrass,2,1,2,26,pgfl,28369,m,y,n,y,n,feces,nega,,
1992,rsgrass,2,1,2,30,dime,28370,m,y,n,y,n,feces,nega,,
1992,rsgrass,2,1,2,51,pgfv,28371,f,y,n,y,n,feces,nega,,
1992,rsgrass,2,1,2,56,pgfl,28372,m,y,n,y,n,feces,nega,,
1992,rsgrass,2,1,2,59,dior,28373,f,y,n,y,n,feces,nega,,
1992,rsgrass,2,1,2,72,neal,28374,f,y,n,y,n,feces,issp,,
1992,rsgrass,2,1,2,79,dime,28375,f,y,n,y,n,feces,echo,,
1992,rsgrass,2,1,2,93,dior,28377,m,y,n,y,y,feces,nega,,
1992,rsgrass,2,1,2,93,dior,28377,m,y,n,y,y,cc,trel,f,1
1992,rsgrass,2,1,2,93,dior,28377,m,y,n,y,y,cc,trel,m,1
1992,rsgrass,2,1,2,10,dior,28378,f,y,n,y,y,si,ptdi,m,1
1992,rsgrass,2,1,2,10,dior,28378,f,y,n,y,y,si,ptdi,f,4
1992,rsgrass,2,1,2,11,dior,28379,m,y,n,y,y,cc,hede,f,2
1992,rsgrass,2,1,2,11,dior,28379,m,y,n,y,y,feces,nega,,
1992,rsgrass,2,1,2,11,dior,28380,m,y,n,y,n,feces,nega,,
1992,rsgrass,2,1,2,12,dior,28381,f,y,n,y,y,cc,hede,f,8
1992,rsgrass,2,1,2,12,dior,28381,f,y,n,y,y,feces,nega,,
1992,rsgrass,2,1,2,12,neal,28382,f,y,n,y,n,feces,nega,,
1992,rsgrass,2,1,2,13,pgfl,28383,m,y,n,y,n,feces,nega,,
1992,rsgrass,2,1,2,14,dior,28384,m,y,n,y,n,feces,nega,,
1992,rsgrass,2,1,3,18,dior,28385,m,n,n,n,n,feces,,,
1992,rsgrass,2,1,3,32,dior,28386,f,y,n,y,y,cc,hede,f,6
1992,rsgrass,2,1,3,32,dior,28386,f,y,n,y,y,feces,nega,,
1992,rsgrass,2,1,3,57,spsp,28387,m,y,n,y,y,si,mocl,f,1
1992,rsgrass,2,1,3,57,spsp,28387,m,y,n,y,y,feces,nega,,
1992,rsgrass,2,1,3,59,dime,28388,m,y,n,y,y,feces,echo,,
1992,rsgrass,2,1,3,59,dime,28388,m,y,n,y,y,cc,hede,m,1
1992,rsgrass,2,1,3,59,dime,28388,m,y,n,y,y,cc,hede,f,1
1992,rsgrass,2,1,3,68,dior,28389,m,y,n,y,n,feces,nega,,
1992,rsgrass,2,1,3,69,neal,28390,,y,n,y,y,feces,nega,,
1992,rsgrass,2,1,3,69,neal,28390,,y,n,y,y,si,unne,,
1992,rsgrass,2,1,3,74,dior,28391,m,y,n,y,n,feces,nega,,
1992,rsgrass,2,1,3,76,pmle,28392,f,y,n,y,y,st,madi,m,65
1992,rsgrass,2,1,3,76,pmle,28392,f,y,n,y,y,st,madi,f,93
1992,rsgrass,2,1,3,76,pmle,28392,f,y,n,y,y,st,madi,l,81
1992,rsgrass,2,1,3,81,or,28393,f,n,n,y,n,feces,,,
1992,rsgrass,2,1,3,92,neal,28394,m,y,n,y,y,feces,nega,,
1992,rsgrass,2,1,3,92,neal,28394,m,y,n,y,y,si,unne,,
1992,rsgrass,2,1,3,11,dime,28395,m,y,n,y,n,feces,echo,,
1992,rsgrass,2,1,3,11,dior,28396,m,y,n,y,y,feces,elio,,
1992,rsgrass,2,1,3,11,dior,28396,m,y,n,y,y,cc,trsp,m,2
1992,rsgrass,2,1,3,12,pgfl,28397,m,y,n,y,n,feces,nega,,
1992,rsgrass,2,1,3,13,neal,28398,m,y,n,y,n,feces,nega,,
1992,rsgrass,2,1,3,13,pgfl,28399,f,y,n,y,n,feces,nega,,
1992,rsgrass,2,1,3,14,neal,28400,f,y,n,n,n,feces,nega,,
1992,rsgrass,2,2,2,11,dior,28506,f,y,n,y,n,feces,nega,,
1992,rsgrass,2,2,2,24,dior,28507,m,y,n,y,n,feces,nega,,
1992,rsgrass,2,2,2,36,dime,28508,f,y,n,y,y,feces,echo,,
1992,rsgrass,2,2,2,36,dime,28508,f,y,n,y,y,si,madp,,1
1992,rsgrass,2,2,2,43,pgfl,28509,m,y,n,y,n,feces,nega,,
1992,rsgrass,2,2,2,93,or,28511,m,n,n,n,n,feces,,,
1992,rsgrass,2,2,2,12,dior,28512,m,y,n,y,y,cc,hede,f,2
1992,rsgrass,2,2,2,12,dior,28512,m,y,n,y,y,feces,nega,,
1992,rsgrass,2,2,3,5,spsp,28513,m,y,n,y,n,feces,nega,,
1992,rsgrass,2,2,3,20,dime,28514,f,y,n,y,y,feces,nega,,
1992,rsgrass,2,2,3,20,dime,28514,f,y,n,y,y,si,ptdi,f,4
1992,rsgrass,2,2,3,60,pmle,28515,m,y,n,y,y,st,madi,f,19
1992,rsgrass,2,2,3,60,pmle,28515,m,y,n,y,y,st,madi,m,54
1992,rsgrass,2,2,3,94,onle,28516,f,y,n,y,y,feces,echo,,
1992,rsgrass,2,2,3,94,onle,28516,f,y,n,y,y,si,mocl,,4
1992,rsgrass,2,2,3,94,onle,28516,f,y,n,y,y,st,prsp,m,1
1992,rsgrass,2,2,3,94,onle,28516,f,y,n,y,y,st,prsp,f,1
1992,rsgrass,2,2,3,94,onle,28516,f,y,n,y,y,st,prsp,,36
1992,rsgrass,2,2,3,12,dime,28518,m,y,n,y,n,feces,echo,,
1992,rsgrass,2,3,2,7,pgfv,28519,f,y,n,y,n,feces,nega,,
1992,rsgrass,2,3,2,12,pgfl,28520,m,y,n,y,n,feces,nega,,
1992,rsgrass,2,3,2,14,onle,28521,f,y,n,y,y,si,mocl,,2
1992,rsgrass,2,3,2,14,onle,28521,f,y,n,y,y,feces,nega,,
1992,rsgrass,2,3,2,14,onle,28521,f,y,n,y,y,st,prsp,,40
1992,rsgrass,2,3,2,20,dior,28522,f,y,n,n,n,feces,nega,,
1992,rsgrass,2,3,2,29,pgfl,28523,f,y,n,y,n,feces,nega,,
1992,rsgrass,2,3,2,33,dior,28524,f,y,n,y,n,feces,nega,,
1992,rsgrass,2,3,2,36,dime,28525,m,y,n,y,n,feces,nega,,
1992,rsgrass,2,3,2,71,dime,28526,f,y,n,y,n,feces,nega,,
1992,rsgrass,2,3,2,92,pgfl,28527,m,y,n,y,n,feces,nega,,
1992,rsgrass,2,3,2,10,pgfl,28528,m,y,n,n,n,feces,nega,,
1992,rsgrass,2,3,2,12,neal,28530,m,y,n,y,n,feces,nega,,
1992,rsgrass,2,3,2,14,spsp,28531,m,y,n,y,n,feces,nega,,
1992,rsgrass,2,3,3,6,dior,28532,f,y,n,y,n,feces,nega,,
1992,rsgrass,2,3,3,18,pgfl,28533,m,y,n,y,y,si,madi,m,2
1992,rsgrass,2,3,3,18,pgfl,28533,m,y,n,y,y,feces,nega,,
1992,rsgrass,2,3,3,19,spsp,28534,f,y,n,y,n,feces,nega,,
1992,rsgrass,2,3,3,31,pgfl,28535,m,y,n,n,n,feces,nega,,
1992,rsgrass,2,3,3,33,dior,28536,f,y,n,y,y,cc,hede,f,2
1992,rsgrass,2,3,3,33,dior,28536,f,y,n,y,y,feces,nega,,
1992,rsgrass,2,3,3,36,pgfl,28537,f,y,n,y,n,feces,nega,,
1992,rsgrass,2,3,3,42,pgfl,28538,m,y,n,y,n,feces,nega,,
1992,rsgrass,2,3,3,48,dior,28539,m,y,n,y,n,feces,nega,,
1992,rsgrass,2,3,3,71,dior,28540,f,y,n,y,y,cc,hede,f,26
1992,rsgrass,2,3,3,71,dior,28540,f,y,n,y,y,feces,nega,,
1992,rsgrass,2,3,3,81,or,28541,f,y,n,y,y,feces,eper,,
1992,rsgrass,2,3,3,81,or,28541,f,y,n,y,y,st,prsp,m,2
1992,rsgrass,2,3,3,81,or,28541,f,y,n,y,y,st,prsp,f,5
1992,rsgrass,2,3,3,81,or,28541,f,y,n,y,y,st,prsp,,2
1992,rsgrass,2,3,3,83,dime,28542,f,y,n,y,y,st,madi,m,1
1992,rsgrass,2,3,3,83,dime,28542,f,y,n,y,y,feces,nega,,
1992,rsgrass,2,3,3,10,neal,28543,f,n,n,y,y,feces,,,
1992,rsgrass,2,3,3,10,neal,28543,f,n,n,y,y,cc,unne,,
1992,rsgrass,2,3,3,10,dime,28544,m,y,n,y,n,feces,nega,,
1992,rsgrass,2,3,3,11,pgfl,28545,m,y,n,y,n,feces,nega,,
1992,rsgrass,2,3,3,11,dior,28546,f,y,n,y,n,feces,nega,,
1992,rsgrass,2,3,3,13,dior,28547,f,y,n,y,y,feces,nega,,
1992,rsgrass,2,3,3,13,dior,28547,f,y,n,y,y,cc,sysp,,
1992,rsgrass,2,3,3,14,pgfl,28548,m,y,n,y,n,feces,nega,,
1993,rsgrass,1,1,3,7,neal,27376,m,y,n,y,n,feces,nega,,
1993,rsgrass,1,1,3,8,dior,27377,m,y,n,y,y,cc,hede,f,5
1993,rsgrass,1,1,3,8,dior,27377,m,y,n,y,y,si,madi,f,1
1993,rsgrass,1,1,3,8,dior,27377,m,y,n,y,y,feces,nega,,
1993,rsgrass,1,1,3,9,or,27378,f,y,n,y,n,feces,nega,,
1993,rsgrass,1,1,3,12,dior,27379,f,y,n,y,n,feces,nega,,
1993,rsgrass,1,1,3,14,remg,27380,m,y,n,y,n,feces,nega,,
1993,rsgrass,1,1,3,19,dior,27381,m,y,n,y,n,feces,nega,,
1993,rsgrass,1,1,3,22,dime,27382,m,y,n,y,n,feces,nega,,
1993,rsgrass,1,1,3,23,neal,27383,f,y,n,y,n,feces,nega,,
1993,rsgrass,1,1,3,30,dior,27384,f,y,n,y,n,feces,nega,,
1993,rsgrass,1,1,3,31,pgfl,27385,f,y,n,y,n,feces,nega,,
1993,rsgrass,1,1,3,33,dior,27386,f,y,n,y,n,feces,nega,,
1993,rsgrass,1,1,3,35,neal,27387,f,y,y,y,y,ecto,cuau,,6
1993,rsgrass,1,1,3,35,neal,27387,f,y,y,y,y,feces,nega,,
1993,rsgrass,1,1,3,35,neal,27387,f,y,y,y,y,si,phma,f,1
1993,rsgrass,1,1,3,42,dior,27388,f,y,n,y,y,cc,hede,f,1
1993,rsgrass,1,1,3,42,dior,27388,f,y,n,y,y,feces,nega,,
1993,rsgrass,1,1,3,44,dior,27389,m,y,n,y,n,feces,nega,,
1993,rsgrass,1,1,3,47,dior,27390,m,y,n,y,n,feces,nega,,
1993,rsgrass,1,1,3,48,onle,27391,f,y,n,y,n,feces,echo,,
1993,rsgrass,1,1,3,48,onle,27391,f,y,n,y,n,feces,eony,,
1993,rsgrass,1,1,3,54,dior,27392,f,y,n,y,y,cc,hede,f,10
1993,rsgrass,1,1,3,54,dior,27392,f,y,n,y,y,feces,nega,,
1993,rsgrass,1,1,3,58,dime,27393,f,y,n,y,n,feces,nega,,
1993,rsgrass,1,1,3,64,onle,27394,m,y,n,y,y,feces,eony,,
1993,rsgrass,1,1,3,64,onle,27394,m,y,n,y,y,si,hyns,,
1993,rsgrass,1,1,3,64,onle,27394,m,y,n,y,y,si,mocl,f,1
1993,rsgrass,1,1,3,64,onle,27394,m,y,n,y,y,st,prsp,,
1993,rsgrass,1,1,3,68,dime,27395,f,y,n,y,n,feces,nega,,
1993,rsgrass,1,1,3,69,dior,27396,m,y,n,y,y,cc,hede,m,1
1993,rsgrass,1,1,3,69,dior,27396,m,y,n,y,y,cc,hede,f,3
1993,rsgrass,1,1,3,69,dior,27396,m,y,n,y,y,feces,nega,,
1993,rsgrass,1,1,3,75,pgfl,27397,f,y,n,y,n,feces,nega,,
1993,rsgrass,1,1,3,80,dior,27398,f,y,n,y,n,feces,nega,,
1993,rsgrass,1,1,3,81,neal,27399,f,y,y,y,n,ecto,cuau,,1
1993,rsgrass,1,1,3,81,neal,27399,f,y,y,y,n,feces,nega,,
1993,rsgrass,1,1,3,89,dior,27400,f,y,n,y,n,feces,nega,,
1993,rsgrass,1,1,3,95,onle,27401,m,y,n,y,n,feces,nega,,
1993,rsgrass,1,1,3,10,spsp,27402,f,y,n,y,n,feces,nega,,
1993,rsgrass,1,1,3,11,dior,27403,f,y,n,y,y,cc,hede,m,3
1993,rsgrass,1,1,3,11,dior,27403,f,y,n,y,y,cc,hede,f,20
1993,rsgrass,1,1,3,11,dior,27403,f,y,n,y,y,feces,nega,,
1993,rsgrass,1,1,3,12,neal,27404,f,y,y,y,n,ecto,cuau,,1
1993,rsgrass,1,1,3,12,neal,27404,f,y,y,y,n,feces,nega,,
1993,rsgrass,1,1,3,12,neal,27405,f,y,n,y,n,feces,nega,,
1993,rsgrass,1,1,3,12,disp,27406,f,y,n,y,n,feces,nega,,
1993,rsgrass,1,1,3,12,neal,27407,f,y,n,y,n,feces,nega,,
1993,rsgrass,1,1,3,13,pmle,27408,m,y,n,y,y,st,madi,m,6
1993,rsgrass,1,1,3,13,pmle,27408,m,y,n,y,y,st,madi,f,18
1993,rsgrass,1,1,3,13,pmle,27408,m,y,n,y,y,feces,nega,,
1993,rsgrass,1,1,3,13,pmle,27409,f,y,n,y,n,feces,nega,,
1993,rsgrass,1,1,3,13,dior,27410,f,y,n,y,n,feces,nega,,
1993,rsgrass,1,1,3,14,neal,27411,f,y,n,y,n,feces,nega,,
1993,rsgrass,1,1,3,14,dime,27412,f,y,n,y,n,feces,nega,,
1993,rsgrass,1,1,2,4,pmtr,27413,f,y,n,y,n,feces,nega,,
1993,rsgrass,1,1,2,7,dior,27414,m,y,n,y,n,feces,nega,,
1993,rsgrass,1,1,2,11,pmle,27415,m,y,n,y,n,feces,nega,,
1993,rsgrass,1,1,2,17,dior,27416,m,y,n,y,n,feces,nega,,
1993,rsgrass,1,1,2,18,onle,27417,f,y,n,y,y,st,madi,f,2
1993,rsgrass,1,1,2,18,onle,27417,f,y,n,y,y,feces,nega,,
1993,rsgrass,1,1,2,20,neal,27418,f,y,n,y,n,feces,nega,,
1993,rsgrass,1,1,2,22,pmle,27419,m,y,n,y,y,st,madi,f,1
1993,rsgrass,1,1,2,22,pmle,27419,m,y,n,y,y,feces,nega,,
1993,rsgrass,1,1,2,23,dior,27420,m,y,n,y,n,feces,nega,,
1993,rsgrass,1,1,2,29,dior,27421,m,y,n,y,y,si,hysp,,1
1993,rsgrass,1,1,2,29,dior,27421,m,y,n,y,y,feces,nega,,
1993,rsgrass,1,1,2,33,dior,27422,f,y,n,y,y,feces,nega,,
1993,rsgrass,1,1,2,34,neal,27423,f,y,n,y,n,feces,nega,,
1993,rsgrass,1,1,2,40,or,27424,f,y,n,y,n,feces,nega,,
1993,rsgrass,1,1,2,42,dime,27425,f,y,n,y,n,feces,nega,,
1993,rsgrass,1,1,2,56,pmtr,27426,f,y,n,y,y,feces,eari,,
1993,rsgrass,1,1,2,56,pmtr,27426,f,y,n,y,y,st,madi,l,2
1993,rsgrass,1,1,2,59,onle,27427,m,y,n,y,n,feces,nega,,
1993,rsgrass,1,1,2,68,pmtr,27428,m,y,n,y,n,feces,elan,,
1993,rsgrass,1,1,2,71,onle,27429,f,y,n,y,y,si,mocl,,
1993,rsgrass,1,1,2,71,onle,27429,f,y,n,y,y,feces,nega,,
1993,rsgrass,1,1,2,72,neal,27430,f,y,y,y,n,ecto,cuau,,3
1993,rsgrass,1,1,2,72,neal,27430,f,y,y,y,n,feces,nega,,
1993,rsgrass,1,1,2,82,dior,27431,m,y,n,y,y,feces,elio,,
1993,rsgrass,1,1,2,82,dior,27431,m,y,n,y,y,st,madi,f,1
1993,rsgrass,1,1,2,83,pmle,27432,m,y,n,y,y,st,madi,f,32
1993,rsgrass,1,1,2,83,pmle,27432,m,y,n,y,y,feces,nega,,
1993,rsgrass,1,1,2,91,dime,27433,m,y,n,y,y,feces,echo,,
1993,rsgrass,1,1,2,91,dime,27433,m,y,n,y,y,cc,trsp,f,1
1993,rsgrass,1,1,2,93,pmtr,27434,f,y,n,y,y,feces,elan,,
1993,rsgrass,1,1,2,93,pmtr,27434,f,y,n,y,y,st,madi,l,2
1993,rsgrass,1,1,2,93,pmtr,27434,f,y,n,y,y,si,mocl,m,1
1993,rsgrass,1,1,2,98,dior,27435,f,y,n,y,n,feces,nega,,
1993,rsgrass,1,1,2,10,pmle,27436,m,y,n,y,y,st,madi,m,1
1993,rsgrass,1,1,2,10,pmle,27436,m,y,n,y,y,st,madi,f,21
1993,rsgrass,1,1,2,10,pmle,27436,m,y,n,y,y,feces,nega,,
1993,rsgrass,1,1,2,10,pmle,27437,m,y,n,y,y,st,madi,l,94
1993,rsgrass,1,1,2,10,pmle,27437,m,y,n,y,y,feces,nega,,
1993,rsgrass,1,1,2,10,pmtr,27438,m,y,n,y,n,feces,elan,,
1993,rsgrass,1,1,2,11,pmle,27439,f,y,n,y,y,feces,elan,,
1993,rsgrass,1,1,2,11,pmle,27439,f,y,n,y,y,st,madi,f,2
1993,rsgrass,1,1,2,12,onle,27440,m,y,n,y,n,feces,nega,,
1993,rsgrass,1,1,2,12,dior,27441,m,y,n,y,n,feces,nega,,
1993,rsgrass,1,1,2,12,dime,27442,f,y,n,y,n,feces,nega,,
1993,rsgrass,1,1,2,12,neal,27443,f,y,y,y,n,ecto,cuau,,2
1993,rsgrass,1,1,2,12,neal,27443,f,y,y,y,n,feces,nega,,
1993,rsgrass,1,1,2,13,dior,27444,f,y,n,y,n,feces,nega,,
1993,rsgrass,1,1,2,14,dior,27445,f,y,n,y,n,feces,elio,,
1993,rsgrass,1,1,2,14,dior,27446,f,y,n,y,n,feces,nega,,
1993,rsgrass,1,2,2,83,onle,27455,m,y,n,y,y,st,madi,l,1
1993,rsgrass,1,2,2,83,onle,27455,m,y,n,y,y,si,mocl,,
1993,rsgrass,1,2,2,83,onle,27455,m,y,n,y,y,feces,nega,,
1993,rsgrass,1,2,2,83,onle,27455,m,y,n,y,y,st,prsp,l,1
1993,rsgrass,1,2,2,34,onle,27456,m,y,n,y,n,feces,nega,,
1993,rsgrass,1,2,2,12,onle,27457,f,y,n,y,y,feces,nega,,
1993,rsgrass,1,2,2,12,onle,27457,f,y,n,y,y,cc,nema,,
1993,rsgrass,1,2,2,12,onle,27457,f,y,n,y,y,st,prsp,,
1993,rsgrass,1,2,2,56,onle,27458,f,y,n,y,n,feces,nega,,
1993,rsgrass,1,2,2,59,pmtr,27459,f,y,n,y,n,feces,elan,,
1993,rsgrass,1,2,2,91,onle,27460,f,y,n,y,y,si,mocl,,
1993,rsgrass,1,2,2,91,onle,27460,f,y,n,y,y,feces,nega,,
1993,rsgrass,1,2,2,91,onle,27460,f,y,n,y,y,st,prsp,,
1993,rsgrass,1,2,2,70,pmtr,27461,m,y,n,y,n,feces,eper,,
1993,rsgrass,1,2,2,13,pmtr,27462,f,y,n,y,n,feces,nega,,
1993,rsgrass,1,2,2,81,onle,27463,f,y,n,y,y,si,mocl,m,1
1993,rsgrass,1,2,2,81,onle,27463,f,y,n,y,y,feces,nega,,
1993,rsgrass,1,2,2,81,onle,27463,f,y,n,y,y,st,prsp,,
1993,rsgrass,1,2,2,9,sihi,27464,f,y,n,y,n,feces,nega,,
1993,rsgrass,1,2,2,80,neal,27465,m,y,n,y,y,feces,nega,,
1993,rsgrass,1,2,2,80,neal,27465,m,y,n,y,y,si,oosp,,2
1993,rsgrass,1,2,2,14,neal,27466,f,y,n,y,n,feces,nega,,
1993,rsgrass,1,2,2,12,neal,27467,m,y,y,y,n,ecto,cuau,,1
1993,rsgrass,1,2,2,12,neal,27467,m,y,y,y,n,feces,ealb,,
1993,rsgrass,1,2,2,13,dior,27468,f,y,n,y,n,feces,ebal,,
1993,rsgrass,1,2,2,32,pgfv,27469,f,y,n,y,n,feces,nega,,
1993,rsgrass,1,2,2,13,pgfl,27470,m,y,n,y,n,feces,nega,,
1993,rsgrass,1,2,2,12,remg,27471,m,y,n,y,y,st,madi,f,1
1993,rsgrass,1,2,2,12,remg,27471,m,y,n,y,y,feces,nega,,
1993,rsgrass,1,2,2,24,dior,27472,f,y,n,y,y,feces,ebal,,
1993,rsgrass,1,2,2,24,dior,27472,f,y,n,y,y,cc,hede,f,3
1993,rsgrass,1,2,2,24,dior,27472,f,y,n,y,y,si,ptdi,f,4
1993,rsgrass,1,2,2,71,dior,27473,f,y,n,y,n,feces,nega,,
1993,rsgrass,1,2,2,82,neal,27474,f,y,y,y,n,ecto,cuau,,2
1993,rsgrass,1,2,2,82,neal,27474,f,y,y,y,n,feces,nega,,
1993,rsgrass,1,2,2,42,neal,27475,f,y,n,y,n,feces,nega,,
1993,rsgrass,1,2,2,10,dior,27476,m,y,n,y,n,feces,nega,,
1993,rsgrass,1,2,2,13,pgfv,27477,m,y,n,y,n,feces,nega,,
1993,rsgrass,1,2,2,84,dior,27478,m,y,n,y,y,si,casp,,2
1993,rsgrass,1,2,2,84,dior,27478,m,y,n,y,y,cc,hede,f,15
1993,rsgrass,1,2,2,84,dior,27478,m,y,n,y,y,feces,nega,,
1993,rsgrass,1,2,2,13,dior,27479,f,y,n,y,n,feces,nega,,
1993,rsgrass,1,2,2,99,neal,27480,f,y,n,y,n,feces,nega,,
1993,rsgrass,1,2,3,58,pmtr,27481,m,y,n,y,n,feces,nega,,
1993,rsgrass,1,2,3,56,onle,27482,m,y,n,y,y,feces,eony,,
1993,rsgrass,1,2,3,56,onle,27482,m,y,n,y,y,si,mocl,,
1993,rsgrass,1,2,3,11,onle,27483,m,y,n,y,y,si,mocl,f,1
1993,rsgrass,1,2,3,11,onle,27483,m,y,n,y,y,feces,nega,,
1993,rsgrass,1,2,3,36,pmtr,27484,f,y,n,y,n,feces,nega,,
1993,rsgrass,1,2,3,43,pmtr,27485,f,y,n,y,n,feces,nega,,
1993,rsgrass,1,2,3,12,onle,27486,f,y,n,y,y,si,mocl,,
1993,rsgrass,1,2,3,12,onle,27486,f,y,n,y,y,feces,nega,,
1993,rsgrass,1,2,3,31,onle,27487,m,y,n,y,y,feces,nega,,
1993,rsgrass,1,2,3,31,onle,27487,m,y,n,y,y,st,prsp,,
1993,rsgrass,1,2,3,92,neal,27488,f,y,n,y,y,si,hepo,m,1
1993,rsgrass,1,2,3,92,neal,27488,f,y,n,y,y,si,hepo,f,3
1993,rsgrass,1,2,3,92,neal,27488,f,y,n,y,y,si,madi,f,1
1993,rsgrass,1,2,3,92,neal,27488,f,y,n,y,y,feces,nega,,
1993,rsgrass,1,2,3,95,dior,27489,m,y,n,y,n,feces,nega,,
1993,rsgrass,1,2,3,80,dior,27490,m,y,n,y,n,feces,nega,,
1993,rsgrass,1,2,3,81,pmle,27491,m,y,n,y,y,st,madi,f,6
1993,rsgrass,1,2,3,81,pmle,27491,m,y,n,y,y,feces,nega,,
1993,rsgrass,1,2,3,12,neal,27492,f,y,n,y,n,feces,nega,,
1993,rsgrass,1,2,3,12,pmle,27493,m,y,n,y,n,feces,iper,,
1993,rsgrass,1,2,3,13,neal,27494,f,y,n,y,n,feces,nega,,
1993,rsgrass,1,2,3,60,neal,27495,f,y,n,y,n,feces,nega,,
1993,rsgrass,1,2,3,14,dior,27496,f,y,n,y,y,cc,hede,f,14
1993,rsgrass,1,2,3,14,dior,27496,f,y,n,y,y,feces,nega,,
1993,rsgrass,1,2,3,12,dior,27497,m,y,n,y,n,feces,elio,,
1993,rsgrass,1,2,3,10,dime,27498,m,y,n,y,y,cc,hede,m,3
1993,rsgrass,1,2,3,10,dime,27498,m,y,n,y,y,cc,hede,f,7
1993,rsgrass,1,2,3,10,dime,27498,m,y,n,y,y,cc,hede,l,1
1993,rsgrass,1,2,3,10,dime,27498,m,y,n,y,y,si,oode,,1
1993,rsgrass,1,2,3,82,dior,27499,f,y,n,y,n,feces,nega,,
1993,rsgrass,1,2,3,35,dime,27500,m,y,n,y,n,feces,nega,,
1993,rsgrass,1,2,3,11,pgfl,32501,m,y,n,y,y,st,madi,m,1
1993,rsgrass,1,2,3,11,pgfl,32501,m,y,n,y,y,feces,nega,,
1993,rsgrass,1,2,3,11,pgfl,32501,m,y,n,y,y,st,pras,,1
1993,rsgrass,1,2,3,53,neal,32502,m,y,n,y,y,feces,nega,,
1993,rsgrass,1,2,3,76,pmle,32503,m,y,n,y,y,st,madi,f,3
1993,rsgrass,1,2,3,76,pmle,32503,m,y,n,y,y,feces,nega,,
1993,rsgrass,1,2,3,65,pgfl,32504,m,y,n,y,n,feces,nega,,
1993,rsgrass,1,2,3,55,sihi,32505,f,y,n,y,n,feces,nega,,
1993,rsgrass,1,2,3,71,dior,32506,f,y,n,y,n,feces,ebal,,
1993,rsgrass,1,2,3,50,remg,32507,f,y,n,y,n,feces,nega,,
1993,rsgrass,1,2,3,14,pmle,32508,m,y,n,y,n,feces,iper,,
1993,rsgrass,1,3,2,7,pmtr,32512,m,y,n,y,n,feces,nega,,
1993,rsgrass,1,3,2,11,pmtr,32513,m,y,n,y,n,feces,nega,,
1993,rsgrass,1,3,2,77,onle,32514,m,y,n,y,n,feces,espp,,
1993,rsgrass,1,3,2,93,neal,32515,f,y,n,y,n,feces,ealb,,
1993,rsgrass,1,3,2,92,dime,32516,f,y,n,y,n,feces,nega,,
1993,rsgrass,1,3,2,9,pgfl,32517,m,y,n,y,n,feces,nega,,
1993,rsgrass,1,3,2,91,dior,32518,f,y,n,y,y,cc,hede,f,4
1993,rsgrass,1,3,2,91,dior,32518,f,y,n,y,y,feces,nega,,
1993,rsgrass,1,3,2,91,dior,32518,f,y,n,y,y,si,oosp,,
1993,rsgrass,1,3,2,14,dior,32519,f,y,n,y,y,cc,hede,m,4
1993,rsgrass,1,3,2,14,dior,32519,f,y,n,y,y,cc,hede,f,3
1993,rsgrass,1,3,2,14,dior,32519,f,y,n,y,y,feces,nega,,
1993,rsgrass,1,3,2,12,neal,32520,f,y,n,y,y,si,hysp,,
1993,rsgrass,1,3,2,12,neal,32520,f,y,n,y,y,feces,nega,,
1993,rsgrass,1,3,2,12,pmle,32521,m,y,n,y,y,st,madi,m,4
1993,rsgrass,1,3,2,12,pmle,32521,m,y,n,y,y,st,madi,f,24
1993,rsgrass,1,3,2,12,pmle,32521,m,y,n,y,y,feces,nega,,
1993,rsgrass,1,3,2,10,remn,32522,m,y,n,y,n,feces,eari,,
1993,rsgrass,1,3,2,12,neal,32523,m,y,y,y,n,ecto,cuau,,4
1993,rsgrass,1,3,2,12,neal,32523,m,y,y,y,n,feces,nega,,
1993,rsgrass,1,3,2,83,neal,32524,m,y,n,y,n,feces,nega,,
1993,rsgrass,1,3,2,12,pmle,32525,f,y,n,y,y,st,madi,m,1
1993,rsgrass,1,3,2,12,pmle,32525,f,y,n,y,y,st,madi,f,2
1993,rsgrass,1,3,2,12,pmle,32525,f,y,n,y,y,feces,nega,,
1993,rsgrass,1,3,2,92,dior,32526,f,y,n,y,y,cc,hede,f,6
1993,rsgrass,1,3,2,92,dior,32526,f,y,n,y,y,feces,nega,,
1993,rsgrass,1,3,2,13,neal,32527,f,y,n,y,n,feces,nega,,
1993,rsgrass,1,3,2,13,dior,32528,m,y,n,y,n,feces,nega,,
1993,rsgrass,1,3,2,57,neal,32529,m,y,n,y,y,feces,nega,,
1993,rsgrass,1,3,2,57,neal,32529,m,y,n,y,y,si,unne,,
1993,rsgrass,1,3,2,60,dior,32530,m,y,n,y,n,feces,nega,,
1993,rsgrass,1,3,2,22,dior,32531,f,y,n,y,n,feces,nega,,
1993,rsgrass,1,3,2,23,pmle,32532,m,y,n,y,n,feces,iper,,
1993,rsgrass,1,3,2,24,dior,32533,m,y,n,y,y,feces,nega,,
1993,rsgrass,1,3,2,24,dior,32533,m,y,n,y,y,si,unce,,1
1993,rsgrass,1,3,3,13,pmtr,32535,f,y,n,y,n,feces,nega,,
1993,rsgrass,1,3,3,31,onle,32536,f,y,n,y,n,feces,nega,,
1993,rsgrass,1,3,3,24,neal,32537,m,y,y,y,n,ecto,cuau,,1
1993,rsgrass,1,3,3,24,neal,32537,m,y,y,y,n,feces,nega,,
1993,rsgrass,1,3,3,30,neal,32538,f,y,n,y,n,feces,nega,,
1993,rsgrass,1,3,3,12,pmle,32539,f,y,n,y,n,feces,nega,,
1993,rsgrass,1,3,3,80,pgfl,32540,f,y,n,y,n,feces,nega,,
1993,rsgrass,1,3,3,36,remg,32541,m,y,n,y,y,st,madi,m,5
1993,rsgrass,1,3,3,36,remg,32541,m,y,n,y,y,st,madi,f,9
1993,rsgrass,1,3,3,36,remg,32541,m,y,n,y,y,feces,nega,,
1993,rsgrass,1,3,3,48,neal,32542,f,y,y,y,y,ecto,cuau,,1
1993,rsgrass,1,3,3,48,neal,32542,f,y,y,y,y,si,hepo,m,3
1993,rsgrass,1,3,3,48,neal,32542,f,y,y,y,y,si,hepo,f,1
1993,rsgrass,1,3,3,48,neal,32542,f,y,y,y,y,feces,nega,,
1993,rsgrass,1,3,3,95,pmle,32543,f,y,n,y,y,st,madi,m,2
1993,rsgrass,1,3,3,95,pmle,32543,f,y,n,y,y,st,madi,f,38
1993,rsgrass,1,3,3,95,pmle,32543,f,y,n,y,y,feces,nega,,
1993,rsgrass,1,3,3,89,remg,32544,m,y,n,y,y,st,madi,f,2
1993,rsgrass,1,3,3,89,remg,32544,m,y,n,y,y,feces,nega,,
1993,rsgrass,1,3,3,11,dior,32545,m,y,n,y,y,feces,nega,,
1993,rsgrass,1,3,3,11,dior,32545,m,y,n,y,y,si,ptdi,f,2
1993,rsgrass,1,3,3,14,neal,32546,m,y,n,y,y,feces,nega,,
1993,rsgrass,1,3,3,14,neal,32546,m,y,n,y,y,si,ralo,,2
1993,rsgrass,1,3,3,52,neal,32547,m,y,y,y,n,ecto,cuau,,1
1993,rsgrass,1,3,3,52,neal,32547,m,y,y,y,n,feces,nega,,
1993,rsgrass,1,3,3,32,dior,32548,f,y,n,y,y,st,madi,m,1
1993,rsgrass,1,3,3,32,dior,32548,f,y,n,y,y,feces,nega,,
1993,rsgrass,1,3,3,32,dior,32548,f,y,n,y,y,st,sysp,m,1
1993,rsgrass,2,1,2,71,pmtr,32832,f,y,n,y,n,feces,nega,,
1993,rsgrass,2,1,2,7,dior,32833,f,y,n,y,n,feces,nega,,
1993,rsgrass,2,1,2,20,pgfl,32834,m,y,n,y,n,feces,nega,,
1993,rsgrass,2,1,2,24,pgfl,32835,m,y,n,y,n,feces,nega,,
1993,rsgrass,2,1,2,25,remg,32836,m,y,n,y,y,st,madi,m,2
1993,rsgrass,2,1,2,25,remg,32836,m,y,n,y,y,st,madi,f,6
1993,rsgrass,2,1,2,25,remg,32836,m,y,n,y,y,st,madi,l,2
1993,rsgrass,2,1,2,25,remg,32836,m,y,n,y,y,feces,nega,,
1993,rsgrass,2,1,2,36,dime,32837,f,y,n,y,n,feces,nega,,
1993,rsgrass,2,1,2,42,neal,32838,m,y,n,y,n,feces,nega,,
1993,rsgrass,2,1,2,81,neal,32839,m,y,n,y,n,feces,nega,,
1993,rsgrass,2,1,2,89,dior,32840,f,y,n,y,y,feces,nega,,
1993,rsgrass,2,1,2,89,dior,32840,f,y,n,y,y,si,rasp,,3
1993,rsgrass,2,1,2,95,neal,32841,f,y,n,y,n,feces,nega,,
1993,rsgrass,2,1,2,96,dior,32842,m,y,n,y,n,feces,nega,,
1993,rsgrass,2,1,2,13,dior,32843,f,y,n,y,y,feces,ebal,,
1993,rsgrass,2,1,2,13,dior,32843,f,y,n,y,y,cc,hede,f,3
1993,rsgrass,2,1,2,13,dior,32843,f,y,n,y,y,cc,hede,m,7
1993,rsgrass,2,1,2,14,dime,32844,f,y,n,y,n,feces,nega,,
1993,rsgrass,2,1,2,14,remg,32845,m,y,n,y,y,feces,eari,,
1993,rsgrass,2,1,2,14,remg,32845,m,y,n,y,y,st,madi,f,2
1993,rsgrass,2,1,3,20,onle,32846,f,y,n,y,n,feces,nega,,
1993,rsgrass,2,1,3,34,onle,32847,m,y,n,y,y,si,mocl,,4
1993,rsgrass,2,1,3,34,onle,32847,m,y,n,y,y,feces,nega,,
1993,rsgrass,2,1,3,34,onle,32847,m,y,n,y,y,st,prsp,,
1993,rsgrass,2,1,3,94,onle,32848,m,y,n,y,y,feces,esev,,
1993,rsgrass,2,1,3,94,onle,32848,m,y,n,y,y,st,prsp,,
1993,rsgrass,2,1,3,5,neal,32849,m,y,n,y,n,feces,nega,,
1993,rsgrass,2,1,3,9,dior,32850,f,y,n,y,y,cc,hede,m,3
1993,rsgrass,2,1,3,9,dior,32850,f,y,n,y,y,cc,hede,f,33
1993,rsgrass,2,1,3,9,dior,32850,f,y,n,y,y,cc,hede,l,7
1993,rsgrass,2,1,3,9,dior,32850,f,y,n,y,y,feces,nega,,
1993,rsgrass,2,1,3,18,dior,32851,m,y,n,y,n,feces,nega,,
1993,rsgrass,2,1,3,19,pgfl,32852,m,y,n,y,n,feces,nega,,
1993,rsgrass,2,1,3,23,dior,32853,f,y,n,y,y,feces,ebal,,
1993,rsgrass,2,1,3,23,dior,32853,f,y,n,y,y,cc,hede,f,37
1993,rsgrass,2,1,3,23,dior,32853,f,y,n,y,y,st,madi,f,1
1993,rsgrass,2,1,3,24,neal,32854,m,y,n,y,n,feces,nega,,
1993,rsgrass,2,1,3,28,dior,32855,m,y,n,y,n,feces,edip,,
1993,rsgrass,2,1,3,29,neal,32856,f,y,n,y,n,feces,nega,,
1993,rsgrass,2,1,3,42,dior,32857,m,y,n,y,y,feces,edip,,
1993,rsgrass,2,1,3,42,dior,32857,m,y,n,y,y,cc,hede,f,4
1993,rsgrass,2,1,3,48,remg,32858,m,y,n,y,y,feces,eari,,
1993,rsgrass,2,1,3,48,remg,32858,m,y,n,y,y,st,madi,l,22
1993,rsgrass,2,1,3,48,remg,32858,m,y,n,y,y,st,pras,,
1993,rsgrass,2,1,3,53,neal,32859,f,y,n,y,n,feces,nega,,
1993,rsgrass,2,1,3,60,dime,32860,m,y,n,y,y,feces,echo,,
1993,rsgrass,2,1,3,60,dime,32860,m,y,n,y,y,si,ptdi,f,4
1993,rsgrass,2,1,3,66,dime,32861,f,y,n,y,y,feces,eree,,
1993,rsgrass,2,1,3,66,dime,32861,f,y,n,y,y,cc,hede,f,1
1993,rsgrass,2,1,3,66,dime,32861,f,y,n,y,y,si,rare,,3
1993,rsgrass,2,1,3,77,pgfl,32862,f,y,n,y,n,feces,nega,,
1993,rsgrass,2,1,3,78,dior,32863,f,y,n,y,y,feces,nega,,
1993,rsgrass,2,1,3,78,dior,32863,f,y,n,y,y,cc,trdi,f,1
1993,rsgrass,2,1,3,80,pmma,32864,f,y,n,y,y,st,madi,f,22
1993,rsgrass,2,1,3,80,pmma,32864,f,y,n,y,y,st,madi,m,1
1993,rsgrass,2,1,3,80,pmma,32864,f,y,n,y,y,si,madi,f,1
1993,rsgrass,2,1,3,80,pmma,32864,f,y,n,y,y,feces,nega,,
1993,rsgrass,2,1,3,81,dior,32865,m,y,n,y,n,feces,nega,,
1993,rsgrass,2,1,3,10,dior,32866,f,y,n,y,y,si,hysp,,3
1993,rsgrass,2,1,3,10,dior,32866,f,y,n,y,y,feces,nega,,
1993,rsgrass,2,1,3,12,pgfl,32867,f,y,n,y,n,feces,nega,,
1993,rsgrass,2,1,3,12,dime,32868,f,y,n,y,y,feces,echo,,
1993,rsgrass,2,1,3,12,dime,32868,f,y,n,y,y,si,madi,f,1
1993,rsgrass,2,1,3,12,pgfl,32869,m,y,n,y,n,feces,nega,,
1993,rsgrass,2,1,3,12,neal,32870,f,y,n,y,n,feces,nega,,
1993,rsgrass,2,1,3,13,dior,32871,m,y,n,y,n,feces,edip,,
1993,rsgrass,2,1,3,13,dime,32872,m,y,n,y,n,feces,nega,,
1993,rsgrass,2,1,3,13,dior,32873,f,y,n,y,n,feces,nega,,
1993,rsgrass,2,1,3,14,pgfl,32874,m,y,n,y,n,feces,nega,,
1993,rsgrass,2,1,3,14,dior,32875,m,y,n,y,y,feces,edip,,
1993,rsgrass,2,1,3,14,dior,32875,m,y,n,y,y,cc,hede,m,1
1993,rsgrass,2,1,3,14,dior,32875,m,y,n,y,y,cc,hede,f,28
1993,rsgrass,2,1,3,14,dior,32875,m,y,n,y,y,st,phma,m,6
1993,rsgrass,2,1,3,14,dior,32875,m,y,n,y,y,st,phma,f,9
1993,rsgrass,2,2,2,24,onle,32880,m,y,n,y,y,feces,eony,,
1993,rsgrass,2,2,2,24,onle,32880,m,y,n,y,y,st,prsp,,
1993,rsgrass,2,2,2,45,pmtr,32881,m,y,n,y,n,feces,nega,,
1993,rsgrass,2,2,2,32,pgfv,32882,m,y,n,y,n,feces,nega,,
1993,rsgrass,2,2,2,46,neal,32883,f,y,n,y,n,feces,nega,,
1993,rsgrass,2,2,2,65,pgfv,32884,f,y,n,y,n,feces,nega,,
1993,rsgrass,2,2,2,80,dime,32885,m,y,n,y,y,cc,hede,f,2
1993,rsgrass,2,2,2,80,dime,32885,m,y,n,y,y,feces,nega,,
1993,rsgrass,2,2,2,84,dior,32886,f,y,n,y,y,feces,nega,,
1993,rsgrass,2,2,2,94,dior,32887,f,y,n,y,y,feces,echo,,
1993,rsgrass,2,2,2,94,dior,32887,f,y,n,y,y,cc,hede,f,2
1993,rsgrass,2,2,3,13,pmtr,32888,m,y,n,y,n,feces,eari,,
1993,rsgrass,2,2,3,11,dior,32889,m,y,n,y,n,feces,nega,,
1993,rsgrass,2,2,3,36,pgfl,32890,m,y,n,y,n,feces,nega,,
1993,rsgrass,2,2,3,42,pgfl,32891,f,y,n,y,n,feces,nega,,
1993,rsgrass,2,2,3,48,dior,32892,f,y,n,y,y,st,madi,f,1
1993,rsgrass,2,2,3,48,dior,32892,f,y,n,y,y,feces,nega,,
1993,rsgrass,2,2,3,48,dior,32892,f,y,n,y,y,si,oosp,,18
1993,rsgrass,2,2,3,53,onle,32893,f,y,n,y,y,feces,nega,,
1993,rsgrass,2,2,3,53,onle,32893,f,y,n,y,y,st,prsp,,
1993,rsgrass,2,2,3,63,neal,32894,m,y,n,y,n,feces,nega,,
1993,rsgrass,2,2,3,67,dior,32895,m,y,n,y,n,feces,edip,,
1993,rsgrass,2,2,3,77,remg,32896,f,y,n,y,n,feces,eari,,
1993,rsgrass,2,2,3,79,neal,32897,m,y,n,y,n,feces,nega,,
1993,rsgrass,2,2,3,90,pmle,32898,m,y,n,y,y,feces,elan,,
1993,rsgrass,2,2,3,90,pmle,32898,m,y,n,y,y,st,madi,f,72
1993,rsgrass,2,2,3,90,pmle,32898,m,y,n,y,y,st,madi,m,7
1993,rsgrass,2,2,3,92,neal,32899,f,y,n,y,n,feces,nega,,
1993,rsgrass,2,2,3,94,remg,32900,f,y,n,y,y,feces,eari,,
1993,rsgrass,2,2,3,94,remg,32900,f,y,n,y,y,st,madi,l,5
1993,rsgrass,2,2,3,12,dior,32901,f,y,n,y,n,feces,nega,,
1993,rsgrass,2,2,3,13,dior,32902,f,y,n,y,n,feces,nega,,
1993,rsgrass,2,2,3,14,remg,32903,m,y,n,y,y,feces,eari,,
1993,rsgrass,2,2,3,14,remg,32903,m,y,n,y,y,st,madi,f,8
1993,rsgrass,2,2,3,14,remg,32903,m,y,n,y,y,st,madi,m,3
1993,rsgrass,2,3,3,12,onle,32906,f,y,n,y,n,feces,nega,,
1993,rsgrass,2,3,3,35,dime,32907,m,y,n,y,y,feces,nega,,
1993,rsgrass,2,3,3,35,dime,32907,m,y,n,y,y,si,oode,,32
1993,rsgrass,2,3,3,58,dior,32908,f,y,n,y,n,feces,ebal,,
1993,rsgrass,2,3,3,71,dior,32909,f,y,n,y,y,cc,hede,f,7
1993,rsgrass,2,3,3,71,dior,32909,f,y,n,y,y,feces,nega,,
1993,rsgrass,2,3,3,11,pgfl,32910,f,y,n,y,y,st,madi,f,3
1993,rsgrass,2,3,3,11,pgfl,32910,f,y,n,y,y,feces,nega,,
1993,rsgrass,2,3,3,11,pgfl,32910,f,y,n,y,y,st,phma,f,1
1993,rsgrass,2,3,3,14,dior,32911,m,y,n,y,y,cc,hede,m,3
1993,rsgrass,2,3,3,14,dior,32911,m,y,n,y,y,cc,hede,f,6
1993,rsgrass,2,3,3,14,dior,32911,m,y,n,y,y,feces,nega,,
1993,rsgrass,2,3,3,14,dior,32911,m,y,n,y,y,si,rasp,,1
1993,rsgrass,2,3,2,8,dior,32912,m,y,n,y,y,feces,elio,,
1993,rsgrass,2,3,2,8,dior,32912,m,y,n,y,y,cc,hede,m,2
1993,rsgrass,2,3,2,8,dior,32912,m,y,n,y,y,cc,hede,f,14
1993,rsgrass,2,3,2,36,dior,32913,m,y,n,y,y,cc,hede,m,2
1993,rsgrass,2,3,2,36,dior,32913,m,y,n,y,y,cc,hede,f,2
1993,rsgrass,2,3,2,36,dior,32913,m,y,n,y,y,st,madi,m,1
1993,rsgrass,2,3,2,36,dior,32913,m,y,n,y,y,feces,nega,,
1993,rsgrass,2,3,2,36,dior,32913,m,y,n,y,y,si,oosp,,1
1993,rsgrass,2,3,2,47,dime,32914,f,y,n,y,y,feces,nega,,
1993,rsgrass,2,3,2,47,dime,32914,f,y,n,y,y,si,ptdi,f,2
1993,rsgrass,2,3,2,13,remn,32915,m,y,n,y,y,feces,eari,,
1993,rsgrass,2,3,2,13,remn,32915,m,y,n,y,y,st,pras,f,261
1993,rsgrass,2,3,2,13,remn,32915,m,y,n,y,y,st,pras,m,50
1993,rsgrass,2,3,2,13,remn,32915,m,y,n,y,y,bc,pras,f,74
1993,rsgrass,2,3,2,14,dior,32916,f,y,n,y,y,cc,hede,f,1
1993,rsgrass,2,3,2,14,dior,32916,f,y,n,y,y,cc,hede,m,2
1993,rsgrass,2,3,2,14,dior,32916,f,y,n,y,y,feces,nega,,
1994,rsgrass,1,1,2,18,dior,31639,m,y,y,y,y,cc,hede,m,2
1994,rsgrass,1,1,2,18,dior,31639,m,y,y,y,y,cc,hede,f,1
1994,rsgrass,1,1,2,18,dior,31639,m,y,y,y,y,cc,hede,l,4
1994,rsgrass,1,1,2,18,dior,31639,m,y,y,y,y,ecto,mite,,
1994,rsgrass,1,1,2,18,dior,31639,m,y,y,y,y,feces,nega,,
1994,rsgrass,1,1,2,21,dime,31640,m,y,n,y,y,cc,hede,f,22
1994,rsgrass,1,1,2,21,dime,31640,m,y,n,y,y,cc,hede,m,1
1994,rsgrass,1,1,2,21,dime,31640,m,y,n,y,y,si,hysp,,4
1994,rsgrass,1,1,2,21,dime,31640,m,y,n,y,y,feces,nega,,
1994,rsgrass,1,1,2,21,dime,31640,m,y,n,y,y,si,unce,,1
1994,rsgrass,1,1,2,23,neal,31641,m,y,n,y,n,feces,nega,,
1994,rsgrass,1,1,2,31,dior,31642,m,y,n,y,y,feces,nega,,
1994,rsgrass,1,1,2,31,dior,31642,m,y,n,y,y,cc,trsp,f,3
1994,rsgrass,1,1,2,31,dior,31642,m,y,n,y,y,cc,trsp,m,4
1994,rsgrass,1,1,2,36,neal,31643,f,y,n,y,n,feces,nega,,
1994,rsgrass,1,1,2,42,onle,31644,m,y,y,y,n,feces,nega,,
1994,rsgrass,1,1,2,42,onle,31644,m,y,y,y,n,ecto,posi,,
1994,rsgrass,1,1,2,46,pmtr,31645,f,y,n,y,n,feces,elan,,
1994,rsgrass,1,1,2,57,dior,31646,m,y,n,y,y,cc,hede,f,2
1994,rsgrass,1,1,2,57,dior,31646,m,y,n,y,y,feces,nega,,
1994,rsgrass,1,1,2,59,dior,31647,f,y,n,y,y,cc,hede,f,13
1994,rsgrass,1,1,2,59,dior,31647,f,y,n,y,y,feces,nega,,
1994,rsgrass,1,1,2,68,dior,31648,f,y,n,y,y,cc,hede,f,7
1994,rsgrass,1,1,2,68,dior,31648,f,y,n,y,y,feces,nega,,
1994,rsgrass,1,1,2,70,dime,31649,m,y,n,y,y,feces,echo,,
1994,rsgrass,1,1,2,70,dime,31649,m,y,n,y,y,cc,hede,f,1
1994,rsgrass,1,1,2,70,dime,31649,m,y,n,y,y,si,ptdi,f,8
1994,rsgrass,1,1,2,70,dime,31649,m,y,n,y,y,si,unce,l,17
1994,rsgrass,1,1,2,70,dime,31649,m,y,n,y,y,st,unne,,1
1994,rsgrass,1,1,2,73,dior,31650,f,y,y,y,n,ecto,mite,,
1994,rsgrass,1,1,2,73,dior,31650,f,y,y,y,n,feces,nega,,
1994,rsgrass,1,1,2,75,dior,31651,m,y,n,y,n,feces,nega,,
1994,rsgrass,1,1,2,79,dime,31652,m,y,y,y,y,ecto,mite,,
1994,rsgrass,1,1,2,79,dime,31652,m,y,y,y,y,feces,nega,,
1994,rsgrass,1,1,2,79,dime,31652,m,y,y,y,y,cc,trsp,m,1
1994,rsgrass,1,1,2,79,dime,31652,m,y,y,y,y,cc,trsp,f,2
1994,rsgrass,1,1,2,92,dior,31653,m,y,n,y,n,feces,nega,,
1994,rsgrass,1,1,2,10,dior,31654,m,y,n,y,n,feces,nega,,
1994,rsgrass,1,1,2,10,dior,31655,m,y,n,y,n,feces,nega,,
1994,rsgrass,1,1,2,11,dior,31656,m,y,n,y,y,feces,edip,,
1994,rsgrass,1,1,2,11,dior,31656,m,y,n,y,y,cc,hede,m,7
1994,rsgrass,1,1,2,11,dior,31656,m,y,n,y,y,cc,hede,f,2
1994,rsgrass,1,1,2,12,dior,31657,m,y,n,y,y,cc,hede,f,22
1994,rsgrass,1,1,2,12,dior,31657,m,y,n,y,y,feces,nega,,
1994,rsgrass,1,1,3,4,dior,31658,m,y,n,y,y,cc,hede,f,8
1994,rsgrass,1,1,3,4,dior,31658,m,y,n,y,y,feces,nega,,
1994,rsgrass,1,1,3,18,dime,31659,f,y,n,y,y,feces,nega,,
1994,rsgrass,1,1,3,18,dime,31659,f,y,n,y,y,si,oosp,,3
1994,rsgrass,1,1,3,18,dime,31659,f,y,n,y,y,si,ptdi,f,2
1994,rsgrass,1,1,3,28,dior,31660,m,y,n,y,y,cc,hede,f,1
1994,rsgrass,1,1,3,28,dior,31660,m,y,n,y,y,feces,nega,,
1994,rsgrass,1,1,3,46,onle,31664,m,y,n,y,y,si,mocl,,2
1994,rsgrass,1,1,3,46,onle,31664,m,y,n,y,y,feces,nega,,
1994,rsgrass,1,1,3,46,onle,31664,m,y,n,y,y,si,nema,,2
1994,rsgrass,1,1,3,46,onle,31664,m,y,n,y,y,cc,nema,,4
1994,rsgrass,1,1,3,46,onle,31664,m,y,n,y,y,st,prsp,,16
1994,rsgrass,1,1,3,57,dior,31665,f,y,y,y,n,ecto,mite,,
1994,rsgrass,1,1,3,57,dior,31665,f,y,y,y,n,feces,nega,,
1994,rsgrass,1,1,3,59,dior,31666,f,y,n,y,n,ecto,mite,,
1994,rsgrass,1,1,3,59,dior,31666,f,y,n,y,n,feces,nega,,
1994,rsgrass,1,1,3,60,dior,31667,m,y,n,y,n,feces,nega,,
1994,rsgrass,1,1,3,69,dior,31668,m,y,n,y,y,cc,hede,f,4
1994,rsgrass,1,1,3,69,dior,31668,m,y,n,y,y,st,madi,f,2
1994,rsgrass,1,1,3,69,dior,31668,m,y,n,y,y,feces,nega,,
1994,rsgrass,1,1,3,77,dime,31669,f,y,n,y,y,feces,nega,,
1994,rsgrass,1,1,3,77,dime,31669,f,y,n,y,y,si,oosp,,1
1994,rsgrass,1,1,3,83,dior,31670,f,y,y,y,n,ecto,mite,,
1994,rsgrass,1,1,3,83,dior,31670,f,y,y,y,n,feces,nega,,
1994,rsgrass,1,1,3,92,neal,31671,f,y,n,y,y,feces,nega,,
1994,rsgrass,1,1,3,95,dior,31672,f,y,n,y,n,feces,edip,,
1994,rsgrass,1,1,3,10,dior,31673,f,y,y,y,n,feces,ebal,,
1994,rsgrass,1,1,3,10,dior,31673,f,y,y,y,n,ecto,mite,,
1994,rsgrass,1,1,3,10,dior,31674,f,y,n,y,n,feces,edip,,
1994,rsgrass,1,1,3,11,dime,31675,m,y,n,y,y,cc,hede,m,1
1994,rsgrass,1,1,3,11,dime,31675,m,y,n,y,y,cc,hede,f,2
1994,rsgrass,1,1,3,11,dime,31675,m,y,n,y,y,feces,nega,,
1994,rsgrass,1,1,3,11,dime,31675,m,y,n,y,y,si,oosp,,1
1994,rsgrass,1,1,3,11,dior,31676,f,y,y,y,n,feces,edip,,
1994,rsgrass,1,1,3,11,dior,31676,f,y,y,y,n,ecto,mite,,
1994,rsgrass,1,1,3,11,neal,31677,f,y,n,y,n,feces,nega,,
1994,rsgrass,1,1,3,12,neal,31678,f,y,n,y,n,feces,nega,,
1994,rsgrass,1,1,3,12,dime,31679,m,y,n,y,y,feces,nega,,
1994,rsgrass,1,1,3,12,dime,31679,m,y,n,y,y,si,pras,f,1
1994,rsgrass,1,1,3,12,dime,31679,m,y,n,y,y,si,unce,,9
1994,rsgrass,1,2,2,9,pgfl,31684,f,y,y,y,n,ecto,mite,,
1994,rsgrass,1,2,2,9,pgfl,31684,f,y,y,y,n,feces,nega,,
1994,rsgrass,1,2,2,24,dior,31685,f,y,n,y,n,feces,nega,,
1994,rsgrass,1,2,2,31,pmle,31686,m,y,n,y,y,feces,nega,,
1994,rsgrass,1,2,2,31,pmle,31686,m,y,n,y,y,si,unce,l,31
1994,rsgrass,1,2,2,33,dime,31687,m,y,n,y,n,feces,echo,,
1994,rsgrass,1,2,2,44,dior,31688,m,y,n,y,n,feces,nega,,
1994,rsgrass,1,2,2,59,dime,31689,m,y,n,y,n,feces,echo,,
1994,rsgrass,1,2,2,79,dime,31690,f,y,n,y,y,feces,nega,,
1994,rsgrass,1,2,2,79,dime,31690,f,y,n,y,y,si,unce,l,11
1994,rsgrass,1,2,2,83,dior,31691,f,y,n,y,n,feces,nega,,
1994,rsgrass,1,2,2,89,dior,31692,f,y,n,y,y,cc,hede,f,4
1994,rsgrass,1,2,2,89,dior,31692,f,y,n,y,y,feces,nega,,
1994,rsgrass,1,2,2,93,dior,31693,m,y,n,y,y,cc,hede,f,13
1994,rsgrass,1,2,2,93,dior,31693,m,y,n,y,y,feces,nega,,
1994,rsgrass,1,2,2,94,dior,31694,f,y,y,y,y,feces,edip,,
1994,rsgrass,1,2,2,94,dior,31694,f,y,y,y,y,cc,hede,m,3
1994,rsgrass,1,2,2,94,dior,31694,f,y,y,y,y,cc,hede,f,3
1994,rsgrass,1,2,2,94,dior,31694,f,y,y,y,y,ecto,mite,,
1994,rsgrass,1,2,2,94,dior,31694,f,y,y,y,y,cc,trsp,f,1
1994,rsgrass,1,2,2,95,dior,31695,m,y,y,y,n,ecto,mite,,
1994,rsgrass,1,2,2,95,dior,31695,m,y,y,y,n,feces,nega,,
1994,rsgrass,1,2,2,96,dime,31696,m,y,n,y,y,feces,nega,,
1994,rsgrass,1,2,2,96,dime,31696,m,y,n,y,y,cc,trsp,m,1
1994,rsgrass,1,2,2,96,dime,31696,m,y,n,y,y,cc,trsp,f,1
1994,rsgrass,1,2,2,10,neal,31697,m,y,y,y,n,ecto,ecga,,
1994,rsgrass,1,2,2,10,neal,31697,m,y,y,y,n,feces,nega,,
1994,rsgrass,1,2,2,11,dior,31698,f,y,n,y,y,cc,hede,m,1
1994,rsgrass,1,2,2,11,dior,31698,f,y,n,y,y,cc,hede,f,3
1994,rsgrass,1,2,2,11,dior,31698,f,y,n,y,y,feces,nega,,
1994,rsgrass,1,2,2,11,dime,31699,m,y,y,y,n,ecto,mite,,
1994,rsgrass,1,2,2,11,dime,31699,m,y,y,y,n,feces,nega,,
1994,rsgrass,1,2,2,12,neal,31700,m,y,n,y,n,feces,nega,,
1994,rsgrass,1,2,2,12,dior,31701,f,y,n,y,y,si,hepo,m,1
1994,rsgrass,1,2,2,12,dior,31701,f,y,n,y,y,feces,nega,,
1994,rsgrass,1,2,2,13,dior,31702,f,y,n,y,n,feces,nega,,
1994,rsgrass,1,2,2,14,dior,31703,f,y,n,y,n,feces,nega,,
1994,rsgrass,1,2,3,10,neal,31704,m,y,y,y,n,ecto,cuau,,1
1994,rsgrass,1,2,3,10,neal,31704,m,y,y,y,n,feces,ealb,,
1994,rsgrass,1,2,3,11,dior,31705,m,y,n,y,y,cc,hede,f,5
1994,rsgrass,1,2,3,11,dior,31705,m,y,n,y,y,feces,nega,,
1994,rsgrass,1,2,3,21,dior,31706,f,y,n,y,y,feces,ebal,,
1994,rsgrass,1,2,3,21,dior,31706,f,y,n,y,y,st,madi,f,1
1994,rsgrass,1,2,3,21,dior,31706,f,y,n,y,y,st,madi,m,1
1994,rsgrass,1,2,3,34,or,31707,f,y,n,y,y,feces,nega,,
1994,rsgrass,1,2,3,34,or,31707,f,y,n,y,y,cc,nema,,1
1994,rsgrass,1,2,3,34,or,31707,f,y,n,y,y,st,prsp,,32
1994,rsgrass,1,2,3,64,dime,31708,m,y,n,y,y,feces,echo,,
1994,rsgrass,1,2,3,64,dime,31708,m,y,n,y,y,cc,hede,f,2
1994,rsgrass,1,2,3,70,dior,31709,f,y,n,y,n,feces,nega,,
1994,rsgrass,1,2,3,83,dime,31710,f,y,n,y,y,cc,hede,f,7
1994,rsgrass,1,2,3,83,dime,31710,f,y,n,y,y,feces,nega,,
1994,rsgrass,1,2,3,10,dior,31711,m,y,y,y,y,ecto,mite,,
1994,rsgrass,1,2,3,10,dior,31711,m,y,y,y,y,feces,nega,,
1994,rsgrass,1,2,3,10,dior,31711,m,y,y,y,y,cc,trsp,m,1
1994,rsgrass,1,2,3,10,dior,31711,m,y,y,y,y,cc,trsp,f,2
1994,rsgrass,1,2,3,12,dior,31712,m,y,n,y,y,feces,echo,,
1994,rsgrass,1,2,3,12,dior,31712,m,y,n,y,y,feces,edip,,
1994,rsgrass,1,2,3,12,dior,31712,m,y,n,y,y,feces,esch,,
1994,rsgrass,1,2,3,12,dior,31712,m,y,n,y,y,si,unce,,1
1994,rsgrass,1,2,3,12,dime,31713,f,y,n,y,n,feces,nega,,
1994,rsgrass,1,2,3,13,onle,31714,f,y,n,y,y,feces,nega,,
1994,rsgrass,1,2,3,13,onle,31714,f,y,n,y,y,si,nema,,
1994,rsgrass,1,2,3,13,onle,31714,f,y,n,y,y,st,prsp,,3
1994,rsgrass,1,2,3,14,neal,31715,f,y,n,y,n,feces,nega,,
1994,rsgrass,1,2,3,14,dior,31716,m,y,n,y,y,feces,nega,,
1994,rsgrass,1,2,3,14,dior,31716,m,y,n,y,y,si,rasp,,1
1994,rsgrass,1,3,2,8,dior,31719,f,y,y,y,y,feces,ebal,,
1994,rsgrass,1,3,2,8,dior,31719,f,y,y,y,y,feces,edip,,
1994,rsgrass,1,3,2,8,dior,31719,f,y,y,y,y,st,madi,f,1
1994,rsgrass,1,3,2,8,dior,31719,f,y,y,y,y,ecto,mite,,
1994,rsgrass,1,3,2,18,dime,31720,m,y,y,y,n,feces,echo,,
1994,rsgrass,1,3,2,18,dime,31720,m,y,y,y,n,ecto,mite,,
1994,rsgrass,1,3,2,33,dior,31721,m,y,n,y,y,feces,nega,,
1994,rsgrass,1,3,2,33,dior,31721,m,y,n,y,y,cc,trsp,f,3
1994,rsgrass,1,3,2,54,pgfl,31722,m,y,n,y,n,feces,nega,,
1994,rsgrass,1,3,2,58,dior,31723,f,y,n,y,n,feces,nega,,
1994,rsgrass,1,3,2,68,pmtr,31724,m,y,n,y,y,st,madi,l,8
1994,rsgrass,1,3,2,68,pmtr,31724,m,y,n,y,y,feces,nega,,
1994,rsgrass,1,3,2,70,pgfl,31725,m,y,n,y,n,feces,echo,,
1994,rsgrass,1,3,2,78,dime,31726,f,y,n,y,y,feces,echo,,
1994,rsgrass,1,3,2,78,dime,31726,f,y,n,y,y,cc,hede,f,4
1994,rsgrass,1,3,2,78,dime,31726,f,y,n,y,y,cc,hede,m,1
1994,rsgrass,1,3,2,78,dime,31726,f,y,n,y,y,si,ptdi,f,6
1994,rsgrass,1,3,2,80,neal,31727,m,y,y,y,n,ecto,cuau,,3
1994,rsgrass,1,3,2,80,neal,31727,m,y,y,y,n,ecto,flea,,1
1994,rsgrass,1,3,2,80,neal,31727,m,y,y,y,n,feces,nega,,
1994,rsgrass,1,3,2,10,dior,31728,f,y,n,y,n,feces,nega,,
1994,rsgrass,1,3,2,11,dior,31729,f,y,n,y,y,cc,hede,f,1
1994,rsgrass,1,3,2,11,dior,31729,f,y,n,y,y,feces,nega,,
1994,rsgrass,1,3,2,12,dior,31730,m,y,n,y,n,feces,nega,,
1994,rsgrass,1,3,2,13,or,31731,m,y,n,y,y,feces,nega,,
1994,rsgrass,1,3,2,13,or,31731,m,y,n,y,y,st,prsp,,28
1994,rsgrass,1,3,3,14,pmle,31732,m,y,n,y,y,st,madi,f,6
1994,rsgrass,1,3,3,14,pmle,31732,m,y,n,y,y,st,madi,m,4
1994,rsgrass,1,3,3,14,pmle,31732,m,y,n,y,y,feces,nega,,
1994,rsgrass,1,3,2,22,dime,31733,m,y,n,y,y,feces,nega,,
1994,rsgrass,1,3,2,22,dime,31733,m,y,n,y,y,cc,trsp,f,1
1994,rsgrass,1,3,2,22,dime,31733,m,y,n,y,y,si,unce,,21
1994,rsgrass,1,3,2,32,dior,31734,f,y,y,y,y,cc,hede,f,2
1994,rsgrass,1,3,2,32,dior,31734,f,y,y,y,y,ecto,mite,,
1994,rsgrass,1,3,2,32,dior,31734,f,y,y,y,y,feces,nega,,
1994,rsgrass,1,3,2,47,dior,31735,f,y,y,y,n,ecto,mite,,
1994,rsgrass,1,3,2,47,dior,31735,f,y,y,y,n,feces,nega,,
1994,rsgrass,1,3,2,57,dime,31736,m,y,y,y,y,cc,hede,m,2
1994,rsgrass,1,3,2,57,dime,31736,m,y,y,y,y,cc,hede,f,2
1994,rsgrass,1,3,2,57,dime,31736,m,y,y,y,y,ecto,mite,,
1994,rsgrass,1,3,2,57,dime,31736,m,y,y,y,y,feces,nega,,
1994,rsgrass,1,3,2,57,dime,31736,m,y,y,y,y,si,oosp,,1
1994,rsgrass,1,3,2,57,dime,31736,m,y,y,y,y,si,ptdi,f,2
1994,rsgrass,1,3,2,58,pgfl,31737,m,y,n,y,y,st,madi,l,2
1994,rsgrass,1,3,2,58,pgfl,31737,m,y,n,y,y,feces,nega,,
1994,rsgrass,1,3,2,58,pgfl,31737,m,y,n,y,y,cc,unne,,1
1994,rsgrass,1,3,2,70,pgfl,31738,m,y,n,y,y,st,madi,m,2
1994,rsgrass,1,3,2,70,pgfl,31738,m,y,n,y,y,st,madi,f,4
1994,rsgrass,1,3,2,70,pgfl,31738,m,y,n,y,y,feces,nega,,
1994,rsgrass,1,3,2,81,dior,31739,m,y,y,y,n,ecto,mite,,
1994,rsgrass,1,3,2,81,dior,31739,m,y,y,y,n,feces,nega,,
1994,rsgrass,1,3,2,92,dime,31740,f,y,n,y,y,cc,hede,f,4
1994,rsgrass,1,3,2,92,dime,31740,f,y,n,y,y,feces,nega,,
1994,rsgrass,1,3,2,92,dime,31740,f,y,n,y,y,si,unce,,1
1994,rsgrass,1,3,2,117,dior,31741,f,y,n,y,y,feces,edip,,
1994,rsgrass,1,3,2,117,dior,31741,f,y,n,y,y,cc,hede,f,7
1994,rsgrass,1,3,2,117,dior,31741,f,y,n,y,y,cc,trsp,m,1
1994,rsgrass,1,3,2,119,onle,31742,m,y,n,y,y,si,mocl,,6
1994,rsgrass,1,3,2,119,onle,31742,m,y,n,y,y,feces,nega,,
1994,rsgrass,1,3,2,119,onle,31742,m,y,n,y,y,st,prsp,,32
1994,rsgrass,1,3,2,120,dior,31743,m,y,y,y,n,ecto,fapi,,
1994,rsgrass,1,3,2,120,dior,31743,m,y,y,y,n,feces,nega,,
1994,rsgrass,1,3,2,122,dime,31744,m,y,n,y,y,cc,hede,f,1
1994,rsgrass,1,3,2,122,dime,31744,m,y,n,y,y,feces,nega,,
1994,rsgrass,1,3,2,122,dime,31744,m,y,n,y,y,si,unce,l,6
1994,rsgrass,1,3,3,134,dime,31745,m,y,n,y,y,cc,hede,m,3
1994,rsgrass,1,3,3,134,dime,31745,m,y,n,y,y,cc,hede,f,7
1994,rsgrass,1,3,3,134,dime,31745,m,y,n,y,y,feces,nega,,
1994,rsgrass,1,3,3,134,dime,31745,m,y,n,y,y,st,pras,l,1
1994,rsgrass,1,3,3,143,dior,31746,f,y,y,y,n,ecto,mite,,
1994,rsgrass,1,3,3,143,dior,31746,f,y,y,y,n,feces,nega,,
1994,rsgrass,3,1,3,13,pgfl,31944,m,y,n,y,n,feces,nega,,
1994,rsgrass,3,1,3,14,dime,31945,f,y,n,y,y,st,hede,f,1
1994,rsgrass,3,1,3,14,dime,31945,f,y,n,y,y,feces,,,
1994,rsgrass,3,1,3,14,dime,31945,f,y,n,y,y,cc,phma,f,3
1994,rsgrass,3,1,3,14,dime,31945,f,y,n,y,y,cc,phma,m,1
1994,rsgrass,3,1,3,13,dior,31946,m,y,n,y,y,cc,hede,f,2
1994,rsgrass,3,1,3,37,pgfl,31947,f,y,n,y,n,feces,nega,,
1994,rsgrass,3,1,3,62,dime,31948,f,y,n,y,y,cc,hede,f,5
1994,rsgrass,3,1,3,62,dime,31948,f,y,n,y,y,feces,nega,,
1994,rsgrass,3,1,3,62,dime,31948,f,y,n,y,y,st,ptdi,f,3
1994,rsgrass,3,1,3,67,dior,31949,m,y,n,y,y,cc,hede,f,1
1994,rsgrass,3,1,3,72,pgfl,31950,m,y,y,y,n,feces,,,
1994,rsgrass,3,1,3,59,dime,31951,m,y,y,y,y,cc,hede,f,22
1994,rsgrass,3,1,3,59,dime,31951,m,y,y,y,y,cc,hede,m,1
1994,rsgrass,3,1,3,59,dime,31951,m,y,y,y,y,ecto,mear,,
1994,rsgrass,3,1,3,59,dime,31951,m,y,y,y,y,si,ptdi,f,1
1994,rsgrass,3,1,3,59,dime,31951,m,y,y,y,y,ecto,thac,,
1994,rsgrass,3,1,3,45,dior,31952,m,y,y,y,y,ecto,mear,,
1994,rsgrass,3,1,3,45,dior,31952,m,y,y,y,y,cc,trsp,m,2
1994,rsgrass,3,1,3,45,dior,31952,m,y,y,y,y,cc,trsp,f,7
1994,rsgrass,3,1,3,54,dime,31953,f,y,n,y,y,st,madi,f,1
1994,rsgrass,3,1,3,43,neal,31954,m,y,n,y,n,feces,nega,,
1994,rsgrass,3,1,3,13,neal,31955,m,y,n,y,n,feces,nega,,
1994,rsgrass,3,1,3,22,onle,31956,m,y,n,y,y,bc,nema,,
1994,rsgrass,3,1,3,9,dime,31957,f,y,n,y,y,cc,hede,f,7
1994,rsgrass,3,1,3,9,dime,31957,f,y,n,y,y,st,madi,f,1
1994,rsgrass,3,1,3,9,dime,31957,f,y,n,y,y,feces,nega,,
1994,rsgrass,3,1,3,3,onle,31958,f,y,n,y,n,feces,,,
1994,rsgrass,3,1,3,7,neal,31959,m,y,n,y,n,feces,nega,,
1994,rsgrass,3,1,3,4,dior,31960,m,y,n,y,n,feces,edip,,
1994,rsgrass,3,1,3,10,pgfl,31962,f,y,n,y,n,feces,nega,,
1994,rsgrass,3,1,2,83,dior,31964,f,y,n,y,y,cc,hede,f,3
1994,rsgrass,3,2,3,,pgfl,31966,f,y,n,y,n,feces,nega,,
1994,rsgrass,3,2,4,106,onle,31967,f,y,n,y,y,si,hyns,,39
1994,rsgrass,3,2,4,106,onle,31967,f,y,n,y,y,si,mocl,,10
1994,rsgrass,3,2,4,106,onle,31967,f,y,n,y,y,feces,,,
1994,rsgrass,3,2,4,106,onle,31967,f,y,n,y,y,st,nema,,
1994,rsgrass,3,2,4,106,onle,31967,f,y,n,y,y,si,nema,,113
1994,rsgrass,3,2,4,106,onle,31967,f,y,n,y,y,cc,nema,,5
1994,rsgrass,3,1,3,11,onle,31968,m,y,n,y,y,si,mocl,,4
1994,rsgrass,3,1,3,11,onle,31968,m,y,n,y,y,si,nema,,1
1994,rsgrass,3,1,3,11,onle,31969,f,y,n,y,y,st,nema,,38
1994,rsgrass,3,1,3,11,onle,31970,m,y,n,y,y,si,mocl,,1
1994,rsgrass,3,1,3,11,dior,31971,m,y,y,y,y,cc,hede,f,6
1994,rsgrass,3,1,3,11,dior,31971,m,y,y,y,y,feces,nega,,
1994,rsgrass,3,1,3,11,dime,31972,m,y,n,y,y,cc,hede,f,1
1994,rsgrass,3,1,3,11,dime,31972,m,y,n,y,y,st,madi,f,2
1994,rsgrass,3,1,3,11,dime,31972,m,y,n,y,y,feces,nega,,
1994,rsgrass,3,1,3,12,dior,31973,m,n,n,y,y,feces,,,
1994,rsgrass,3,1,3,12,dior,31973,m,n,n,y,y,si,oosp,,1
1994,rsgrass,3,1,2,35,onle,31974,f,y,n,y,y,si,hyns,,25
1994,rsgrass,3,1,2,37,dior,31975,m,y,n,y,n,feces,nega,,
1994,rsgrass,3,1,2,11,neal,31977,f,y,n,y,n,feces,nega,,
1994,rsgrass,3,1,2,12,neal,31978,m,y,n,y,n,feces,nega,,
1994,rsgrass,3,1,2,21,neal,31979,m,y,n,y,n,feces,nega,,
1994,rsgrass,3,2,2,58,dior,31980,m,y,n,y,y,cc,hede,f,10
1994,rsgrass,3,2,2,,dior,31981,m,y,n,y,y,st,pras,f,1
1994,rsgrass,3,2,3,46,pgfl,31982,m,y,n,y,n,feces,nega,,
1994,rsgrass,3,1,2,22,neal,31983,m,y,n,y,n,feces,nega,,
1994,rsgrass,3,1,2,11,neal,31985,m,y,n,y,n,feces,nega,,
1994,rsgrass,3,1,2,16,spsp,31986,m,y,y,y,y,cc,citr,m,3
1994,rsgrass,3,1,2,16,spsp,31986,m,y,y,y,y,cc,citr,f,5
1994,rsgrass,3,1,2,16,spsp,31986,m,y,y,y,y,feces,,,
1994,rsgrass,3,1,2,16,spsp,31986,m,y,y,y,y,ecto,thac,,
1994,rsgrass,3,1,5,12,neal,31987,m,y,y,y,y,ecto,cuau,,1
1994,rsgrass,3,1,5,12,neal,31987,m,y,n,y,y,feces,nega,,
1994,rsgrass,3,1,5,12,neal,31987,m,y,n,y,y,si,unce,,1
1994,rsgrass,3,3,3,13,dime,31989,m,y,n,y,y,st,madi,m,1
1994,rsgrass,3,3,3,13,dime,31989,m,y,n,y,y,st,madi,f,2
1994,rsgrass,3,1,2,,dior,31990,f,y,n,y,y,cc,hede,f,1
1994,rsgrass,3,1,2,72,neal,31991,f,y,y,y,y,ecto,cuau,,2
1994,rsgrass,3,1,2,72,neal,31991,f,y,y,y,y,feces,nega,,
1994,rsgrass,3,1,2,72,neal,31991,f,y,y,y,y,st,phma,f,3
1994,rsgrass,3,1,2,68,dime,31992,m,y,y,y,y,st,hede,m,1
1994,rsgrass,3,1,2,68,dime,31992,m,y,y,y,y,ecto,mear,,
1994,rsgrass,3,1,2,68,dime,31992,m,y,y,y,y,feces,,,
1994,rsgrass,3,1,2,33,pgfl,31995,m,y,y,y,n,feces,nega,,
1994,rsgrass,3,1,2,33,pgfl,31995,m,y,y,y,n,ecto,thbp,,
1994,rsgrass,3,1,2,34,neal,31996,f,y,n,y,n,feces,nega,,
1994,rsgrass,3,1,2,36,dior,31997,m,y,n,y,n,feces,esch,,
1994,rsgrass,3,2,3,,pgfl,31999,m,y,y,y,y,ecto,mear,,
1994,rsgrass,3,2,3,,pgfl,31999,m,y,y,y,y,feces,nega,,
1994,rsgrass,3,2,3,,pgfl,31999,m,y,y,y,y,st,pras,f,21
1994,rsgrass,3,2,3,,pgfl,31999,m,y,y,y,y,st,pras,m,11
1994,rsgrass,3,2,3,48,pgfl,34002,f,y,n,n,n,feces,nega,,
1994,rsgrass,3,2,3,39,dior,34003,m,y,y,y,n,ecto,mear,,
1994,rsgrass,3,2,3,39,dior,34003,m,y,y,y,n,ecto,mepa,,
1994,rsgrass,3,2,3,29,neal,34004,m,y,y,y,n,ecto,cuau,,1
1994,rsgrass,3,2,3,29,neal,34004,m,y,n,y,n,feces,nega,,
1994,rsgrass,3,2,3,67,neal,34005,m,y,n,y,n,feces,ealb,,
1994,rsgrass,3,2,2,47,dior,34006,m,y,y,y,y,cc,hede,m,1
1994,rsgrass,3,2,2,47,dior,34006,m,y,y,y,y,cc,hede,f,10
1994,rsgrass,3,2,2,47,dior,34006,m,y,y,y,y,ecto,mear,,
1994,rsgrass,3,2,2,47,dior,34006,m,y,y,y,y,ecto,mepa,,
1994,rsgrass,3,2,2,60,neal,34007,m,y,n,y,n,feces,nega,,
1994,rsgrass,3,2,2,13,pgfl,34009,f,y,n,y,n,feces,nega,,
1994,rsgrass,3,2,2,11,dior,34010,m,y,n,y,y,cc,hede,f,11
1994,rsgrass,3,2,2,24,pgfl,34011,m,y,n,y,n,feces,nega,,
1994,rsgrass,3,2,2,32,pgfl,34012,m,y,n,y,n,feces,nega,,
1994,rsgrass,3,2,2,34,dior,34013,f,y,n,y,y,cc,hede,f,1
1994,rsgrass,3,3,3,48,neal,34014,m,y,n,y,n,feces,nega,,
1994,rsgrass,3,3,3,86,dime,34015,f,y,y,y,n,feces,echo,,
1994,rsgrass,3,3,3,86,dime,34015,f,y,y,y,n,ecto,mear,,
1994,rsgrass,3,3,3,83,dior,34016,m,y,y,y,y,cc,hede,f,5
1994,rsgrass,3,3,3,83,dior,34016,m,y,y,y,y,feces,,,
1994,rsgrass,3,3,3,63,neal,34017,f,y,n,y,y,feces,nega,,
1994,rsgrass,3,3,3,63,neal,34017,f,y,n,y,y,si,unce,l,2
1994,rsgrass,3,3,3,34,dior,34018,f,y,n,y,y,cc,trsp,m,3
1994,rsgrass,3,3,3,34,dior,34018,f,y,n,y,y,cc,trsp,f,4
1994,rsgrass,3,3,3,31,neal,34019,f,y,n,y,n,feces,ealb,,
1994,rsgrass,3,3,3,22,onle,34020,f,y,n,y,y,si,mocl,,4
1994,rsgrass,3,3,3,22,onle,34020,f,y,n,y,y,bc,nema,,2
1994,rsgrass,3,3,3,22,onle,34020,f,y,n,y,y,st,prsp,,2
1994,rsgrass,3,3,3,13,neal,34021,f,y,n,y,n,feces,nega,,
1994,rsgrass,3,3,2,15,pgfv,34022,f,y,n,y,n,feces,nega,,
1994,rsgrass,3,3,2,24,dior,34023,f,y,n,y,y,cc,hede,f,13
1994,rsgrass,3,3,2,24,dior,34023,f,y,n,y,y,cc,trsp,m,1
1994,rsgrass,3,3,2,24,dior,34023,f,y,n,y,y,cc,trsp,f,2
1994,rsgrass,3,3,2,9,onle,34024,m,y,n,y,y,si,mocl,,1
1994,rsgrass,3,3,2,45,neal,34025,m,y,n,y,n,feces,nega,,
1994,rsgrass,3,3,2,54,dior,34026,f,y,n,y,n,ecto,mepa,,
1994,rsgrass,3,3,2,36,pgfl,34027,m,y,n,y,n,feces,nega,,
1994,rsgrass,3,3,2,34,neal,34028,m,y,n,y,y,si,hepo,m,1
1994,rsgrass,3,3,2,34,neal,34028,m,y,n,y,y,si,hepo,f,1
1994,rsgrass,3,3,2,34,neal,34028,m,y,n,y,y,feces,nega,,
1994,rsgrass,3,3,2,34,neal,34028,m,y,n,y,y,st,phma,f,1
1994,rsgrass,3,1,2,63,pmma,34029,m,y,n,y,n,feces,issp,,
1994,rsgrass,3,2,3,60,pmma,34030,m,y,n,y,y,si,mosp,m,1
1994,rsgrass,3,2,3,60,pmma,34030,m,y,n,y,y,si,mosp,f,1
1995,rsgrass,1,2,2,79,pmtr,33501,m,y,n,y,n,feces,nega,,
1995,rsgrass,1,2,2,95,onle,33502,f,y,y,y,y,si,hepo,f,1
1995,rsgrass,1,2,2,95,onle,33502,f,y,y,y,y,ecto,lice,,1
1995,rsgrass,1,2,2,95,onle,33502,f,y,y,y,y,feces,nega,,
1995,rsgrass,1,2,2,12,dior,33505,m,y,y,y,y,ecto,lice,,
1995,rsgrass,1,2,2,12,dior,33505,m,y,y,y,y,feces,nega,,
1995,rsgrass,1,2,2,12,dior,33505,m,y,y,y,y,cc,nema,,3
1995,rsgrass,1,2,2,12,dior,33505,m,y,y,y,y,si,rasp,,3
1995,rsgrass,1,2,2,12,pgfl,33506,m,y,y,y,y,ecto,lice,,
1995,rsgrass,1,2,2,12,pgfl,33506,m,y,y,y,y,ecto,mite,,
1995,rsgrass,1,2,2,12,pgfl,33506,m,y,y,y,y,feces,nega,,
1995,rsgrass,1,2,2,12,pgfl,33506,m,y,y,y,y,cc,trsp,f,1
1995,rsgrass,1,2,2,12,neal,33507,m,y,n,y,y,feces,ealb,,
1995,rsgrass,1,2,2,12,neal,33507,m,y,n,y,y,si,nema,,
1995,rsgrass,1,2,2,12,pgfl,33508,m,y,y,y,n,ecto,lice,,
1995,rsgrass,1,2,2,12,pgfl,33508,m,y,y,y,n,feces,nega,,
1995,rsgrass,1,2,2,13,pgfl,33509,f,y,y,y,n,ecto,mite,,
1995,rsgrass,1,2,2,13,pgfl,33509,f,y,y,y,n,feces,nega,,
1995,rsgrass,1,2,3,32,remg,33510,f,y,n,y,y,feces,eari,,
1995,rsgrass,1,2,3,32,remg,33510,f,y,n,y,y,st,madi,f,6
1995,rsgrass,1,2,3,32,remg,33510,f,y,n,y,y,st,madi,l,35
1995,rsgrass,1,2,3,34,onle,33511,m,y,n,y,y,feces,nega,,
1995,rsgrass,1,2,3,34,onle,33511,m,y,n,y,y,si,nema,,
1995,rsgrass,1,2,3,35,pgfl,33512,f,y,n,y,n,feces,nega,,
1995,rsgrass,1,2,3,36,dior,33513,m,y,y,y,n,ecto,mite,,
1995,rsgrass,1,2,3,36,dior,33513,m,y,y,y,n,feces,nega,,
1995,rsgrass,1,2,3,44,pgfl,33514,m,y,y,y,n,ecto,mite,,
1995,rsgrass,1,2,3,44,pgfl,33514,m,y,y,y,n,feces,nega,,
1995,rsgrass,1,2,3,47,pgfl,33515,f,y,y,y,n,ecto,mite,,
1995,rsgrass,1,2,3,47,pgfl,33515,f,y,y,y,n,feces,nega,,
1995,rsgrass,1,2,3,57,pgfl,33516,m,y,y,y,n,ecto,fapi,,
1995,rsgrass,1,2,3,57,pgfl,33516,m,y,y,y,n,ecto,mite,,1
1995,rsgrass,1,2,3,57,pgfl,33516,m,y,y,y,n,feces,nega,,
1995,rsgrass,1,2,3,58,pgfl,33517,m,y,y,y,n,ecto,mite,,
1995,rsgrass,1,2,3,58,pgfl,33517,m,y,y,y,n,feces,nega,,
1995,rsgrass,1,2,3,60,pgfl,33518,m,y,y,y,n,feces,nega,,
1995,rsgrass,1,2,3,69,neal,33519,f,y,y,y,y,cc,asac,f,2
1995,rsgrass,1,2,3,69,neal,33519,f,y,y,y,y,feces,nega,,
1995,rsgrass,1,2,3,72,dior,33520,f,y,y,y,y,ecto,fapi,,
1995,rsgrass,1,2,3,72,dior,33520,f,y,y,y,y,cc,hede,m,1
1995,rsgrass,1,2,3,72,dior,33520,f,y,y,y,y,cc,hede,f,47
1995,rsgrass,1,2,3,72,dior,33520,f,y,y,y,y,ecto,mite,,
1995,rsgrass,1,2,3,72,dior,33520,f,y,y,y,y,feces,nega,,
1995,rsgrass,1,2,3,74,pgfl,33521,m,y,y,y,n,ecto,mite,,
1995,rsgrass,1,2,3,74,pgfl,33521,m,y,y,y,n,feces,nega,,
1995,rsgrass,1,2,3,81,onle,33522,m,y,y,y,y,si,mocl,,3
1995,rsgrass,1,2,3,81,onle,33522,m,y,y,y,y,feces,nega,,
1995,rsgrass,1,2,3,81,onle,33522,m,y,y,y,y,ecto,posi,,
1995,rsgrass,1,2,3,81,onle,33522,m,y,y,y,y,st,prsp,,8
1995,rsgrass,1,2,3,93,pgfl,33523,f,y,y,y,n,ecto,mite,,
1995,rsgrass,1,2,3,93,pgfl,33523,f,y,y,y,n,feces,nega,,
1995,rsgrass,1,2,3,94,dior,33524,f,y,y,y,y,ecto,fapi,,
1995,rsgrass,1,2,3,94,dior,33524,f,y,y,y,y,si,hede,f,1
1995,rsgrass,1,2,3,94,dior,33524,f,y,y,y,y,cc,hede,m,21
1995,rsgrass,1,2,3,94,dior,33524,f,y,y,y,y,cc,hede,f,60
1995,rsgrass,1,2,3,94,dior,33524,f,y,y,y,y,ecto,mite,,
1995,rsgrass,1,2,3,94,dior,33524,f,y,y,y,y,feces,nega,,
1995,rsgrass,1,2,3,95,pgfl,33525,m,y,y,y,n,feces,nega,,
1995,rsgrass,1,2,3,95,pgfl,33525,m,y,y,y,n,ecto,posi,,
1995,rsgrass,1,2,3,10,pgfl,33526,m,y,y,y,n,ecto,mite,,
1995,rsgrass,1,2,3,10,pgfl,33526,m,y,y,y,n,feces,nega,,
1995,rsgrass,1,2,3,11,remg,33527,f,y,n,y,y,st,madi,m,1
1995,rsgrass,1,2,3,11,remg,33527,f,y,n,y,y,st,madi,f,1
1995,rsgrass,1,2,3,11,remg,33527,f,y,n,y,y,feces,nega,,
1995,rsgrass,1,2,3,11,pgfl,33528,m,y,y,y,n,ecto,lice,,
1995,rsgrass,1,2,3,11,pgfl,33528,m,y,y,y,n,ecto,mite,,
1995,rsgrass,1,2,3,11,pgfl,33528,m,y,y,y,n,feces,nega,,
1995,rsgrass,1,2,3,11,dior,33529,m,y,y,y,n,ecto,mite,,
1995,rsgrass,1,2,3,11,dior,33529,m,y,y,y,n,feces,nega,,
1995,rsgrass,1,2,3,11,dior,33530,f,y,y,y,n,ecto,lice,,1
1995,rsgrass,1,2,3,11,dior,33530,f,y,y,y,n,feces,nega,,
1995,rsgrass,1,2,3,12,pgfl,33531,m,y,n,y,n,feces,nega,,
1995,rsgrass,1,2,3,13,dime,33532,m,y,y,y,y,cc,hede,f,1
1995,rsgrass,1,2,3,13,dime,33532,m,y,y,y,y,ecto,mite,,
1995,rsgrass,1,2,3,13,dime,33532,m,y,y,y,y,feces,nega,,
1995,rsgrass,1,3,2,0,dior,33537,m,y,y,y,y,ecto,mite,,
1995,rsgrass,1,3,2,0,dior,33537,m,y,y,y,y,feces,nega,,
1995,rsgrass,1,3,2,0,dior,33538,m,y,y,y,y,ecto,mite,,
1995,rsgrass,1,3,2,0,dior,33538,m,y,y,y,y,feces,nega,,
1995,rsgrass,1,3,2,0,dior,33538,m,y,y,y,y,cc,nema,,
1995,rsgrass,1,3,2,0,pgfl,33539,f,y,n,y,n,feces,nega,,
1995,rsgrass,1,3,2,0,dime,33540,m,y,n,y,y,si,mocl,m,1
1995,rsgrass,1,3,2,0,dime,33540,m,y,n,y,y,feces,nega,,
1995,rsgrass,1,3,2,0,dime,33541,m,y,n,y,n,feces,nega,,
1995,rsgrass,1,3,2,0,neal,33542,f,y,n,y,n,feces,nega,,
1995,rsgrass,1,3,2,0,neal,33542,f,y,n,y,n,ecto,neno,,
1995,rsgrass,1,3,2,0,pgfl,33543,f,y,n,y,n,feces,nega,,
1995,rsgrass,1,3,2,0,neal,33544,f,y,n,y,n,feces,nega,,
1995,rsgrass,1,3,2,0,neal,33544,f,y,n,y,n,ecto,neno,,
1995,rsgrass,1,3,2,0,neal,33545,f,y,y,y,n,ecto,cuau,,
1995,rsgrass,1,3,2,0,neal,33545,f,y,y,y,n,feces,nega,,
1995,rsgrass,1,3,2,0,onle,33546,m,y,n,y,y,si,acan,,1
1995,rsgrass,1,3,2,0,onle,33546,m,y,n,y,y,feces,nega,,
1995,rsgrass,1,3,2,0,onle,33546,m,y,n,y,y,cc,nema,,
1995,rsgrass,1,3,2,0,pmle,33547,m,y,y,y,y,st,madi,f,69
1995,rsgrass,1,3,2,0,pmle,33547,m,y,y,y,y,st,madi,m,32
1995,rsgrass,1,3,2,0,pmle,33547,m,y,y,y,y,cc,madi,f,1
1995,rsgrass,1,3,2,0,pmle,33547,m,y,y,y,y,feces,nega,,
1995,rsgrass,1,3,2,0,pmle,33547,m,y,y,y,y,ecto,posi,,
1995,rsgrass,1,3,2,0,onle,33548,m,y,n,y,y,si,cest,,1
1995,rsgrass,1,3,2,0,onle,33548,m,y,n,y,y,feces,nega,,
1995,rsgrass,1,3,2,0,dior,33549,f,y,y,y,n,ecto,mite,,
1995,rsgrass,1,3,2,0,dior,33549,f,y,y,y,n,feces,nega,,
1995,rsgrass,1,3,2,0,dior,33550,f,y,n,y,n,feces,nega,,
1995,rsgrass,1,3,3,0,pgfl,33551,f,y,y,y,n,ecto,mite,,
1995,rsgrass,1,3,3,0,pgfl,33551,f,y,y,y,n,feces,nega,,
1995,rsgrass,1,3,3,0,pgfl,33552,f,y,y,y,n,ecto,mite,,
1995,rsgrass,1,3,3,0,pgfl,33552,f,y,y,y,n,feces,nega,,
1995,rsgrass,1,3,3,0,pmle,33553,f,y,n,y,y,st,madi,m,24
1995,rsgrass,1,3,3,0,pmle,33553,f,y,n,y,y,st,madi,f,27
1995,rsgrass,1,3,3,0,pmle,33553,f,y,n,y,y,st,madi,l,27
1995,rsgrass,1,3,3,0,pmle,33553,f,y,n,y,y,feces,nega,,
1995,rsgrass,1,3,3,0,dior,33554,m,y,y,y,n,ecto,mite,,
1995,rsgrass,1,3,3,0,dior,33554,m,y,y,y,n,feces,nega,,
1995,rsgrass,1,3,3,0,pgfl,33555,f,y,y,y,n,ecto,mite,,
1995,rsgrass,1,3,3,0,pgfl,33555,f,y,y,y,n,feces,nega,,
1995,rsgrass,1,3,3,0,neal,33556,m,y,n,y,n,feces,nega,,
1995,rsgrass,3,1,2,11,dior,33940,m,y,y,y,y,st,madi,m,1
1995,rsgrass,3,1,2,11,dior,33940,m,y,y,y,y,st,madi,f,1
1995,rsgrass,3,1,2,11,dior,33940,m,y,y,y,y,ecto,mite,,
1995,rsgrass,3,1,2,11,dior,33940,m,y,y,y,y,feces,nega,,
1995,rsgrass,3,1,2,12,dior,33941,m,y,y,y,y,si,hede,m,2
1995,rsgrass,3,1,2,12,dior,33941,m,y,y,y,y,cc,hede,f,10
1995,rsgrass,3,1,2,12,dior,33941,m,y,y,y,y,st,madi,f,1
1995,rsgrass,3,1,2,12,dior,33941,m,y,y,y,y,feces,nega,,
1995,rsgrass,3,1,2,12,dior,33941,m,y,y,y,y,ecto,tick,,26
1995,rsgrass,3,1,2,20,pgfl,33942,m,y,y,y,n,ecto,mite,,
1995,rsgrass,3,1,2,20,pgfl,33942,m,y,y,y,n,feces,nega,,
1995,rsgrass,3,1,2,20,pgfl,33942,m,y,y,y,n,ecto,tick,,1
1995,rsgrass,3,1,2,21,dior,33943,m,y,y,y,y,cc,hede,f,1
1995,rsgrass,3,1,2,21,dior,33943,m,y,y,y,y,feces,nega,,
1995,rsgrass,3,1,2,34,dior,33944,m,y,n,y,y,st,madi,m,1
1995,rsgrass,3,1,2,34,dior,33944,m,y,n,y,y,st,madi,f,3
1995,rsgrass,3,1,2,34,dior,33944,m,y,n,y,y,feces,nega,,
1995,rsgrass,3,1,2,57,dior,33945,f,y,y,y,y,st,madi,m,2
1995,rsgrass,3,1,2,57,dior,33945,f,y,y,y,y,st,madi,f,1
1995,rsgrass,3,1,2,57,dior,33945,f,y,y,y,y,ecto,mepa,,1
1995,rsgrass,3,1,2,57,dior,33945,f,y,y,y,y,feces,nega,,
1995,rsgrass,3,1,2,71,dior,33946,f,y,n,y,y,feces,edip,,
1995,rsgrass,3,1,2,71,dior,33946,f,y,n,y,y,feces,eree,,
1995,rsgrass,3,1,2,71,dior,33946,f,y,n,y,y,si,hysp,,1
1995,rsgrass,3,1,2,71,dior,33946,f,y,n,y,y,cc,trsp,f,1
1995,rsgrass,3,1,2,84,dime,33947,f,y,n,y,y,feces,echo,,
1995,rsgrass,3,1,2,84,dime,33947,f,y,n,y,y,cc,hede,f,1
1995,rsgrass,3,1,2,84,dime,33947,f,y,n,y,y,st,madi,m,1
1995,rsgrass,3,1,2,84,dime,33947,f,y,n,y,y,st,madi,f,2
1995,rsgrass,3,1,2,93,dior,33948,m,y,y,y,n,feces,nega,,
1995,rsgrass,3,1,2,93,dior,33948,m,y,y,y,n,ecto,tick,,1
1995,rsgrass,3,1,2,95,dime,33949,m,y,n,y,y,st,madi,f,1
1995,rsgrass,3,1,2,95,dime,33949,m,y,n,y,y,feces,nega,,
1995,rsgrass,3,1,2,11,dior,33950,f,y,n,y,y,cc,hede,m,7
1995,rsgrass,3,1,2,11,dior,33950,f,y,n,y,y,cc,hede,f,1
1995,rsgrass,3,1,2,11,dior,33950,f,y,n,y,y,feces,nega,,
1995,rsgrass,3,1,2,11,pgfl,33951,f,y,n,y,y,st,madi,f,1
1995,rsgrass,3,1,2,11,pgfl,33951,f,y,n,y,y,feces,nega,,
1995,rsgrass,3,1,2,12,dime,33952,f,y,n,y,n,feces,echo,,
1995,rsgrass,3,1,2,12,pgfl,33953,f,y,y,y,n,ecto,mite,,
1995,rsgrass,3,1,2,12,pgfl,33953,f,y,y,y,n,feces,nega,,
1995,rsgrass,3,1,2,12,dior,33954,f,y,y,y,y,st,hede,f,3
1995,rsgrass,3,1,2,12,dior,33954,f,y,y,y,y,cc,hede,f,11
1995,rsgrass,3,1,2,12,dior,33954,f,y,y,y,y,st,madi,m,1
1995,rsgrass,3,1,2,12,dior,33954,f,y,y,y,y,ecto,mite,,
1995,rsgrass,3,1,2,14,dior,33955,m,y,n,y,y,feces,edip,,
1995,rsgrass,3,1,2,14,dior,33955,m,y,n,y,y,st,madi,l,2
1995,rsgrass,3,1,3,5,dior,33956,m,y,n,y,y,feces,edip,,
1995,rsgrass,3,1,3,5,dior,33956,m,y,n,y,y,cc,hede,f,76
1995,rsgrass,3,1,3,5,dior,33956,m,y,n,y,y,cc,hede,m,6
1995,rsgrass,3,1,3,5,dior,33956,m,y,n,y,y,st,madi,m,9
1995,rsgrass,3,1,3,5,dior,33956,m,y,n,y,y,st,madi,f,19
1995,rsgrass,3,1,3,5,dior,33956,m,y,n,y,y,si,oosp,,2
1995,rsgrass,3,1,3,5,dior,33956,m,y,n,y,y,cc,trsp,f,1
1995,rsgrass,3,1,3,16,dior,33957,m,y,n,y,y,feces,edip,,
1995,rsgrass,3,1,3,16,dior,33957,m,y,n,y,y,st,pras,f,1
1995,rsgrass,3,1,3,33,dior,33958,f,y,n,y,y,cc,hede,m,1
1995,rsgrass,3,1,3,33,dior,33958,f,y,n,y,y,cc,hede,f,14
1995,rsgrass,3,1,3,33,dior,33958,f,y,n,y,y,feces,nega,,
1995,rsgrass,3,1,3,35,dime,33959,m,y,n,y,n,feces,nega,,
1995,rsgrass,3,1,3,59,dior,33960,m,y,y,y,y,cc,hede,f,4
1995,rsgrass,3,1,3,59,dior,33960,m,y,y,y,y,ecto,mite,,
1995,rsgrass,3,1,3,59,dior,33960,m,y,y,y,y,feces,unsp,,
1995,rsgrass,3,1,3,65,pgfl,33961,m,y,n,y,n,feces,nega,,
1995,rsgrass,3,1,3,71,dior,33962,f,y,y,y,n,feces,nega,,
1995,rsgrass,3,1,3,71,dior,33962,f,y,y,y,n,ecto,tick,,4
1995,rsgrass,3,1,3,91,pgfl,33963,m,y,n,y,n,feces,nega,,
1995,rsgrass,3,1,3,93,dior,33964,m,y,y,y,n,ecto,ecga,,1
1995,rsgrass,3,1,3,93,dior,33964,m,y,y,y,n,feces,nega,,
1995,rsgrass,3,1,3,10,dior,33965,f,y,y,y,n,feces,edip,,
1995,rsgrass,3,1,3,10,dior,33965,f,y,y,y,n,ecto,mite,,
1995,rsgrass,3,1,3,10,dior,33965,f,y,y,y,n,ecto,tick,,1
1995,rsgrass,3,1,3,13,dime,33966,f,y,n,y,y,feces,echo,,
1995,rsgrass,3,1,3,13,dime,33966,f,y,n,y,y,st,madi,f,1
1995,rsgrass,3,1,3,13,dime,33966,f,y,n,y,y,si,ptdi,f,1
1995,rsgrass,3,1,3,13,pgfl,33967,m,y,n,y,n,feces,nega,,
1995,rsgrass,3,1,3,..,dime,33968,f,y,n,y,y,feces,nega,,
1995,rsgrass,3,1,3,..,dime,33968,f,y,n,y,y,cc,trsp,f,1
1995,rsgrass,3,1,3,14,dior,33969,f,y,n,y,n,feces,nega,,
1995,rsgrass,3,1,2,18,neal,33970,m,y,n,y,y,si,hepo,f,2
1995,rsgrass,3,1,2,18,neal,33970,m,y,n,y,y,feces,nega,,
1995,rsgrass,3,1,2,14,neal,33971,m,y,y,y,n,ecto,cuau,,1
1995,rsgrass,3,1,2,14,neal,33971,m,y,y,y,n,feces,ealb,,
1995,rsgrass,3,1,2,80,neal,33972,f,y,n,y,n,feces,nega,,
1995,rsgrass,3,1,2,12,neal,33973,m,y,n,y,n,feces,nega,,
1995,rsgrass,3,1,2,12,pmle,33974,m,y,n,y,n,feces,nega,,
1995,rsgrass,3,1,2,13,onle,33975,f,y,n,y,n,feces,nega,,
1995,rsgrass,3,1,2,4,onle,33976,f,y,n,y,y,si,hyns,,
1995,rsgrass,3,1,2,4,onle,33976,f,y,n,y,y,feces,nega,,
1995,rsgrass,3,1,2,4,onle,33976,f,y,n,y,y,bc,nema,,3
1995,rsgrass,3,1,3,12,remg,33977,m,y,n,y,y,st,madi,m,4
1995,rsgrass,3,1,3,12,remg,33977,m,y,n,y,y,st,madi,f,10
1995,rsgrass,3,1,3,12,remg,33977,m,y,n,y,y,feces,nega,,
1995,rsgrass,3,1,3,17,pmle,33978,f,y,n,y,n,feces,nega,,
1995,rsgrass,3,1,3,30,neal,33979,m,y,n,y,n,feces,nega,,
1995,rsgrass,3,1,3,41,onle,33980,f,y,y,y,y,ecto,mear,,1
1995,rsgrass,3,1,3,41,onle,33980,f,y,y,y,y,feces,nega,,
1995,rsgrass,3,1,3,41,onle,33980,f,y,y,y,y,bc,nema,,8
1995,rsgrass,3,1,3,44,remg,33981,m,y,n,y,n,feces,nega,,
1995,rsgrass,3,1,3,45,neal,33982,m,y,y,y,y,si,hepo,f,1
1995,rsgrass,3,1,3,45,neal,33982,m,y,y,y,y,ecto,mear,,1
1995,rsgrass,3,1,3,45,neal,33982,m,y,y,y,y,feces,nega,,
1995,rsgrass,3,1,3,72,neal,33983,f,y,n,y,n,feces,nega,,
1995,rsgrass,3,1,3,10,onle,33984,m,y,y,y,y,si,hyns,,2
1995,rsgrass,3,1,3,10,onle,33984,m,y,y,y,y,feces,nega,,
1995,rsgrass,3,1,3,10,onle,33984,m,y,y,y,y,st,nema,,100
1995,rsgrass,3,1,3,10,onle,33984,m,y,y,y,y,ecto,ormo,,4
1995,rsgrass,3,1,2,35,dior,33985,m,y,n,y,y,cc,hede,f,2
1995,rsgrass,3,1,2,35,dior,33985,m,y,n,y,y,feces,nega,,
1995,rsgrass,3,2,2,19,pgfl,33986,m,y,n,y,n,feces,nega,,
1995,rsgrass,3,2,2,24,dior,33987,f,y,y,y,y,ecto,fapi,,1
1995,rsgrass,3,2,2,24,dior,33987,f,y,y,y,y,cc,hede,f,28
1995,rsgrass,3,2,2,24,dior,33987,f,y,y,y,y,ecto,mear,,23
1995,rsgrass,3,2,2,24,dior,33987,f,y,y,y,y,ecto,mepa,,1
1995,rsgrass,3,2,2,24,dior,33987,f,y,y,y,y,feces,nega,,
1995,rsgrass,3,2,2,24,dior,33987,f,y,y,y,y,si,oosp,,3
1995,rsgrass,3,2,2,84,remg,33988,f,y,n,y,n,feces,nega,,
1995,rsgrass,3,2,2,13,dior,33989,m,y,y,y,y,cc,hede,f,23
1995,rsgrass,3,2,2,13,dior,33989,m,y,y,y,y,feces,nega,,
1995,rsgrass,3,2,2,13,dior,33989,m,y,y,y,y,si,oosp,,2
1995,rsgrass,3,2,2,13,dior,33989,m,y,y,y,y,ecto,tick,,1
1995,rsgrass,3,2,3,11,pgfl,33990,m,y,n,y,n,feces,nega,,
1995,rsgrass,3,2,3,17,dior,33991,f,y,y,y,y,cc,hede,f,4
1995,rsgrass,3,2,3,17,dior,33991,f,y,y,y,y,cc,madi,f,3
1995,rsgrass,3,2,3,17,dior,33991,f,y,y,y,y,cc,madi,m,3
1995,rsgrass,3,2,3,17,dior,33991,f,y,y,y,y,ecto,mite,,2
1995,rsgrass,3,2,3,17,dior,33991,f,y,y,y,y,feces,nega,,
1995,rsgrass,3,2,3,47,dior,33992,m,y,y,y,y,feces,edip,,
1995,rsgrass,3,2,3,47,dior,33992,m,y,y,y,y,feces,eree,,
1995,rsgrass,3,2,3,47,dior,33992,m,y,y,y,y,ecto,mite,,
1995,rsgrass,3,2,3,47,dior,33992,m,y,y,y,y,ecto,tick,,4
1995,rsgrass,3,2,3,47,dior,33992,m,y,y,y,y,ecto,unfl,,
1995,rsgrass,3,2,3,59,dime,33993,m,y,n,y,n,feces,nega,,
1995,rsgrass,3,2,3,70,pgfl,33994,f,y,n,y,y,st,madi,f,8
1995,rsgrass,3,2,3,70,pgfl,33994,f,y,n,y,y,feces,nega,,
1995,rsgrass,3,2,3,96,dior,33995,f,y,n,y,y,cc,hede,m,1
1995,rsgrass,3,2,3,96,dior,33995,f,y,n,y,y,cc,hede,f,4
1995,rsgrass,3,2,3,96,dior,33995,f,y,n,y,y,cc,hede,l,1
1995,rsgrass,3,2,3,96,dior,33995,f,y,n,y,y,feces,nega,,
1995,rsgrass,3,2,3,10,pgfl,33996,m,y,y,y,n,feces,nega,,
1995,rsgrass,3,2,3,10,pgfl,33996,m,y,y,y,n,ecto,tick,,1
1995,rsgrass,3,2,2,20,remg,33997,m,y,n,y,y,st,madi,m,2
1995,rsgrass,3,2,2,20,remg,33997,m,y,n,y,y,st,madi,f,2
1995,rsgrass,3,2,2,20,remg,33997,m,y,n,y,y,feces,nega,,
1995,rsgrass,3,2,2,34,remg,33998,m,y,n,y,y,st,madi,m,3
1995,rsgrass,3,2,2,34,remg,33998,m,y,n,y,y,st,madi,f,6
1995,rsgrass,3,2,2,34,remg,33998,m,y,n,y,y,feces,nega,,
1995,rsgrass,3,2,2,58,neal,33999,m,y,n,n,n,feces,nega,,
1995,rsgrass,3,2,2,90,neal,34000,f,y,n,y,n,feces,nega,,
1995,rsgrass,1,1,1,80,spsp,34415,f,y,n,y,y,cc,citr,f,70
1995,rsgrass,1,1,1,80,spsp,34415,f,y,n,y,y,cc,citr,m,120
1995,rsgrass,1,1,1,80,spsp,34415,f,y,n,y,y,feces,nega,,
1995,rsgrass,1,1,1,80,spsp,34415,f,y,n,y,y,si,ptdi,f,1
1995,rsgrass,1,1,2,1,pgfl,34416,f,y,n,y,n,feces,nega,,
1995,rsgrass,1,1,2,15,onle,34417,f,y,y,y,y,ecto,lice,,4
1995,rsgrass,1,1,2,15,onle,34417,f,y,y,y,y,feces,nega,,
1995,rsgrass,1,1,2,15,onle,34417,f,y,y,y,y,bc,nema,,1
1995,rsgrass,1,1,2,19,neal,34418,m,y,y,y,n,feces,nega,,
1995,rsgrass,1,1,2,19,neal,34418,m,y,y,y,n,ecto,neno,,
1995,rsgrass,1,1,2,20,dior,34419,m,y,y,y,n,ecto,mite,,
1995,rsgrass,1,1,2,20,dior,34419,m,y,y,y,n,feces,nega,,
1995,rsgrass,1,1,2,22,pmtr,34420,f,y,y,y,n,ecto,hohe,,1
1995,rsgrass,1,1,2,22,pmtr,34420,f,y,y,y,n,feces,nega,,
1995,rsgrass,1,1,2,23,onle,34421,f,y,y,y,y,si,hyns,,4
1995,rsgrass,1,1,2,23,onle,34421,f,y,y,y,y,ecto,lice,,
1995,rsgrass,1,1,2,23,onle,34421,f,y,y,y,y,feces,nega,,
1995,rsgrass,1,1,2,23,onle,34421,f,y,y,y,y,st,prsp,,7
1995,rsgrass,1,1,2,24,dior,34422,f,y,y,y,y,si,hede,m,8
1995,rsgrass,1,1,2,24,dior,34422,f,y,y,y,y,cc,hede,m,10
1995,rsgrass,1,1,2,24,dior,34422,f,y,y,y,y,si,hede,f,7
1995,rsgrass,1,1,2,24,dior,34422,f,y,y,y,y,cc,hede,f,90
1995,rsgrass,1,1,2,24,dior,34422,f,y,y,y,y,ecto,mite,,
1995,rsgrass,1,1,2,24,dior,34422,f,y,y,y,y,feces,nega,,
1995,rsgrass,1,1,2,33,dior,34423,f,y,n,y,n,feces,nega,,
1995,rsgrass,1,1,2,34,onle,34424,m,y,y,y,y,si,hyns,,2
1995,rsgrass,1,1,2,34,onle,34424,m,y,y,y,y,feces,nega,,
1995,rsgrass,1,1,2,34,onle,34424,m,y,y,y,y,cc,nema,,1
1995,rsgrass,1,1,2,34,onle,34424,m,y,y,y,y,bc,nema,,
1995,rsgrass,1,1,2,34,onle,34424,m,y,y,y,y,ecto,poau,,1
1995,rsgrass,1,1,2,34,onle,34424,m,y,y,y,y,st,prsp,,5
1995,rsgrass,1,1,2,36,dime,34425,m,y,y,y,y,cc,hede,l,1
1995,rsgrass,1,1,2,36,dime,34425,m,y,y,y,y,cc,hede,f,1
1995,rsgrass,1,1,2,36,dime,34425,m,y,y,y,y,ecto,mite,,
1995,rsgrass,1,1,2,36,dime,34425,m,y,y,y,y,feces,nega,,
1995,rsgrass,1,1,2,36,dime,34425,m,y,y,y,y,si,oosp,,1
1995,rsgrass,1,1,2,42,spsp,34426,m,y,y,y,y,feces,ecal,,
1995,rsgrass,1,1,2,42,spsp,34426,m,y,y,y,y,ecto,ecga,,2
1995,rsgrass,1,1,2,42,spsp,34426,m,y,y,y,y,ecto,ensu,,
1995,rsgrass,1,1,2,42,spsp,34426,m,y,y,y,y,st,phma,m,1
1995,rsgrass,1,1,2,45,dior,34427,f,y,y,y,y,cc,hede,f,3
1995,rsgrass,1,1,2,45,dior,34427,f,y,y,y,y,ecto,mite,,
1995,rsgrass,1,1,2,45,dior,34427,f,y,y,y,y,feces,nega,,
1995,rsgrass,1,1,2,46,pmtr,34428,f,y,n,y,n,feces,nega,,
1995,rsgrass,1,1,2,50,pgfl,34429,m,y,y,y,n,ecto,mite,,
1995,rsgrass,1,1,2,50,pgfl,34429,m,y,y,y,n,feces,nega,,
1995,rsgrass,1,1,2,52,dior,34430,f,y,n,y,y,cc,hede,f,9
1995,rsgrass,1,1,2,52,dior,34430,f,y,n,y,y,feces,nega,,
1995,rsgrass,1,1,2,80,onle,34431,m,y,n,y,y,si,hyns,,1
1995,rsgrass,1,1,2,80,onle,34431,m,y,n,y,y,feces,nega,,
1995,rsgrass,1,1,2,10,dior,34432,f,y,n,y,y,feces,esch,,
1995,rsgrass,1,1,2,10,dior,34432,f,y,n,y,y,cc,hede,f,14
1995,rsgrass,1,1,2,10,dior,34432,f,y,n,y,y,cc,trsp,f,1
1995,rsgrass,1,1,2,10,pmtr,34433,f,y,y,y,y,ecto,lice,,
1995,rsgrass,1,1,2,10,pmtr,34433,f,y,y,y,y,st,madi,l,1
1995,rsgrass,1,1,2,10,pmtr,34433,f,y,y,y,y,feces,nega,,
1995,rsgrass,1,1,2,10,pmtr,34434,f,y,n,y,n,feces,nega,,
1995,rsgrass,1,1,2,11,dior,34435,f,y,y,y,n,ecto,mite,,
1995,rsgrass,1,1,2,11,dior,34435,f,y,y,y,n,feces,nega,,
1995,rsgrass,1,1,2,11,onle,34436,f,y,n,y,y,si,hyns,,2
1995,rsgrass,1,1,2,11,onle,34436,f,y,n,y,y,si,mocl,,2
1995,rsgrass,1,1,2,11,onle,34436,f,y,n,y,y,feces,nega,,
1995,rsgrass,1,1,2,11,pmtr,34437,f,y,n,y,y,dish,madi,l,2
1995,rsgrass,1,1,2,11,pmtr,34437,f,y,n,y,y,dish,madi,f,1
1995,rsgrass,1,1,2,11,pmtr,34437,f,y,n,y,y,feces,nega,,
1995,rsgrass,1,1,2,12,pmtr,34438,m,y,n,y,n,feces,nega,,
1995,rsgrass,1,1,2,12,neal,34439,f,y,y,y,n,feces,nega,,
1995,rsgrass,1,1,2,12,neal,34439,f,y,y,y,n,ecto,neno,,
1995,rsgrass,1,1,2,84,dior,34440,m,y,y,y,y,cc,hede,m,1
1995,rsgrass,1,1,2,84,dior,34440,m,y,y,y,y,cc,hede,f,4
1995,rsgrass,1,1,2,84,dior,34440,m,y,y,y,y,ecto,mite,,
1995,rsgrass,1,1,2,84,dior,34440,m,y,y,y,y,feces,nega,,
1995,rsgrass,1,1,2,82,pmtr,34441,f,y,n,y,n,feces,eari,,
1995,rsgrass,1,1,2,94,dior,34442,m,y,y,y,n,ecto,mite,,1
1995,rsgrass,1,1,2,94,dior,34442,m,y,y,y,n,feces,nega,,
1995,rsgrass,1,1,2,95,dime,34443,m,y,y,y,y,ecto,mite,,
1995,rsgrass,1,1,2,95,dime,34443,m,y,y,y,y,feces,nega,,
1995,rsgrass,1,1,2,95,dime,34443,m,y,y,y,y,si,ptdi,f,3
1995,rsgrass,1,1,2,71,dime,34444,m,y,n,y,y,feces,echo,,
1995,rsgrass,1,1,2,71,dime,34444,m,y,n,y,y,st,ptdi,f,2
1995,rsgrass,1,1,2,72,neal,34445,f,y,n,y,n,feces,nega,,
1995,rsgrass,1,1,2,10,dior,34446,m,y,y,y,y,ecto,mite,,
1995,rsgrass,1,1,2,10,dior,34446,m,y,y,y,y,feces,nega,,
1995,rsgrass,1,1,2,10,dior,34446,m,y,y,y,y,cc,trsp,m,1
1995,rsgrass,1,1,2,10,dior,34446,m,y,y,y,y,cc,trsp,f,1
1995,rsgrass,1,1,2,10,pgfl,34447,f,y,n,y,y,si,madi,f,3
1995,rsgrass,1,1,2,10,pgfl,34447,f,y,n,y,y,feces,nega,,
1995,rsgrass,1,1,2,12,dior,34448,m,y,y,y,n,ecto,mite,,
1995,rsgrass,1,1,2,12,dior,34448,m,y,y,y,n,feces,nega,,
1995,rsgrass,1,1,2,13,pgfl,34449,m,y,n,y,y,st,madi,m,8
1995,rsgrass,1,1,2,13,pgfl,34449,m,y,n,y,y,st,madi,f,23
1995,rsgrass,1,1,2,13,pgfl,34449,m,y,n,y,y,feces,nega,,
1995,rsgrass,1,1,2,13,pgfl,34449,m,y,n,y,y,si,unne,,1
1995,rsgrass,1,1,3,8,pgfl,34450,m,y,n,y,n,feces,nega,,
1995,rsgrass,1,1,3,12,dior,34451,m,y,y,y,n,ecto,fapi,,
1995,rsgrass,1,1,3,12,dior,34451,m,y,y,y,n,ecto,mite,,
1995,rsgrass,1,1,3,12,dior,34451,m,y,y,y,n,feces,nega,,
1995,rsgrass,1,1,3,17,pmle,34452,m,y,n,y,n,feces,nega,,
1995,rsgrass,1,1,3,22,dime,34453,m,y,y,y,y,st,madi,f,2
1995,rsgrass,1,1,3,22,dime,34453,m,y,y,y,y,ecto,mite,,
1995,rsgrass,1,1,3,22,dime,34453,m,y,y,y,y,feces,nega,,
1995,rsgrass,1,1,3,22,dime,34453,m,y,y,y,y,bc,nema,,2
1995,rsgrass,1,1,3,24,dior,34454,m,y,n,y,n,feces,nega,,
1995,rsgrass,1,1,3,31,dior,34455,m,y,y,y,y,ecto,mite,,
1995,rsgrass,1,1,3,31,dior,34455,m,y,y,y,y,feces,nega,,
1995,rsgrass,1,1,3,31,dior,34455,m,y,y,y,y,si,unce,,3
1995,rsgrass,1,1,3,34,onle,34456,f,y,n,y,n,feces,nega,,
1995,rsgrass,1,1,3,36,dior,34457,f,y,n,y,n,feces,nega,,
1995,rsgrass,1,1,3,47,pgfl,34458,m,y,y,y,n,ecto,mite,,
1995,rsgrass,1,1,3,47,pgfl,34458,m,y,y,y,n,feces,nega,,
1995,rsgrass,1,1,3,53,pgfl,34459,f,y,y,y,n,ecto,mite,,
1995,rsgrass,1,1,3,53,pgfl,34459,f,y,y,y,n,feces,nega,,
1995,rsgrass,1,1,3,54,dior,34460,m,y,y,y,y,cc,hede,m,2
1995,rsgrass,1,1,3,54,dior,34460,m,y,y,y,y,cc,hede,f,11
1995,rsgrass,1,1,3,54,dior,34460,m,y,y,y,y,ecto,lice,,
1995,rsgrass,1,1,3,54,dior,34460,m,y,y,y,y,ecto,mite,,
1995,rsgrass,1,1,3,54,dior,34460,m,y,y,y,y,feces,nega,,
1995,rsgrass,1,1,3,59,dime,34461,m,y,y,y,n,ecto,mite,,
1995,rsgrass,1,1,3,59,dime,34461,m,y,y,y,n,feces,nega,,
1995,rsgrass,1,1,3,63,pgfl,34462,m,y,y,y,n,ecto,mite,,
1995,rsgrass,1,1,3,63,pgfl,34462,m,y,y,y,n,feces,nega,,
1995,rsgrass,1,1,3,66,dime,34463,m,y,y,y,y,feces,edip,,
1995,rsgrass,1,1,3,66,dime,34463,m,y,y,y,y,ecto,fapi,,
1995,rsgrass,1,1,3,66,dime,34463,m,y,y,y,y,cc,hede,m,2
1995,rsgrass,1,1,3,66,dime,34463,m,y,y,y,y,cc,hede,f,2
1995,rsgrass,1,1,3,66,dime,34463,m,y,y,y,y,ecto,mite,,
1995,rsgrass,1,1,3,69,pmle,34464,f,y,y,y,y,st,madi,m,36
1995,rsgrass,1,1,3,69,pmle,34464,f,y,y,y,y,st,madi,f,77
1995,rsgrass,1,1,3,69,pmle,34464,f,y,y,y,y,feces,nega,,
1995,rsgrass,1,1,3,69,pmle,34464,f,y,y,y,y,ecto,posi,,
1995,rsgrass,1,1,3,73,dior,34465,f,y,y,y,y,ecto,fapi,,1
1995,rsgrass,1,1,3,73,dior,34465,f,y,y,y,y,cc,hede,f,21
1995,rsgrass,1,1,3,73,dior,34465,f,y,y,y,y,ecto,mite,,
1995,rsgrass,1,1,3,73,dior,34465,f,y,y,y,y,feces,nega,,
1995,rsgrass,1,1,3,74,dime,34466,f,y,y,y,y,ecto,fapi,,
1995,rsgrass,1,1,3,74,dime,34466,f,y,y,y,y,cc,hede,l,1
1995,rsgrass,1,1,3,74,dime,34466,f,y,y,y,y,cc,hede,f,9
1995,rsgrass,1,1,3,74,dime,34466,f,y,y,y,y,ecto,mite,,1
1995,rsgrass,1,1,3,74,dime,34466,f,y,y,y,y,feces,nega,,
1995,rsgrass,1,1,3,74,dime,34466,f,y,y,y,y,si,ptdi,f,5
1995,rsgrass,1,1,3,77,pgfl,34467,m,y,n,y,n,feces,nega,,
1995,rsgrass,1,1,3,84,dior,34468,m,y,y,y,y,feces,esch,,
1995,rsgrass,1,1,3,84,dior,34468,m,y,y,y,y,cc,hede,f,11
1995,rsgrass,1,1,3,84,dior,34468,m,y,y,y,y,ecto,mite,,
1995,rsgrass,1,1,3,89,dior,34469,f,y,y,y,n,ecto,mite,,2
1995,rsgrass,1,1,3,89,dior,34469,f,y,y,y,n,feces,nega,,
1995,rsgrass,1,1,3,92,pgfl,34470,f,y,y,y,n,ecto,fapi,,
1995,rsgrass,1,1,3,92,pgfl,34470,f,y,y,y,n,ecto,mite,,
1995,rsgrass,1,1,3,92,pgfl,34470,f,y,y,y,n,feces,nega,,
1995,rsgrass,1,1,3,93,dime,34471,m,y,y,y,y,ecto,mite,,
1995,rsgrass,1,1,3,93,dime,34471,m,y,y,y,y,feces,nega,,
1995,rsgrass,1,1,3,93,dime,34471,m,y,y,y,y,si,oosp,,1
1995,rsgrass,1,1,3,93,dime,34471,m,y,y,y,y,si,ptdi,f,1
1995,rsgrass,1,1,3,94,pgfl,34472,f,y,y,y,n,ecto,mite,,
1995,rsgrass,1,1,3,94,pgfl,34472,f,y,y,y,n,feces,nega,,
1995,rsgrass,1,1,3,10,dior,34473,m,y,y,y,n,feces,ebal,,
1995,rsgrass,1,1,3,10,dior,34473,m,y,y,y,n,ecto,lice,,1
1995,rsgrass,1,1,3,10,dior,34474,m,y,y,y,y,ecto,mite,,
1995,rsgrass,1,1,3,10,dior,34474,m,y,y,y,y,feces,nega,,
1995,rsgrass,1,1,3,10,dior,34474,m,y,y,y,y,si,oosp,,5
1995,rsgrass,1,1,3,10,onle,34475,m,y,n,y,y,si,hyns,,3
1995,rsgrass,1,1,3,10,onle,34475,m,y,n,y,y,feces,nega,,
1995,rsgrass,1,1,3,11,pgfl,34476,f,y,y,y,n,ecto,mite,,
1995,rsgrass,1,1,3,11,pgfl,34476,f,y,y,y,n,feces,nega,,
1995,rsgrass,1,1,3,11,neal,34477,f,y,y,y,n,ecto,ecga,,
1995,rsgrass,1,1,3,11,neal,34477,f,y,y,y,n,feces,nega,,
1995,rsgrass,1,1,3,12,dior,34478,m,y,y,y,y,feces,edip,,
1995,rsgrass,1,1,3,12,dior,34478,m,y,y,y,y,cc,hede,f,58
1995,rsgrass,1,1,3,12,dior,34478,m,y,y,y,y,cc,hede,m,28
1995,rsgrass,1,1,3,12,dior,34478,m,y,y,y,y,ecto,mite,,
1995,rsgrass,1,1,3,..,dior,34479,f,y,n,y,n,feces,nega,,
1995,rsgrass,1,1,3,13,pgfl,34480,f,y,n,y,n,feces,nega,,
1995,rsgrass,1,1,3,14,dime,34481,f,y,n,y,n,feces,nega,,
1995,rsgrass,1,1,3,14,dime,34482,f,y,n,y,y,feces,emer,,
1995,rsgrass,1,1,3,14,dime,34482,f,y,n,y,y,st,phma,m,2
1995,rsgrass,1,1,3,14,dime,34482,f,y,n,y,y,st,phma,f,2
1995,rsgrass,1,1,3,14,spsp,34483,f,y,n,y,y,cc,citr,m,13
1995,rsgrass,1,1,3,14,spsp,34483,f,y,n,y,y,cc,citr,f,14
1995,rsgrass,1,1,3,14,spsp,34483,f,y,n,y,y,feces,nega,,
1995,rsgrass,1,2,5,88,onle,34497,m,y,n,y,y,feces,nega,,
1995,rsgrass,1,2,5,88,onle,34497,m,y,n,y,y,si,nema,,
1995,rsgrass,1,2,5,88,onle,34497,m,y,n,y,y,st,prsp,,
1995,rsgrass,1,2,2,58,neal,34498,m,y,y,y,y,feces,ealb,,
1995,rsgrass,1,2,2,58,neal,34498,m,y,y,y,y,ecto,lice,,1
1995,rsgrass,1,2,2,58,neal,34498,m,y,y,y,y,si,rasp,,1
1995,rsgrass,1,2,2,66,pgfl,34499,m,y,y,y,y,ecto,fapi,,
1995,rsgrass,1,2,2,66,pgfl,34499,m,y,y,y,y,st,madi,f,1
1995,rsgrass,1,2,2,66,pgfl,34499,m,y,y,y,y,ecto,mite,,
1995,rsgrass,1,2,2,66,pgfl,34499,m,y,y,y,y,feces,nega,,
1995,rsgrass,1,2,2,71,dime,34500,m,y,n,y,n,feces,nega,,
1995,rsgrass,3,2,2,11,neal,40001,m,y,y,y,y,ecto,cuau,,1
1995,rsgrass,3,2,2,11,neal,40001,m,y,y,y,y,si,hepo,f,1
1995,rsgrass,3,2,2,11,neal,40001,m,y,y,y,y,si,hepo,m,1
1995,rsgrass,3,2,2,11,neal,40001,m,y,y,y,y,ecto,mear,,1
1995,rsgrass,3,2,2,11,neal,40001,m,y,y,y,y,feces,nega,,
1995,rsgrass,3,2,3,12,remg,40002,f,y,n,y,y,st,madi,f,8
1995,rsgrass,3,2,3,12,remg,40002,f,y,n,y,y,st,madi,m,1
1995,rsgrass,3,2,3,12,remg,40002,f,y,n,y,y,feces,nega,,
1995,rsgrass,3,2,3,16,onle,40003,m,y,y,y,y,ecto,ecga,,7
1995,rsgrass,3,2,3,16,onle,40003,m,y,y,y,y,feces,nega,,
1995,rsgrass,3,2,3,16,onle,40003,m,y,y,y,y,si,unne,,1
1995,rsgrass,3,2,3,57,neal,40004,m,y,y,y,n,ecto,anno,,4
1995,rsgrass,3,2,3,57,neal,40004,m,y,y,y,n,feces,ealb,,
1995,rsgrass,3,2,3,76,neal,40005,m,y,y,y,n,ecto,ecga,,4
1995,rsgrass,3,2,3,76,neal,40005,m,y,y,y,n,feces,nega,,
1995,rsgrass,3,2,3,13,pmle,40006,f,y,n,y,n,feces,nega,,
1995,rsgrass,3,2,3,13,neal,40007,m,y,y,y,n,feces,nega,,
1995,rsgrass,3,2,3,13,neal,40007,m,y,y,y,n,ecto,thbc,,1
1995,rsgrass,3,3,2,11,dior,40008,f,y,y,y,y,ecto,flea,,1
1995,rsgrass,3,3,2,11,dior,40008,f,y,y,y,y,cc,hede,f,1
1995,rsgrass,3,3,2,11,dior,40008,f,y,y,y,y,ecto,mite,,2
1995,rsgrass,3,3,2,11,dior,40008,f,y,y,y,y,feces,nega,,
1995,rsgrass,3,3,2,11,dior,40008,f,y,y,y,y,ecto,tick,,2
1995,rsgrass,3,3,2,84,dior,40009,f,y,n,y,n,feces,nega,,
1995,rsgrass,3,3,2,93,dior,40010,m,y,y,y,y,feces,nega,,
1995,rsgrass,3,3,2,93,dior,40010,m,y,y,y,y,si,rasp,,1
1995,rsgrass,3,3,2,93,dior,40010,m,y,y,y,y,ecto,tick,,2
1995,rsgrass,3,3,2,93,dior,40010,m,y,y,y,y,cc,unne,,30
1995,rsgrass,3,3,2,11,pgfl,40011,m,y,y,y,y,st,madi,f,1
1995,rsgrass,3,3,2,11,pgfl,40011,m,y,y,y,y,ecto,mite,,
1995,rsgrass,3,3,2,11,pgfl,40011,m,y,y,y,y,feces,nega,,
1995,rsgrass,3,3,2,11,pgfl,40011,m,y,y,y,y,ecto,tick,,1
1995,rsgrass,3,3,2,12,pgfl,40012,m,y,n,y,y,st,madi,f,4
1995,rsgrass,3,3,2,12,pgfl,40012,m,y,n,y,y,feces,nega,,
1995,rsgrass,3,3,3,67,dime,40013,m,y,n,y,y,feces,echo,,
1995,rsgrass,3,3,3,67,dime,40013,m,y,n,y,y,st,madi,f,1
1995,rsgrass,3,3,3,67,dime,40013,m,y,n,y,y,cc,madi,m,1
1995,rsgrass,3,3,3,67,dime,40013,m,y,n,y,y,cc,madi,f,1
1995,rsgrass,3,3,3,67,dime,40013,m,y,n,y,y,si,oosp,,1
1995,rsgrass,3,3,3,73,spsp,40014,m,y,y,y,y,cc,citr,f,1
1995,rsgrass,3,3,3,73,spsp,40014,m,y,y,y,y,ecto,ecga,,
1995,rsgrass,3,3,3,73,spsp,40014,m,y,y,y,y,feces,nega,,
1995,rsgrass,3,3,3,73,spsp,40014,m,y,y,y,y,ecto,tick,,1
1995,rsgrass,3,3,3,92,dime,40015,f,y,y,y,n,feces,nega,,
1995,rsgrass,3,3,3,14,dime,40016,m,y,n,y,n,feces,nega,,
1995,rsgrass,3,3,4,10,neal,40017,f,y,n,y,n,feces,nega,,
1995,rsgrass,3,3,4,32,remg,40018,f,y,n,y,y,si,hysp,,1
1995,rsgrass,3,3,4,32,remg,40018,f,y,n,y,y,st,madi,m,3
1995,rsgrass,3,3,4,32,remg,40018,f,y,n,y,y,st,madi,f,3
1995,rsgrass,3,3,4,32,remg,40018,f,y,n,y,y,feces,nega,,
1995,rsgrass,3,3,4,32,remg,40018,f,y,n,y,y,st,phma,f,1
1995,rsgrass,3,3,4,33,neal,40019,f,y,n,y,n,feces,nega,,
1995,rsgrass,3,3,4,14,remg,40020,m,y,n,y,y,st,madi,f,6
1995,rsgrass,3,3,4,14,remg,40020,m,y,n,y,y,st,madi,m,2
1995,rsgrass,3,3,4,14,remg,40020,m,y,n,y,y,feces,nega,,
1995,rsgrass,3,3,3,68,neal,40021,f,y,n,y,n,feces,nega,,
1995,rsgrass,3,3,3,12,neal,40022,m,y,n,y,n,feces,nega,,
1996,rsgrass,1,1,2,9,dime,40160,f,y,y,y,y,feces,echo,,
1996,rsgrass,1,1,2,9,dime,40160,f,y,y,y,y,cc,hede,f,3
1996,rsgrass,1,1,2,9,dime,40160,f,y,y,y,y,ecto,lice,,23
1996,rsgrass,1,1,2,9,dime,40160,f,y,y,y,y,st,madi,f,2
1996,rsgrass,1,1,2,91,dime,40161,m,y,y,y,y,feces,echo,,
1996,rsgrass,1,1,2,91,dime,40161,m,y,y,y,y,cc,hede,f,10
1996,rsgrass,1,1,2,91,dime,40161,m,y,y,y,y,cc,hede,m,3
1996,rsgrass,1,1,2,91,dime,40161,m,y,y,y,y,bc,,,
1996,rsgrass,1,1,2,91,dime,40161,m,y,y,y,y,bc,nema,,7
1996,rsgrass,1,1,2,46,dior,40162,m,y,y,y,y,feces,echo,,
1996,rsgrass,1,1,2,46,dior,40162,m,y,y,y,y,feces,edip,,
1996,rsgrass,1,1,2,46,dior,40162,m,y,y,y,y,cc,hede,m,24
1996,rsgrass,1,1,2,46,dior,40162,m,y,y,y,y,cc,hede,f,173
1996,rsgrass,1,1,2,46,dior,40162,m,y,y,y,y,ecto,lice,,2
1996,rsgrass,1,1,2,46,dior,40162,m,y,y,y,y,st,madi,m,1
1996,rsgrass,1,1,2,46,dior,40162,m,y,y,y,y,st,madi,l,4
1996,rsgrass,1,1,2,46,dior,40162,m,y,y,y,y,ecto,mite,,1
1996,rsgrass,1,1,2,117,pgfl,40163,m,y,n,y,n,feces,nega,,
1996,rsgrass,1,1,2,120,dior,40164,m,y,y,y,y,feces,nega,,
1996,rsgrass,1,1,2,120,dior,40164,m,y,y,y,y,cc,trsp,f,3
1996,rsgrass,1,1,2,120,dior,40164,m,y,y,y,y,cc,trsp,m,6
1996,rsgrass,1,1,2,131,dior,40165,m,y,n,y,y,cc,hede,f,42
1996,rsgrass,1,1,2,131,dior,40165,m,y,n,y,y,feces,nega,,
1996,rsgrass,1,1,3,15,dime,40166,m,y,n,y,y,feces,echo,,
1996,rsgrass,1,1,3,15,dime,40166,m,y,n,y,y,cc,hede,f,14
1996,rsgrass,1,1,3,15,dime,40166,m,y,n,y,y,cc,hede,m,2
1996,rsgrass,1,1,3,15,dime,40166,m,y,n,y,y,si,ptdi,f,2
1996,rsgrass,1,1,3,15,dime,40166,m,y,n,y,y,si,unce,,1
1996,rsgrass,1,1,3,71,dior,40167,m,y,y,y,y,ecto,flea,,1
1996,rsgrass,1,1,3,71,dior,40167,m,y,y,y,y,cc,hede,f,113
1996,rsgrass,1,1,3,71,dior,40167,m,y,y,y,y,cc,hede,m,8
1996,rsgrass,1,1,3,71,dior,40167,m,y,y,y,y,feces,nega,,
1996,rsgrass,1,1,3,117,pgfl,40168,f,y,n,y,n,feces,nega,,
1996,rsgrass,1,1,3,118,dior,40169,m,y,y,y,y,feces,edip,,
1996,rsgrass,1,1,3,118,dior,40169,m,y,y,y,y,cc,hede,f,187
1996,rsgrass,1,1,3,118,dior,40169,m,y,y,y,y,cc,hede,m,24
1996,rsgrass,1,1,3,118,dior,40169,m,y,y,y,y,ecto,lice,,13
1996,rsgrass,1,1,3,118,dior,40169,m,y,y,y,y,ecto,mite,,3
1996,rsgrass,1,1,3,118,dior,40169,m,y,y,y,y,si,rasp,,7
1996,rsgrass,1,1,2,7,pmtr,40170,f,y,y,y,n,ecto,mite,,4
1996,rsgrass,1,1,2,7,pmtr,40170,f,y,y,y,n,feces,nega,,
1996,rsgrass,1,1,2,59,pmtr,40171,f,y,n,y,n,feces,nega,,
1996,rsgrass,1,1,2,128,onle,40172,f,y,y,y,n,feces,nega,,
1996,rsgrass,1,1,3,45,pmle,40173,m,y,n,y,y,st,madi,m,20
1996,rsgrass,1,1,3,45,pmle,40173,m,y,n,y,y,st,madi,f,37
1996,rsgrass,1,1,3,45,pmle,40173,m,y,n,y,y,feces,nega,,
1996,rsgrass,1,1,3,45,pmle,40173,m,y,n,y,y,st,pras,m,2
1996,rsgrass,1,1,3,45,pmle,40173,m,y,n,y,y,st,pras,f,2
1996,rsgrass,1,1,3,45,pmle,40173,m,y,n,y,y,bc,unne,,41
1996,rsgrass,1,1,3,84,pmtr,40174,f,y,n,y,n,feces,nega,,
1996,rsgrass,1,2,2,31,pgfl,40183,m,y,n,y,n,feces,nega,,
1996,rsgrass,1,2,2,127,dime,40184,m,y,y,y,y,feces,echo,,
1996,rsgrass,1,2,2,127,dime,40184,m,y,y,y,y,cc,hede,f,17
1996,rsgrass,1,2,2,127,dime,40184,m,y,y,y,y,st,madi,f,1
1996,rsgrass,1,2,2,127,dime,40184,m,y,y,y,y,ecto,mite,,1
1996,rsgrass,1,2,2,127,dime,40184,m,y,y,y,y,cc,trsp,m,1
1996,rsgrass,1,2,2,130,pgfl,40185,m,y,n,y,y,st,madi,f,45
1996,rsgrass,1,2,2,130,pgfl,40185,m,y,n,y,y,st,madi,m,3
1996,rsgrass,1,2,2,130,pgfl,40185,m,y,n,y,y,feces,nega,,
1996,rsgrass,1,2,2,141,pgfl,40186,m,y,n,y,y,st,madi,f,2
1996,rsgrass,1,2,2,141,pgfl,40186,m,y,n,y,y,feces,nega,,
1996,rsgrass,1,2,2,43,onle,40187,m,y,y,y,n,ecto,lice,,3
1996,rsgrass,1,2,2,43,onle,40187,m,y,y,y,n,feces,nega,,
1996,rsgrass,1,2,2,131,onle,40188,m,y,y,y,y,ecto,flea,,5
1996,rsgrass,1,2,2,131,onle,40188,m,y,y,y,y,st,madi,f,2
1996,rsgrass,1,2,2,131,onle,40188,m,y,y,y,y,ecto,mite,,1
1996,rsgrass,1,2,2,131,onle,40188,m,y,y,y,y,si,mocl,f,1
1996,rsgrass,1,2,2,131,onle,40188,m,y,y,y,y,feces,nega,,
1996,rsgrass,1,2,2,131,onle,40188,m,y,y,y,y,bc,unne,l,8
1996,rsgrass,1,2,3,142,neal,40189,f,y,y,y,n,ecto,cuau,,1
1996,rsgrass,1,2,3,142,neal,40189,f,y,y,y,n,feces,nega,,
1996,rsgrass,1,3,2,19,neal,40190,m,y,n,y,y,si,hepo,m,1
1996,rsgrass,1,3,2,19,neal,40190,m,y,n,y,y,feces,nega,,
1996,rsgrass,1,3,2,60,neal,40191,m,y,y,y,y,ecto,cuau,,1
1996,rsgrass,1,3,2,60,neal,40191,m,y,y,y,y,ecto,lice,,1
1996,rsgrass,1,3,2,60,neal,40191,m,y,y,y,y,ecto,mite,,4
1996,rsgrass,1,3,2,60,neal,40191,m,y,y,y,y,feces,nega,,1
1996,rsgrass,1,3,2,60,neal,40191,m,y,y,y,y,si,rase,,1
1996,rsgrass,3,1,3,10,dime,40410,m,y,y,y,n,ecto,mite,,
1996,rsgrass,3,1,3,10,dime,40410,m,y,y,y,n,feces,nega,,
1996,rsgrass,3,1,3,89,dior,40411,f,y,y,y,y,cc,hede,f,4
1996,rsgrass,3,1,3,89,dior,40411,f,y,y,y,y,ecto,,,
1996,rsgrass,3,1,3,89,dior,40411,f,y,y,y,y,feces,nega,,
1996,rsgrass,3,1,2,34,dime,40412,m,y,y,y,y,ecto,lice,,
1996,rsgrass,3,1,2,34,dime,40412,m,y,y,y,y,st,madi,m,1
1996,rsgrass,3,1,2,34,dime,40412,m,y,y,y,y,feces,nega,,
1996,rsgrass,3,1,2,95,dime,40413,m,y,y,y,y,ecto,flea,,
1996,rsgrass,3,1,2,95,dime,40413,m,y,y,y,y,si,hede,f,2
1996,rsgrass,3,1,2,95,dime,40413,m,y,y,y,y,cc,hede,f,2
1996,rsgrass,3,1,2,95,dime,40413,m,y,y,y,y,ecto,mite,,
1996,rsgrass,3,1,2,95,dime,40413,m,y,y,y,y,feces,nega,,
1996,rsgrass,3,1,2,95,dime,40413,m,y,y,y,y,si,rasp,,10
1996,rsgrass,3,1,2,75,dime,40414,m,y,y,y,n,feces,echo,,
1996,rsgrass,3,1,2,75,dime,40414,m,y,y,y,n,ecto,lice,,
1996,rsgrass,3,1,2,72,dior,40415,m,y,y,y,n,ecto,mite,,
1996,rsgrass,3,1,2,72,dior,40415,m,y,y,y,n,feces,nega,,
1996,rsgrass,3,1,2,72,dior,40415,m,y,y,y,n,ecto,tick,,
1996,rsgrass,3,1,2,80,pgfl,40416,f,y,y,y,n,ecto,mite,,
1996,rsgrass,3,1,2,80,pgfl,40416,f,y,y,y,n,feces,nega,,
1996,rsgrass,3,1,2,96,dime,40417,m,y,y,y,n,ecto,mite,,
1996,rsgrass,3,1,2,96,dime,40417,m,y,y,y,n,feces,nega,,
1996,rsgrass,3,1,3,69,dior,40418,m,y,y,y,n,feces,nega,,
1996,rsgrass,3,1,3,69,dior,40418,m,y,y,y,n,ecto,tick,,
1996,rsgrass,3,1,3,108,dime,40419,m,y,y,y,n,feces,nega,,
1996,rsgrass,3,1,3,108,dime,40419,m,y,y,y,n,ecto,tick,,
1996,rsgrass,3,1,3,110,pgfl,40420,m,y,y,y,n,ecto,mite,,
1996,rsgrass,3,1,3,110,pgfl,40420,m,y,y,y,n,feces,nega,,
1996,rsgrass,3,1,3,141,pgfl,40421,f,y,n,y,n,feces,nega,,
1996,rsgrass,3,1,3,2,pmtr,40422,m,y,y,y,y,feces,nega,,
1996,rsgrass,3,1,3,2,pmtr,40422,m,y,y,y,y,ecto,orle,,
1996,rsgrass,3,1,3,2,pmtr,40422,m,y,y,y,y,bc,pras,f,38
1996,rsgrass,3,1,3,2,pmtr,40422,m,y,y,y,y,bc,pras,m,10
1996,rsgrass,3,1,3,13,pmtr,40423,f,y,y,y,y,si,mocl,,4
1996,rsgrass,3,1,3,13,pmtr,40423,f,y,n,y,y,feces,nega,,
1996,rsgrass,3,1,3,13,pmtr,40423,f,y,n,y,y,st,phma,f,5
1996,rsgrass,3,1,3,85,pmtr,40424,m,y,n,y,y,si,mocl,,1
1996,rsgrass,3,1,3,85,pmtr,40424,m,y,n,y,y,feces,nega,,
1996,rsgrass,3,2,2,107,pgfl,40426,m,y,y,y,n,ecto,mite,,
1996,rsgrass,3,2,2,107,pgfl,40426,m,y,y,y,n,feces,nega,,
1996,rsgrass,3,2,3,113,dime,40427,m,y,y,y,y,ecto,mite,,
1996,rsgrass,3,2,3,113,dime,40427,m,y,y,y,y,feces,nega,,
1996,rsgrass,3,2,3,113,dime,40427,m,y,y,y,y,si,rasp,,6
1996,rsgrass,3,2,3,10,pgfl,40428,f,y,n,y,n,feces,nega,,
1996,rsgrass,3,2,3,50,pgfl,40429,m,y,n,y,n,feces,nega,,
1996,rsgrass,3,2,3,58,dime,40430,m,y,y,y,n,ecto,mear,,
1996,rsgrass,3,2,3,58,dime,40430,m,y,y,y,n,feces,nega,,
1996,rsgrass,3,2,3,58,dime,40430,m,y,y,y,n,ecto,thac,,
1996,rsgrass,3,2,3,72,pgfl,40431,f,y,y,y,y,st,madi,l,3
1996,rsgrass,3,2,3,72,pgfl,40431,f,y,y,y,y,ecto,mite,,
1996,rsgrass,3,2,3,72,pgfl,40431,f,y,y,y,y,feces,nega,,
1996,rsgrass,3,2,3,89,pgfl,40432,f,y,y,y,n,ecto,mite,,
1996,rsgrass,3,2,3,89,pgfl,40432,f,y,y,y,n,feces,nega,,
1996,rsgrass,3,2,2,1,pmtr,40433,m,n,y,y,n,ecto,masi,,
1996,rsgrass,3,2,2,1,pmtr,40433,m,n,y,y,n,feces,,,
1996,rsgrass,3,2,2,14,pmtr,40434,f,y,n,y,n,feces,nega,,
1996,rsgrass,3,2,2,22,pmle,40435,f,y,y,y,y,st,madi,m,8
1996,rsgrass,3,2,2,22,pmle,40435,f,y,y,y,y,st,madi,f,16
1996,rsgrass,3,2,2,22,pmle,40435,f,y,y,y,y,ecto,mite,,
1996,rsgrass,3,2,2,22,pmle,40435,f,y,y,y,y,feces,nega,,
1996,rsgrass,3,2,3,92,neal,40436,m,y,y,y,n,feces,ealb,,
1996,rsgrass,3,2,3,92,neal,40436,m,y,y,y,n,ecto,ecga,,
1996,rsgrass,3,3,2,66,dime,40449,f,y,y,y,n,ecto,mite,,
1996,rsgrass,3,3,2,66,dime,40449,f,y,y,y,n,feces,nega,,
1996,rsgrass,3,3,2,84,dime,40450,f,y,y,y,y,feces,echo,,
1996,rsgrass,3,3,2,84,dime,40450,f,y,y,y,y,si,hede,m,3
1996,rsgrass,3,3,2,84,dime,40450,f,y,y,y,y,si,hede,f,32
1996,rsgrass,3,3,2,84,dime,40450,f,y,y,y,y,ecto,mear,,
1996,rsgrass,3,3,2,84,dime,40450,f,y,y,y,y,ecto,mite,,
1996,rsgrass,3,3,3,7,pgfl,40451,m,y,y,y,n,ecto,mite,,
1996,rsgrass,3,3,3,7,pgfl,40451,m,y,y,y,n,feces,nega,,
1996,rsgrass,3,3,3,13,dime,40452,f,y,y,y,y,ecto,mear,,
1996,rsgrass,3,3,3,13,dime,40452,f,y,y,y,y,feces,nega,,
1996,rsgrass,3,3,3,13,dime,40452,f,y,y,y,y,si,unce,,5
1996,rsgrass,3,3,3,20,pgfl,40453,m,y,y,y,n,ecto,mite,,
1996,rsgrass,3,3,3,20,pgfl,40453,m,y,y,y,n,feces,nega,,
1996,rsgrass,3,3,3,31,pgfl,40454,f,y,n,y,n,feces,nega,,
1996,rsgrass,3,3,3,33,pgfl,40455,m,y,n,y,n,feces,nega,,
1996,rsgrass,3,3,3,34,pgfl,40456,m,y,y,y,n,ecto,mite,,
1996,rsgrass,3,3,3,34,pgfl,40456,m,y,y,y,n,feces,nega,,
1996,rsgrass,3,3,3,46,pgfl,40457,m,y,y,y,n,ecto,mite,,
1996,rsgrass,3,3,3,46,pgfl,40457,m,y,y,y,n,feces,nega,,
1996,rsgrass,3,3,3,59,pgfl,40458,f,y,y,y,n,ecto,mite,,
1996,rsgrass,3,3,3,59,pgfl,40458,f,y,y,y,n,feces,nega,,
1996,rsgrass,3,3,3,142,pgfl,40459,m,y,y,y,n,ecto,mite,,
1996,rsgrass,3,3,3,142,pgfl,40459,m,y,y,y,n,feces,nega,,
1996,rsgrass,3,3,2,18,neal,40460,f,y,n,y,n,feces,nega,,
1996,rsgrass,3,3,2,71,neal,40461,f,y,n,y,y,si,hepo,f,1
1996,rsgrass,3,3,2,71,neal,40461,f,y,n,y,y,feces,nega,,
1996,rsgrass,3,3,2,75,pgfl,40462,f,y,y,y,n,ecto,mite,,
1996,rsgrass,3,3,2,75,pgfl,40462,f,y,y,y,n,feces,nega,,
1996,rsgrass,3,3,2,79,onle,40463,f,y,n,y,y,feces,eony,,
1996,rsgrass,3,3,2,79,onle,40463,f,y,n,y,y,si,hysp,,30
1996,rsgrass,3,3,2,79,onle,40463,f,y,n,y,y,st,madi,f,93
1996,rsgrass,3,3,2,79,onle,40463,f,y,n,y,y,st,madi,m,13
1996,rsgrass,3,3,3,28,onle,40464,m,y,y,y,y,st,madi,l,4
1996,rsgrass,3,3,3,28,onle,40464,m,y,y,y,y,ecto,mear,,
1996,rsgrass,3,3,3,28,onle,40464,m,y,y,y,y,ecto,ormo,,
1992,rslarrea,1,1,1,10,dime,26342,m,y,n,y,y,cc,hede,m,15
1992,rslarrea,1,1,1,10,dime,26342,m,y,n,y,y,cc,hede,f,26
1992,rslarrea,1,1,1,10,dime,26342,m,y,n,y,y,feces,nega,,
1992,rslarrea,1,1,1,10,dime,26342,m,y,n,y,y,si,ptdi,f,11
1992,rslarrea,1,1,1,16,pmer,26343,f,y,n,y,n,feces,elan,,
1992,rslarrea,1,1,1,20,pmle,26344,f,y,n,y,n,feces,nega,,
1992,rslarrea,1,1,1,28,pmle,26345,m,y,n,y,n,feces,nega,,
1992,rslarrea,1,1,1,35,dime,26346,f,y,n,y,n,feces,echo,,
1992,rslarrea,1,1,1,36,pmle,26347,f,y,y,y,n,ecto,masi,,
1992,rslarrea,1,1,1,36,pmle,26347,f,y,y,y,n,feces,nega,,
1992,rslarrea,1,1,1,43,pgfv,26348,f,y,n,y,n,feces,nega,,
1992,rslarrea,1,1,1,46,dime,26349,f,y,n,y,n,feces,nega,,
1992,rslarrea,1,1,1,54,pmle,26350,m,y,n,y,y,feces,elan,,
1992,rslarrea,1,1,1,54,pmle,26350,m,y,n,y,y,st,madi,f,1
1992,rslarrea,1,1,1,55,pmtr,26351,m,y,n,y,n,feces,elan,,
1992,rslarrea,1,1,1,65,dime,26352,f,y,n,y,n,feces,nega,,
1992,rslarrea,1,1,1,71,dime,26353,m,y,n,y,n,feces,echi,,
1992,rslarrea,1,1,1,72,pmer,26354,f,y,n,y,n,feces,nega,,
1992,rslarrea,1,1,1,80,or,26355,m,y,n,y,y,si,hyns,,1
1992,rslarrea,1,1,1,80,or,26355,m,y,n,y,y,feces,nega,,
1992,rslarrea,1,1,1,80,or,26355,m,y,n,y,y,st,prsp,m,6
1992,rslarrea,1,1,1,91,dime,26356,m,y,n,y,n,feces,echo,,
1992,rslarrea,1,1,1,11,dime,26357,m,y,n,y,n,feces,nega,,
1992,rslarrea,1,1,1,12,pmtr,26358,f,y,n,y,n,feces,nega,,
1992,rslarrea,1,1,1,13,pmer,26359,m,y,n,y,n,feces,nega,,
1992,rslarrea,1,1,1,14,dime,26360,m,y,n,y,n,feces,nega,,
1992,rslarrea,1,1,1,14,pmle,26361,m,y,n,y,n,feces,nega,,
1992,rslarrea,1,1,3,9,dime,26362,m,y,n,y,n,feces,nega,,
1992,rslarrea,1,1,3,12,dime,26363,f,y,n,y,n,feces,nega,,
1992,rslarrea,1,1,3,19,dime,26364,m,y,n,y,n,feces,echo,,
1992,rslarrea,1,1,3,20,spsp,26365,f,y,n,n,n,feces,nega,,
1992,rslarrea,1,1,3,32,dior,26366,f,y,n,y,n,feces,unsp,,
1992,rslarrea,1,1,3,35,neal,26367,f,y,n,y,n,feces,ealb,,
1992,rslarrea,1,1,3,36,neal,26368,m,y,y,y,n,feces,nega,,
1992,rslarrea,1,1,3,36,neal,26368,m,y,y,y,n,ecto,orag,,
1992,rslarrea,1,1,3,42,dime,26369,f,y,n,y,n,feces,nega,,
1992,rslarrea,1,1,3,56,onle,26370,f,y,n,y,n,feces,nega,,
1992,rslarrea,1,1,3,83,dime,26372,m,y,n,y,n,feces,nega,,
1992,rslarrea,1,1,3,92,dime,26373,f,y,n,y,n,feces,nega,,
1992,rslarrea,1,1,3,10,dime,26375,m,y,n,y,n,feces,echo,,
1992,rslarrea,1,1,3,11,dime,26376,m,y,n,y,n,feces,echo,,
1992,rslarrea,1,1,3,11,dime,26378,f,y,n,y,n,feces,nega,,
1992,rslarrea,1,1,3,13,dior,26379,f,y,n,y,n,feces,nega,,
1992,rslarrea,1,2,1,8,dime,26397,m,y,n,y,y,feces,nega,,
1992,rslarrea,1,2,1,8,dime,26397,m,y,n,y,y,si,ptdi,m,2
1992,rslarrea,1,2,1,8,dime,26397,m,y,n,y,y,si,ptdi,f,5
1992,rslarrea,1,2,1,16,pgfv,26398,m,y,n,y,n,feces,nega,,
1992,rslarrea,1,2,1,20,pmtr,26399,f,y,n,y,n,feces,elan,,
1992,rslarrea,1,2,1,24,pgfv,26400,f,y,n,y,n,feces,nega,,
1992,rslarrea,1,2,1,11,pmtr,26401,m,y,y,y,y,st,madi,,
1992,rslarrea,1,2,1,11,pmtr,26401,m,y,y,y,y,ecto,masi,,
1992,rslarrea,1,2,1,11,pmtr,26401,m,y,y,y,y,feces,nega,,
1992,rslarrea,1,2,1,11,pmtr,26401,m,y,y,y,y,ecto,orle,,
1992,rslarrea,1,2,1,35,dime,26402,m,y,n,y,y,si,hysp,,
1992,rslarrea,1,2,1,35,dime,26402,m,y,n,y,y,feces,nega,,
1992,rslarrea,1,2,1,0,pmle,26403,f,y,n,y,n,feces,nega,,
1992,rslarrea,1,2,1,47,pgfv,26404,m,y,n,y,n,feces,nega,,
1992,rslarrea,1,2,1,75,pgfv,26405,m,y,n,y,n,feces,nega,,
1992,rslarrea,1,2,1,84,disp,26406,m,y,n,y,y,feces,ebal,,
1992,rslarrea,1,2,1,84,disp,26406,m,y,n,y,y,st,hede,m,9
1992,rslarrea,1,2,1,84,disp,26406,m,y,n,y,y,st,hede,f,15
1992,rslarrea,1,2,1,84,disp,26406,m,y,n,y,y,cc,madi,f,1
1992,rslarrea,1,2,1,97,pmtr,26407,m,y,y,y,y,st,madi,f,5
1992,rslarrea,1,2,1,97,pmtr,26407,m,y,y,y,y,feces,nega,,
1992,rslarrea,1,2,1,97,pmtr,26407,m,y,y,y,y,ecto,orle,,
1992,rslarrea,1,2,1,11,pgfv,26408,f,y,n,y,n,feces,nega,,
1992,rslarrea,1,2,1,29,pgfv,26409,m,y,n,y,n,feces,nega,,
1992,rslarrea,1,2,1,13,pmtr,26410,f,y,n,y,n,feces,elan,,
1992,rslarrea,1,2,1,13,pgfv,26411,f,y,n,y,n,feces,nega,,
1992,rslarrea,1,2,1,14,pmtr,26412,m,y,y,y,n,feces,nega,,
1992,rslarrea,1,2,1,14,pmtr,26412,m,y,y,y,n,ecto,orle,,
1992,rslarrea,1,2,3,22,onle,26413,m,y,n,y,n,feces,eony,,
1992,rslarrea,1,2,3,23,dime,26414,m,y,n,y,y,feces,nega,,
1992,rslarrea,1,2,3,23,dime,26414,m,y,n,y,y,si,ptdi,f,3
1992,rslarrea,1,2,3,31,spsp,26415,f,y,y,y,n,feces,nega,,
1992,rslarrea,1,2,3,31,spsp,26415,f,y,y,y,n,ecto,thbp,,
1992,rslarrea,1,2,3,35,neal,26416,f,y,y,y,n,ecto,annu,,
1992,rslarrea,1,2,3,35,neal,26416,f,y,y,y,n,feces,nega,,
1992,rslarrea,1,2,3,35,neal,26416,f,y,y,y,n,ecto,opro,,
1992,rslarrea,1,2,3,39,pgfv,26417,m,y,n,y,n,feces,nega,,
1992,rslarrea,1,2,3,40,dime,26418,f,y,n,y,y,feces,nega,,
1992,rslarrea,1,2,3,40,dime,26418,f,y,n,y,y,cc,trdi,f,1
1992,rslarrea,1,2,3,56,pmle,26419,f,y,n,y,n,feces,nega,,
1992,rslarrea,1,2,3,64,pgfv,26420,f,y,n,y,n,feces,nega,,
1992,rslarrea,1,2,3,68,or,26421,m,y,n,y,n,feces,nega,,
1992,rslarrea,1,2,3,72,dime,26422,f,y,n,y,y,feces,nega,,
1992,rslarrea,1,2,3,72,dime,26422,f,y,n,y,y,si,ptdi,f,6
1992,rslarrea,1,2,3,95,dime,26423,f,y,n,y,n,feces,nega,,
1992,rslarrea,1,2,3,10,dime,26424,m,y,n,y,y,st,madi,m,1
1992,rslarrea,1,2,3,10,dime,26424,m,y,n,y,y,st,madi,f,1
1992,rslarrea,1,2,3,10,dime,26424,m,y,n,y,y,feces,nega,,
1992,rslarrea,1,2,3,11,dior,26425,m,y,n,y,n,feces,nega,,
1992,rslarrea,1,2,3,12,dime,26426,m,y,n,y,n,feces,nega,,
1992,rslarrea,1,2,3,13,dime,26427,f,y,n,y,y,feces,nega,,
1992,rslarrea,1,2,3,13,dime,26427,f,y,n,y,y,si,ptdi,f,8
1992,rslarrea,1,2,3,14,or,26428,m,y,n,y,n,feces,nega,,
1992,rslarrea,1,3,1,12,dime,26444,f,y,n,y,n,feces,nega,,
1992,rslarrea,1,3,1,22,pmle,26445,m,y,n,y,y,feces,nega,,
1992,rslarrea,1,3,1,22,pmle,26445,m,y,n,y,y,st,pras,m,12
1992,rslarrea,1,3,1,22,pmle,26445,m,y,n,y,y,st,pras,f,16
1992,rslarrea,1,3,1,32,remg,26446,m,y,n,y,n,feces,eari,,
1992,rslarrea,1,3,1,47,pgfv,26447,m,y,n,y,n,feces,nega,,
1992,rslarrea,1,3,1,96,dior,26448,f,y,n,y,n,feces,nega,,
1992,rslarrea,1,3,1,10,pmtr,26449,m,y,n,y,n,feces,elan,,
1992,rslarrea,1,3,1,11,dime,26450,f,y,n,y,n,feces,nega,,
1992,rslarrea,1,3,1,12,dime,26451,m,y,n,y,y,cc,hede,m,1
1992,rslarrea,1,3,1,12,dime,26451,m,y,n,y,y,cc,hede,f,2
1992,rslarrea,1,3,1,12,dime,26451,m,y,n,y,y,feces,nega,,
1992,rslarrea,1,3,1,13,dior,26452,m,y,n,y,y,cc,hede,f,7
1992,rslarrea,1,3,1,13,dior,26452,m,y,n,y,y,feces,nega,,
1992,rslarrea,1,3,1,14,dime,26453,f,y,n,y,y,feces,echo,,
1992,rslarrea,1,3,1,14,dime,26453,f,y,n,y,y,si,ptdi,f,8
1992,rslarrea,1,3,1,14,dime,26454,f,y,n,y,n,feces,nega,,
1992,rslarrea,1,3,3,18,remn,26455,f,y,n,y,n,feces,nega,,
1992,rslarrea,1,3,3,19,spsp,26456,f,y,n,y,n,feces,nega,,
1992,rslarrea,1,3,3,20,spsp,26457,m,y,n,y,n,feces,nega,,
1992,rslarrea,1,3,3,35,dior,26459,f,y,n,y,n,feces,nega,,
1992,rslarrea,1,3,3,70,dime,26460,m,y,n,y,n,feces,nega,,
1992,rslarrea,1,3,3,84,pmle,26461,m,y,n,y,y,cc,madi,,1
1992,rslarrea,1,3,3,84,pmle,26461,m,y,n,y,y,feces,nega,,
1992,rslarrea,1,3,3,92,pmle,26462,m,y,n,y,y,feces,nega,,
1992,rslarrea,1,3,3,92,pmle,26462,m,y,n,y,y,si,unne,,1
1992,rslarrea,1,3,3,96,dime,26463,m,y,n,y,n,feces,nega,,
1992,rslarrea,1,3,3,11,onle,26464,m,y,n,y,n,feces,nega,,
1992,rslarrea,1,3,3,12,spsp,26465,f,y,n,y,n,feces,nega,,
1992,rslarrea,2,1,3,3,remn,28241,f,y,n,y,n,feces,nega,,
1992,rslarrea,2,1,3,7,dime,28242,m,y,n,y,n,feces,nega,,
1992,rslarrea,2,1,3,11,neal,28243,f,y,y,y,y,feces,elad,,
1992,rslarrea,2,1,3,11,neal,28243,f,y,y,y,y,ecto,flea,,
1992,rslarrea,2,1,3,11,neal,28243,f,y,y,y,y,st,unne,,
1992,rslarrea,2,1,3,16,remg,28244,m,y,n,y,n,feces,nega,,
1992,rslarrea,2,1,3,21,dime,28245,f,y,n,y,n,feces,echo,,
1992,rslarrea,2,1,3,24,pgfv,28246,m,y,n,n,n,feces,nega,,
1992,rslarrea,2,1,3,30,dime,28247,m,y,n,y,n,feces,nega,,
1992,rslarrea,2,1,3,33,dime,28248,m,y,n,y,n,feces,nega,,
1992,rslarrea,2,1,3,35,neal,28249,f,y,y,y,n,ecto,ecga,,
1992,rslarrea,2,1,3,35,neal,28249,f,y,y,y,n,feces,nega,,
1992,rslarrea,2,1,3,40,pgfv,28250,m,y,n,y,y,st,madi,,1
1992,rslarrea,2,1,3,40,pgfv,28250,m,y,n,y,y,feces,nega,,
1992,rslarrea,2,1,3,42,pmle,28251,m,y,n,y,y,feces,nega,,
1992,rslarrea,2,1,3,42,pmle,28251,m,y,n,y,y,st,unne,f,2
1992,rslarrea,2,1,3,42,pmle,28251,m,y,n,y,y,st,unne,m,1
1992,rslarrea,2,1,3,48,dime,28252,f,y,n,y,y,feces,echo,,
1992,rslarrea,2,1,3,48,dime,28252,f,y,n,y,y,st,madi,l,1
1992,rslarrea,2,1,3,55,dime,28253,m,y,n,y,n,feces,nega,,
1992,rslarrea,2,1,3,70,pgfv,28254,f,y,n,y,n,feces,nega,,
1992,rslarrea,2,1,3,80,dime,28255,f,y,n,y,y,st,madi,m,1
1992,rslarrea,2,1,3,80,dime,28255,f,y,n,y,y,st,madi,f,3
1992,rslarrea,2,1,3,80,dime,28255,f,y,n,y,y,feces,nega,,
1992,rslarrea,2,1,3,86,pgfv,28256,f,y,n,y,n,feces,nega,,
1992,rslarrea,2,1,3,88,neal,28257,m,y,n,y,n,feces,nega,,
1992,rslarrea,2,1,3,95,dime,28258,m,y,n,y,n,feces,echo,,
1992,rslarrea,2,1,3,10,onle,28259,f,y,n,y,y,feces,nega,,
1992,rslarrea,2,1,3,10,onle,28259,f,y,n,y,y,si,unne,,1
1992,rslarrea,2,1,3,10,dime,28260,m,y,n,y,n,feces,echo,,
1992,rslarrea,2,1,3,10,dime,28261,f,y,n,y,y,cc,hede,f,3
1992,rslarrea,2,1,3,10,dime,28261,f,y,n,y,y,feces,nega,,
1992,rslarrea,2,1,3,11,neal,28262,f,y,n,y,n,feces,nega,,
1992,rslarrea,2,1,3,11,onle,28263,m,n,n,y,n,feces,,,
1992,rslarrea,2,1,3,13,dime,28265,m,y,n,y,n,feces,nega,,
1992,rslarrea,2,1,3,14,neal,28267,m,y,n,y,n,feces,ealb,,
1992,rslarrea,2,1,1,4,pmle,28268,m,y,n,y,n,feces,nega,,
1992,rslarrea,2,1,1,8,dime,28269,f,y,n,y,y,feces,echo,,
1992,rslarrea,2,1,1,8,dime,28269,f,y,n,y,y,st,madi,f,1
1992,rslarrea,2,1,1,16,pgfv,28270,f,y,n,y,n,feces,nega,,
1992,rslarrea,2,1,1,21,dime,28271,f,y,n,y,n,feces,nega,,
1992,rslarrea,2,1,1,24,pgfv,28273,f,y,n,y,n,feces,nega,,
1992,rslarrea,2,1,1,35,pmle,28276,m,y,n,y,n,feces,nega,,
1992,rslarrea,2,1,1,36,dime,28277,f,y,n,y,n,feces,nega,,
1992,rslarrea,2,1,1,46,remg,28278,m,y,n,y,y,feces,eari,,
1992,rslarrea,2,1,1,46,remg,28278,m,y,n,y,y,st,madi,m,6
1992,rslarrea,2,1,1,46,remg,28278,m,y,n,y,y,st,madi,f,9
1992,rslarrea,2,1,1,47,pmle,28279,m,y,n,y,y,feces,nega,,
1992,rslarrea,2,1,1,47,pmle,28279,m,y,n,y,y,st,pras,m,7
1992,rslarrea,2,1,1,47,pmle,28279,m,y,n,y,y,st,pras,f,11
1992,rslarrea,2,1,1,48,pmle,28280,f,y,n,y,y,feces,nega,,
1992,rslarrea,2,1,1,48,pmle,28280,f,y,n,y,y,st,pras,m,27
1992,rslarrea,2,1,1,48,pmle,28280,f,y,n,y,y,st,pras,f,46
1992,rslarrea,2,1,1,54,neal,28281,m,y,n,y,y,feces,nega,,
1992,rslarrea,2,1,1,54,neal,28281,m,y,n,y,y,si,unce,,1
1992,rslarrea,2,1,1,58,pgfv,28282,f,y,n,y,n,feces,nega,,
1992,rslarrea,2,1,1,70,or,28283,m,y,n,y,y,si,mocl,,1
1992,rslarrea,2,1,1,70,or,28283,m,y,n,y,y,feces,nega,,
1992,rslarrea,2,1,1,70,or,28283,m,y,n,y,y,st,prsp,,182
1992,rslarrea,2,1,1,70,or,28283,m,y,n,y,y,cc,unne,,2
1992,rslarrea,2,1,1,71,dime,28284,m,y,n,y,n,feces,nega,,
1992,rslarrea,2,1,1,72,onle,28285,f,y,n,y,y,feces,eper,,
1992,rslarrea,2,1,1,72,onle,28285,f,y,n,y,y,st,nema,,33
1992,rslarrea,2,1,1,79,dime,28286,m,y,n,y,n,feces,nega,,
1992,rslarrea,2,1,1,83,dime,28287,f,y,n,y,y,feces,echo,,
1992,rslarrea,2,1,1,83,dime,28287,f,y,n,y,y,cc,hede,f,6
1992,rslarrea,2,1,1,84,neal,28288,f,y,n,y,n,feces,nega,,
1992,rslarrea,2,1,1,87,pgfl,28289,f,y,n,y,n,feces,nega,,
1992,rslarrea,2,1,1,94,neal,28290,m,y,n,y,n,feces,ealb,,
1992,rslarrea,2,1,1,95,pgfv,28291,m,n,n,y,n,feces,,,
1992,rslarrea,2,1,1,10,dime,28292,f,y,n,y,y,cc,hede,m,3
1992,rslarrea,2,1,1,10,dime,28292,f,y,n,y,y,feces,nega,,
1992,rslarrea,2,1,1,11,dior,28293,f,y,n,y,y,feces,nega,,
1992,rslarrea,2,1,1,11,dior,28293,f,y,n,y,y,st,unne,,1
1992,rslarrea,2,1,1,11,dime,28294,f,y,n,y,y,st,madi,f,2
1992,rslarrea,2,1,1,11,dime,28294,f,y,n,y,y,feces,nega,,
1992,rslarrea,2,1,1,11,dime,28294,f,y,n,y,y,st,phma,m,10
1992,rslarrea,2,1,1,11,dime,28294,f,y,n,y,y,st,phma,f,5
1992,rslarrea,2,1,1,11,dime,28295,m,y,n,y,n,feces,echo,,
1992,rslarrea,2,1,1,12,pgfv,28296,m,n,n,n,n,feces,,,
1992,rslarrea,2,1,1,13,pgfv,28297,m,y,n,y,n,feces,nega,,
1992,rslarrea,2,1,1,13,dior,28298,f,y,n,y,n,feces,nega,,
1992,rslarrea,2,1,1,13,pmtr,28299,f,y,n,y,n,feces,eari,,
1992,rslarrea,2,1,1,14,onle,28300,f,y,n,y,y,feces,eony,,
1992,rslarrea,2,1,1,14,onle,28300,f,y,n,y,y,si,mocl,,
1992,rslarrea,2,1,1,14,onle,28300,f,y,n,y,y,st,prsp,m,27
1992,rslarrea,2,1,1,14,onle,28300,f,y,n,y,y,st,prsp,f,19
1992,rslarrea,2,1,1,14,pgfv,28301,f,y,n,y,n,feces,nega,,
1992,rslarrea,2,1,1,14,pgfv,28302,m,y,n,y,n,feces,nega,,
1992,rslarrea,2,2,1,46,dime,28309,m,y,n,y,n,feces,nega,,
1992,rslarrea,2,2,1,51,dior,28310,m,y,n,y,y,cc,hede,f,7
1992,rslarrea,2,2,1,51,dior,28310,m,y,n,y,y,st,madi,m,1
1992,rslarrea,2,2,1,51,dior,28310,m,y,n,y,y,st,madi,f,2
1992,rslarrea,2,2,1,51,dior,28310,m,y,n,y,y,feces,nega,,
1992,rslarrea,2,2,1,59,remg,28311,f,y,n,y,y,feces,nega,,
1992,rslarrea,2,2,1,59,remg,28311,f,y,n,y,y,st,unne,l,17
1992,rslarrea,2,2,1,62,or,28312,m,y,n,y,y,feces,eony,,
1992,rslarrea,2,2,1,62,or,28312,m,y,n,y,y,si,mocl,,1
1992,rslarrea,2,2,1,64,dime,28313,m,y,n,y,y,feces,echo,,
1992,rslarrea,2,2,1,64,dime,28313,m,y,n,y,y,st,madi,f,1
1992,rslarrea,2,2,1,86,remn,28314,f,y,n,y,n,feces,nega,,
1992,rslarrea,2,2,1,89,pgfl,28315,m,y,n,y,n,feces,nega,,
1992,rslarrea,2,2,1,10,dime,28316,m,y,n,y,n,feces,nega,,
1992,rslarrea,2,2,1,10,pgfv,28317,,y,n,n,n,feces,nega,,
1992,rslarrea,2,2,1,11,pgfv,28319,f,y,n,y,n,feces,nega,,
1992,rslarrea,2,2,1,12,dior,28320,f,y,n,y,y,feces,esch,,
1992,rslarrea,2,2,1,12,dior,28320,f,y,n,y,y,cc,hede,f,6
1992,rslarrea,2,2,1,13,pgfv,28321,m,n,n,y,n,feces,,,
1992,rslarrea,2,2,1,13,dior,28322,f,y,n,y,n,feces,nega,,
1992,rslarrea,2,2,1,14,pmle,28324,f,y,n,y,n,feces,nega,,
1992,rslarrea,2,2,1,14,pmle,28325,f,y,n,y,y,st,nema,,29
1992,rslarrea,2,2,3,12,pgfv,28326,f,y,n,y,n,feces,nega,,
1992,rslarrea,2,2,3,55,onle,28327,m,n,n,y,n,feces,,,
1992,rslarrea,2,2,3,57,dime,28328,m,y,n,y,y,feces,nega,,
1992,rslarrea,2,2,3,57,dime,28328,m,y,n,y,y,si,ptdi,f,4
1992,rslarrea,2,2,3,60,onle,28329,f,n,n,y,n,feces,,,
1992,rslarrea,2,2,3,69,dime,28330,f,y,n,y,n,feces,nega,,
1992,rslarrea,2,2,3,70,or,28331,m,y,n,y,n,feces,nega,,
1992,rslarrea,2,2,3,82,pgfv,28332,m,y,n,y,n,feces,nega,,
1992,rslarrea,2,2,3,83,remg,28333,f,y,n,y,n,feces,nega,,
1992,rslarrea,2,2,3,10,remn,28334,m,y,n,y,y,feces,eari,,
1992,rslarrea,2,2,3,10,remn,28334,m,y,n,y,y,dish,madi,f,6
1992,rslarrea,2,2,3,10,remn,28334,m,y,n,y,y,dish,madi,m,1
1992,rslarrea,2,2,3,10,dime,28335,f,y,n,y,n,feces,nega,,
1992,rslarrea,2,2,3,11,spsp,28336,f,y,n,y,n,feces,unsp,,
1992,rslarrea,2,2,3,12,pgfl,28337,f,y,n,n,n,feces,nega,,
1992,rslarrea,2,2,3,14,neal,28338,m,y,y,y,n,ecto,cuau,,1
1992,rslarrea,2,2,3,14,neal,28338,m,y,y,y,n,feces,nega,,
1992,rslarrea,2,2,1,13,dime,28339,m,y,n,y,y,feces,echo,,
1992,rslarrea,2,2,1,13,dime,28339,m,y,n,y,y,st,madi,m,1
1992,rslarrea,2,2,1,13,dime,28339,m,y,n,y,y,si,ptdi,f,4
1992,rslarrea,2,3,1,24,remn,28340,f,y,n,y,n,feces,nega,,
1992,rslarrea,2,3,1,46,onle,28341,m,y,n,y,n,feces,eony,,
1992,rslarrea,2,3,1,71,dior,28342,m,y,n,y,y,cc,masp,m,6
1992,rslarrea,2,3,1,71,dior,28342,m,y,n,y,y,cc,masp,f,4
1992,rslarrea,2,3,1,71,dior,28342,m,y,n,y,y,cc,masp,l,6
1992,rslarrea,2,3,1,71,dior,28342,m,y,n,y,y,feces,nega,,
1992,rslarrea,2,3,1,71,dior,28342,m,y,n,y,y,cc,trdi,m,3
1992,rslarrea,2,3,1,71,dior,28342,m,y,n,y,y,cc,trdi,f,3
1992,rslarrea,2,3,1,72,pgfv,28343,m,y,n,y,n,feces,nega,,
1992,rslarrea,2,3,1,82,dime,28344,f,y,n,y,n,feces,nega,,
1992,rslarrea,2,3,1,84,neal,28345,m,y,n,n,n,feces,nega,,
1992,rslarrea,2,3,1,89,pgfv,28346,f,y,n,y,n,feces,nega,,
1992,rslarrea,2,3,1,100,pmle,28347,f,y,n,n,n,feces,nega,,
1992,rslarrea,2,3,1,12,onle,28348,m,y,n,y,y,si,mocl,,1
1992,rslarrea,2,3,3,32,neal,28353,f,y,n,y,n,feces,nega,,
1992,rslarrea,2,3,3,35,neal,28354,m,y,n,y,n,feces,nega,,
1992,rslarrea,2,3,3,36,pmer,28355,f,y,n,y,y,si,masp,f,1
1992,rslarrea,2,3,3,58,remn,28356,m,y,n,y,n,feces,eari,,
1992,rslarrea,2,3,3,68,dime,28357,m,y,n,y,n,feces,echo,,
1992,rslarrea,2,3,3,96,neal,28358,f,y,n,y,n,feces,nega,,
1992,rslarrea,2,3,3,12,onle,28359,m,n,n,y,y,si,hyns,,1
1992,rslarrea,2,3,3,12,onle,28359,m,n,n,y,y,feces,,,
1992,rslarrea,2,3,3,12,dior,28360,f,y,n,y,n,feces,ebal,,
1992,rslarrea,2,3,3,14,dime,28361,m,y,n,y,n,feces,nega,,
1993,rslarrea,1,1,1,5,pmtr,26916,m,y,n,y,n,feces,nega,,
1993,rslarrea,1,1,1,6,pmtr,26917,f,y,n,y,n,feces,nega,,
1993,rslarrea,1,1,1,7,onle,26918,m,y,n,y,y,feces,esev,,
1993,rslarrea,1,1,1,7,onle,26918,m,y,n,y,y,st,phma,,
1993,rslarrea,1,1,1,7,onle,26918,m,y,n,y,y,st,prsp,,
1993,rslarrea,1,1,1,8,pmtr,26919,m,y,n,y,n,feces,nega,,
1993,rslarrea,1,1,3,12,dime,26920,f,y,n,y,y,feces,echo,,
1993,rslarrea,1,1,3,12,dime,26920,f,y,n,y,y,st,madi,l,12
1993,rslarrea,1,1,3,12,dime,26920,f,y,n,y,y,cc,madi,l,7
1993,rslarrea,1,1,3,12,dime,26920,f,y,n,y,y,si,unne,,
1993,rslarrea,1,1,1,19,dior,26921,m,y,y,y,n,feces,ebal,,
1993,rslarrea,1,1,1,28,pgfv,26922,f,y,n,y,n,feces,nega,,
1993,rslarrea,1,1,1,32,pmtr,26923,f,y,n,y,n,feces,elan,,
1993,rslarrea,1,1,1,42,pmle,26924,m,y,n,y,y,st,madi,l,3
1993,rslarrea,1,1,1,42,pmle,26924,m,y,n,y,y,st,madi,f,1
1993,rslarrea,1,1,1,42,pmle,26924,m,y,n,y,y,feces,nega,,
1993,rslarrea,1,1,1,42,pmle,26924,m,y,n,y,y,cc,unne,,7
1993,rslarrea,1,1,1,44,dime,26925,f,y,n,y,y,cc,hede,,1
1993,rslarrea,1,1,1,44,dime,26925,f,y,n,y,y,feces,nega,,
1993,rslarrea,1,1,1,45,onle,26926,m,y,n,y,y,st,madi,l,14
1993,rslarrea,1,1,1,45,onle,26926,m,y,n,y,y,feces,nega,,
1993,rslarrea,1,1,1,45,onle,26926,m,y,n,y,y,st,prsp,,
1993,rslarrea,1,1,1,51,dior,26927,m,y,n,y,n,feces,nega,,
1993,rslarrea,1,1,1,66,pmtr,26928,f,y,n,y,n,feces,nega,,
1993,rslarrea,1,1,1,67,onle,26929,m,y,n,y,y,si,hyns,,
1993,rslarrea,1,1,1,67,onle,26929,m,y,n,y,y,feces,nega,,
1993,rslarrea,1,1,1,79,dime,26930,m,y,y,y,y,cc,hede,f,1
1993,rslarrea,1,1,1,79,dime,26930,m,y,y,y,y,st,madi,f,1
1993,rslarrea,1,1,1,79,dime,26930,m,y,y,y,y,feces,nega,,
1993,rslarrea,1,1,1,79,dime,26930,m,y,y,y,y,si,oode,,10
1993,rslarrea,1,1,1,82,pmtr,26931,m,y,n,y,n,feces,nega,,
1993,rslarrea,1,1,1,88,pmle,26932,m,y,n,y,y,st,madi,,
1993,rslarrea,1,1,1,88,pmle,26932,m,y,n,y,y,st,ptdi,f,1
1993,rslarrea,1,1,1,92,onle,26933,m,y,n,y,y,feces,nega,,
1993,rslarrea,1,1,1,92,onle,26933,m,y,n,y,y,st,prsp,,
1993,rslarrea,1,1,1,93,pmle,26934,m,y,n,y,y,feces,ekno,,
1993,rslarrea,1,1,1,93,pmle,26934,m,y,n,y,y,st,madi,l,2
1993,rslarrea,1,1,1,94,pmtr,26935,f,y,n,y,n,feces,nega,,
1993,rslarrea,1,1,1,95,dime,26936,m,y,n,y,y,feces,echo,,
1993,rslarrea,1,1,1,95,dime,26936,m,y,n,y,y,cc,hede,f,1
1993,rslarrea,1,1,1,95,dime,26936,m,y,n,y,y,st,madi,f,1
1993,rslarrea,1,1,1,96,neal,26937,m,y,y,y,n,ecto,cuau,,
1993,rslarrea,1,1,1,96,neal,26937,m,y,y,y,n,feces,nega,,
1993,rslarrea,1,1,1,103,dime,26938,m,y,n,y,n,feces,echo,,
1993,rslarrea,1,1,1,105,onle,26939,f,y,n,y,n,feces,nega,,
1993,rslarrea,1,1,1,137,pmle,26941,f,y,n,y,y,st,madi,f,9
1993,rslarrea,1,1,1,137,pmle,26941,f,y,n,y,y,feces,nega,,
1993,rslarrea,1,1,1,137,pmle,26941,f,y,n,y,y,st,phsp,,
1993,rslarrea,1,1,1,139,remg,26942,f,y,n,y,y,st,madi,m,1
1993,rslarrea,1,1,1,139,remg,26942,f,y,n,y,y,st,madi,f,13
1993,rslarrea,1,1,1,139,remg,26942,f,y,n,y,y,feces,nega,,
1993,rslarrea,1,1,1,141,dior,26943,f,y,y,y,y,feces,nega,,
1993,rslarrea,1,1,1,141,dior,26943,f,y,y,y,y,ecto,posi,,
1993,rslarrea,1,1,1,141,dior,26943,f,y,y,y,y,si,rasa,,2
1993,rslarrea,1,1,1,142,onle,26944,f,y,n,y,n,feces,nega,,
1993,rslarrea,1,1,1,143,pmle,26945,m,y,n,y,y,feces,ekno,,
1993,rslarrea,1,1,1,143,pmle,26945,m,y,n,y,y,st,madi,m,8
1993,rslarrea,1,1,1,143,pmle,26945,m,y,n,y,y,st,madi,f,10
1993,rslarrea,1,1,1,143,pmle,26945,m,y,n,y,y,st,madi,l,39
1993,rslarrea,1,1,1,144,pmtr,26946,m,y,n,y,n,feces,nega,,
1993,rslarrea,1,1,3,3,remg,26947,m,y,n,y,y,feces,eari,,
1993,rslarrea,1,1,3,3,remg,26947,m,y,n,y,y,st,madi,f,4
1993,rslarrea,1,1,3,5,remn,26948,m,y,n,y,n,feces,eari,,
1993,rslarrea,1,1,3,21,dime,26949,f,y,n,y,n,feces,nega,,
1993,rslarrea,1,1,3,31,pgfv,26950,m,y,n,y,n,feces,nega,,
1993,rslarrea,1,1,3,35,neal,26951,m,y,y,y,y,ecto,cuau,,
1993,rslarrea,1,1,3,35,neal,26951,m,y,y,y,y,si,hepo,,1
1993,rslarrea,1,1,3,35,neal,26951,m,y,y,y,y,feces,nega,,
1993,rslarrea,1,1,3,41,pmle,26952,f,y,n,y,y,st,madi,l,1
1993,rslarrea,1,1,3,41,pmle,26952,f,y,n,y,y,feces,nega,,
1993,rslarrea,1,1,3,43,onle,26953,m,y,n,y,y,st,madi,m,2
1993,rslarrea,1,1,3,43,onle,26953,m,y,n,y,y,st,madi,f,2
1993,rslarrea,1,1,3,43,onle,26953,m,y,n,y,y,feces,nega,,
1993,rslarrea,1,1,3,43,onle,26953,m,y,n,y,y,st,prsp,,
1993,rslarrea,1,1,3,47,dior,26954,m,y,n,y,n,feces,nega,,
1993,rslarrea,1,1,3,48,onle,26955,m,n,n,y,y,st,madi,f,1
1993,rslarrea,1,1,3,48,onle,26955,m,n,n,y,y,feces,,,
1993,rslarrea,1,1,3,48,onle,26955,m,n,n,y,y,st,prsp,,
1993,rslarrea,1,1,3,53,pgfv,26956,m,y,n,y,n,feces,nega,,
1993,rslarrea,1,1,3,56,remg,26957,f,y,n,y,n,feces,nega,,
1993,rslarrea,1,1,3,71,dime,26958,m,y,n,y,n,feces,echo,,
1993,rslarrea,1,1,3,78,pmle,26959,f,y,n,y,n,feces,nega,,
1993,rslarrea,1,1,3,79,pmle,26960,m,y,n,y,n,feces,iper,,
1993,rslarrea,1,1,3,81,pmle,26961,m,y,n,y,n,feces,nega,,
1993,rslarrea,1,1,3,91,dime,26962,m,y,n,y,n,feces,nega,,
1993,rslarrea,1,1,3,93,dior,26963,f,y,y,y,n,feces,nega,,
1993,rslarrea,1,1,3,94,dior,26964,f,y,n,y,y,feces,nega,,
1993,rslarrea,1,1,3,94,dior,26964,f,y,n,y,y,si,unce,,
1993,rslarrea,1,1,3,95,dime,26965,f,y,n,y,n,feces,echo,,
1993,rslarrea,1,1,3,96,dime,26966,m,y,n,y,y,feces,echo,,
1993,rslarrea,1,1,3,96,dime,26966,m,y,n,y,y,si,ptdi,m,1
1993,rslarrea,1,1,3,96,dime,26966,m,y,n,y,y,si,ptdi,f,2
1993,rslarrea,1,1,3,11,dime,26967,m,y,n,y,y,feces,echo,,
1993,rslarrea,1,1,3,11,dime,26967,m,y,n,y,y,si,oode,,1
1993,rslarrea,1,1,3,11,pgfv,26968,m,y,n,y,n,feces,nega,,
1993,rslarrea,1,1,3,12,dime,26969,m,y,n,y,y,st,madi,,
1993,rslarrea,1,1,3,12,remg,26970,f,y,n,y,y,cc,cest,,
1993,rslarrea,1,1,3,12,remg,26970,f,y,n,y,y,feces,eari,,
1993,rslarrea,1,1,3,13,remg,26971,m,y,n,y,n,feces,eari,,
1993,rslarrea,1,1,3,13,remn,26972,m,y,n,y,n,feces,eari,,
1993,rslarrea,1,1,3,13,dime,26973,f,y,n,y,n,feces,echo,,
1993,rslarrea,1,1,3,14,dime,26974,m,y,n,y,y,cc,cest,,
1993,rslarrea,1,1,3,14,dime,26974,m,y,n,y,y,feces,nega,,
1993,rslarrea,1,1,3,14,dime,26974,m,y,n,y,y,si,rare,,1
1993,rslarrea,1,1,3,14,dior,26975,f,y,n,y,y,feces,nega,,
1993,rslarrea,1,1,3,14,dior,26975,f,y,n,y,y,si,rasp,,
1993,rslarrea,1,2,3,21,pmle,26979,f,y,n,y,y,feces,elan,,
1993,rslarrea,1,2,3,21,pmle,26979,f,y,n,y,y,st,nema,,
1993,rslarrea,1,2,3,21,pmle,26979,f,y,n,y,y,cc,nema,,
1993,rslarrea,1,2,3,29,remn,26980,m,y,n,y,n,feces,eari,,
1993,rslarrea,1,2,3,33,pmtr,26981,m,y,n,y,n,feces,nega,,
1993,rslarrea,1,2,3,34,pgfv,26982,f,y,n,y,n,feces,nega,,
1993,rslarrea,1,2,3,36,neal,26983,m,y,n,y,n,feces,ealb,,
1993,rslarrea,1,2,3,40,pmle,26984,m,y,n,y,y,feces,nega,,
1993,rslarrea,1,2,3,44,dime,26985,f,y,n,y,y,feces,echo,,
1993,rslarrea,1,2,3,44,dime,26985,f,y,n,y,y,feces,eree,,
1993,rslarrea,1,2,3,44,dime,26985,f,y,n,y,y,si,ptdi,f,3
1993,rslarrea,1,2,3,45,dior,26986,m,y,n,y,n,feces,nega,,
1993,rslarrea,1,2,3,46,dior,26987,f,y,n,y,n,feces,nega,,
1993,rslarrea,1,2,3,47,dime,26988,f,y,n,y,y,feces,echo,,
1993,rslarrea,1,2,3,47,dime,26988,f,y,n,y,y,feces,eree,,
1993,rslarrea,1,2,3,47,dime,26988,f,y,n,y,y,st,madi,l,1
1993,rslarrea,1,2,3,47,dime,26988,f,y,n,y,y,st,madi,f,1
1993,rslarrea,1,2,3,47,dime,26988,f,y,n,y,y,si,madi,l,4
1993,rslarrea,1,2,3,47,dime,26988,f,y,n,y,y,si,rasp,,21
1993,rslarrea,1,2,3,59,remg,26989,m,y,n,y,n,feces,eari,,
1993,rslarrea,1,2,3,78,pmle,26990,f,y,n,y,n,feces,nega,,
1993,rslarrea,1,2,3,96,dior,26991,f,y,n,y,y,cc,hede,f,3
1993,rslarrea,1,2,3,96,dior,26991,f,y,n,y,y,feces,nega,,
1993,rslarrea,1,2,3,10,pmle,26992,m,y,n,y,n,feces,nega,,
1993,rslarrea,1,2,3,11,dior,26993,m,y,n,y,n,feces,nega,,
1993,rslarrea,1,2,3,14,neal,26994,m,y,y,y,n,ecto,cuau,,
1993,rslarrea,1,2,3,14,neal,26994,m,y,y,y,n,feces,nega,,
1993,rslarrea,1,2,3,14,spsp,26995,f,y,n,y,n,feces,nega,,
1993,rslarrea,1,2,1,16,remg,26996,f,y,n,y,y,st,madi,m,1
1993,rslarrea,1,2,1,16,remg,26996,f,y,n,y,y,st,madi,f,3
1993,rslarrea,1,2,1,16,remg,26996,f,y,n,y,y,si,mocl,m,1
1993,rslarrea,1,2,1,16,remg,26996,f,y,n,y,y,feces,nega,,
1993,rslarrea,1,2,1,30,pmle,26997,m,y,n,y,y,st,madi,m,15
1993,rslarrea,1,2,1,30,pmle,26997,m,y,n,y,y,st,madi,f,53
1993,rslarrea,1,2,1,30,pmle,26997,m,y,n,y,y,feces,nega,,
1993,rslarrea,1,2,1,32,dior,26998,f,y,n,y,n,feces,nega,,
1993,rslarrea,1,2,1,42,pmtr,26999,f,y,n,y,n,feces,nega,,
1993,rslarrea,1,2,1,47,dime,27000,m,y,n,y,n,feces,nega,,
1993,rslarrea,1,2,1,60,remn,27345,f,y,n,y,n,feces,eari,,
1993,rslarrea,1,2,1,69,dime,27346,f,y,n,y,n,feces,echo,,
1993,rslarrea,1,2,1,69,dime,27346,f,y,n,y,n,feces,eree,,
1993,rslarrea,1,2,1,75,dior,27347,m,y,n,y,n,feces,nega,,
1993,rslarrea,1,2,1,77,pmtr,27348,m,y,n,y,n,feces,nega,,
1993,rslarrea,1,2,1,90,pmle,27349,m,y,n,y,y,si,mocl,,
1993,rslarrea,1,2,1,90,pmle,27349,m,y,n,y,y,feces,nega,,
1993,rslarrea,1,2,1,95,dior,27350,m,y,n,y,y,st,madi,m,12
1993,rslarrea,1,2,1,95,dior,27350,m,y,n,y,y,st,madi,f,26
1993,rslarrea,1,2,1,95,dior,27350,m,y,n,y,y,feces,nega,,
1993,rslarrea,1,2,1,10,dior,27351,m,y,y,y,y,feces,ebal,,
1993,rslarrea,1,2,1,10,dior,27351,m,y,y,y,y,cc,hede,m,2
1993,rslarrea,1,2,1,10,dime,27352,f,y,n,y,n,feces,nega,,
1993,rslarrea,1,2,1,11,dior,27353,f,y,n,y,n,feces,nega,,
1993,rslarrea,1,2,1,11,pmtr,27354,m,y,n,y,n,feces,echo,,
1993,rslarrea,1,2,1,11,dior,27355,f,y,n,y,n,feces,nega,,
1993,rslarrea,1,2,1,12,or,27356,m,y,n,y,n,feces,nega,,
1993,rslarrea,1,2,1,13,remg,27357,f,y,n,y,y,feces,eari,,
1993,rslarrea,1,2,1,13,remg,27357,f,y,n,y,y,st,madi,m,1
1993,rslarrea,1,2,1,13,remg,27357,f,y,n,y,y,st,madi,f,1
1993,rslarrea,1,2,1,13,dime,27358,m,y,n,y,y,feces,echo,,
1993,rslarrea,1,2,1,13,dime,27358,m,y,n,y,y,st,madi,f,1
1993,rslarrea,1,2,1,13,dime,27358,m,y,n,y,y,cc,trsp,f,1
1993,rslarrea,1,2,1,13,dime,27358,m,y,n,y,y,cc,trsp,m,1
1993,rslarrea,1,2,1,14,dime,27359,m,y,n,y,y,feces,nega,,
1993,rslarrea,1,2,1,14,dime,27359,m,y,n,y,y,st,phma,m,3
1993,rslarrea,1,2,1,14,dime,27359,m,y,n,y,y,st,phma,f,2
1993,rslarrea,1,2,3,11,pgfv,27360,m,y,n,y,n,feces,nega,,
1993,rslarrea,1,3,3,21,dime,27361,m,y,n,y,y,si,hysp,,3
1993,rslarrea,1,3,3,21,dime,27361,m,y,n,y,y,feces,nega,,
1993,rslarrea,1,3,3,21,dime,27361,m,y,n,y,y,si,oode,,1
1993,rslarrea,1,3,3,21,dime,27361,m,y,n,y,y,si,rare,,1
1993,rslarrea,1,3,3,32,dime,27362,m,y,n,y,n,feces,echo,,
1993,rslarrea,1,3,3,32,dime,27362,m,y,n,y,n,feces,eree,,
1993,rslarrea,1,3,3,71,dime,27363,f,y,n,y,n,feces,nega,,
1993,rslarrea,1,3,3,76,remg,27364,f,y,n,y,n,feces,eree,,
1993,rslarrea,1,3,3,81,remg,27365,f,y,n,y,n,feces,nega,,
1993,rslarrea,1,3,3,83,pmtr,27366,m,y,n,y,n,feces,eper,,
1993,rslarrea,1,3,3,10,remg,27367,m,y,n,y,n,feces,eari,,
1993,rslarrea,1,3,3,14,dior,27368,m,y,n,y,n,feces,nega,,
1993,rslarrea,1,3,1,2,remg,27369,f,y,n,y,y,feces,nega,,
1993,rslarrea,1,3,1,11,pgfv,27370,m,y,n,y,n,feces,nega,,
1993,rslarrea,1,3,1,18,onle,27371,f,y,n,y,y,si,mocl,,
1993,rslarrea,1,3,1,18,onle,27371,f,y,n,y,y,feces,nega,,
1993,rslarrea,1,3,1,21,dior,27372,f,y,n,y,y,st,madi,f,1
1993,rslarrea,1,3,1,21,dior,27372,f,y,n,y,y,feces,nega,,
1993,rslarrea,1,3,1,24,pgfv,27373,m,y,n,y,n,feces,nega,,
1993,rslarrea,1,3,1,48,dior,27374,m,y,n,y,n,feces,nega,,
1993,rslarrea,1,3,1,88,remg,27375,m,y,n,y,y,feces,eari,,
1993,rslarrea,1,3,1,88,remg,27375,m,y,n,y,y,st,madi,m,10
1993,rslarrea,1,3,1,88,remg,27375,m,y,n,y,y,st,madi,f,9
1993,rslarrea,2,1,1,36,onle,32743,m,y,n,y,y,feces,nega,,
1993,rslarrea,2,1,1,36,onle,32743,m,y,n,y,y,cc,nema,,
1993,rslarrea,2,1,1,81,pmtr,32744,f,y,y,y,n,ecto,mite,,
1993,rslarrea,2,1,1,81,pmtr,32744,f,y,y,y,n,feces,nega,,
1993,rslarrea,2,1,1,88,sihi,32745,m,y,n,y,y,st,madi,,1
1993,rslarrea,2,1,1,88,sihi,32745,m,y,n,y,y,feces,nega,,
1993,rslarrea,2,1,1,92,pmtr,32746,m,y,n,y,n,feces,eari,,
1993,rslarrea,2,1,1,11,pmtr,32747,f,y,n,y,y,feces,nega,,
1993,rslarrea,2,1,1,11,pmtr,32747,f,y,n,y,y,st,unne,,1
1993,rslarrea,2,1,1,11,onle,32748,m,y,n,y,n,feces,eony,,
1993,rslarrea,2,1,1,12,pmtr,32749,m,y,n,y,n,feces,nega,,
1993,rslarrea,2,1,1,13,onle,32750,f,y,n,y,y,si,mocl,,1
1993,rslarrea,2,1,1,13,onle,32750,f,y,n,y,y,feces,nega,,
1993,rslarrea,2,1,1,13,onle,32750,f,y,n,y,y,st,prsp,,
1993,rslarrea,2,1,1,13,onle,32751,m,y,n,y,n,feces,nega,,
1993,rslarrea,2,1,1,13,pmtr,32752,m,y,y,y,n,feces,eari,,
1993,rslarrea,2,1,1,13,pmtr,32752,m,y,y,y,n,feces,elan,,
1993,rslarrea,2,1,1,13,pmtr,32752,m,y,y,y,n,ecto,mite,,
1993,rslarrea,2,1,1,20,dime,32753,f,y,n,y,y,feces,echo,,
1993,rslarrea,2,1,1,20,dime,32753,f,y,n,y,y,st,madi,m,1
1993,rslarrea,2,1,1,20,dime,32753,f,y,n,y,y,st,madi,f,3
1993,rslarrea,2,1,1,20,dime,32753,f,y,n,y,y,si,ptdi,f,1
1993,rslarrea,2,1,1,23,pgfv,32754,f,y,n,y,n,feces,nega,,
1993,rslarrea,2,1,1,39,dime,32755,m,y,n,y,y,feces,echo,,
1993,rslarrea,2,1,1,39,dime,32755,m,y,n,y,y,st,madi,f,2
1993,rslarrea,2,1,1,39,dime,32755,m,y,n,y,y,si,ptdi,m,3
1993,rslarrea,2,1,1,39,dime,32755,m,y,n,y,y,si,ptdi,f,5
1993,rslarrea,2,1,1,47,remg,32756,m,y,n,y,n,feces,eari,,
1993,rslarrea,2,1,1,51,dime,32757,f,y,n,y,y,feces,echo,,
1993,rslarrea,2,1,1,51,dime,32757,f,y,n,y,y,cc,hede,m,4
1993,rslarrea,2,1,1,51,dime,32757,f,y,n,y,y,cc,hede,f,50
1993,rslarrea,2,1,1,51,dime,32757,f,y,n,y,y,si,ptdi,f,2
1993,rslarrea,2,1,1,51,dime,32757,f,y,n,y,y,si,rare,,1
1993,rslarrea,2,1,1,57,remg,32758,m,y,n,y,y,st,madi,,1
1993,rslarrea,2,1,1,57,remg,32758,m,y,n,y,y,feces,nega,,
1993,rslarrea,2,1,1,59,pgfv,32759,m,y,n,y,n,feces,nega,,
1993,rslarrea,2,1,1,64,dime,32760,f,y,n,y,y,feces,echo,,
1993,rslarrea,2,1,1,64,dime,32760,f,y,n,y,y,st,phma,m,2
1993,rslarrea,2,1,1,67,pgfl,32761,m,y,n,y,n,feces,nega,,
1993,rslarrea,2,1,1,78,pgfv,32763,m,y,n,y,n,feces,nega,,
1993,rslarrea,2,1,1,83,neal,32764,m,y,y,y,n,ecto,cuau,,1
1993,rslarrea,2,1,1,83,neal,32764,m,y,y,y,n,feces,echo,,
1993,rslarrea,2,1,1,95,pgfv,32765,m,y,n,y,n,feces,nega,,
1993,rslarrea,2,1,1,10,pgfv,32766,m,y,n,y,n,feces,nega,,
1993,rslarrea,2,1,1,10,dior,32767,m,y,n,y,y,si,mtsp,,2
1993,rslarrea,2,1,1,10,dior,32767,m,y,n,y,y,feces,nega,,
1993,rslarrea,2,1,1,12,pmtr,32768,m,y,n,y,n,feces,eari,,
1993,rslarrea,2,1,1,12,pmtr,32768,m,y,n,y,n,feces,eper,,
1993,rslarrea,2,1,1,13,remg,32769,f,y,n,y,y,feces,eari,,
1993,rslarrea,2,1,1,13,remg,32769,f,y,n,y,y,st,madi,m,5
1993,rslarrea,2,1,1,13,remg,32769,f,y,n,y,y,st,madi,f,1
1993,rslarrea,2,1,1,13,remg,32770,m,y,n,y,y,feces,eari,,
1993,rslarrea,2,1,1,13,remg,32770,m,y,n,y,y,st,madi,m,9
1993,rslarrea,2,1,1,13,remg,32770,m,y,n,y,y,st,madi,f,12
1993,rslarrea,2,1,1,13,remg,32771,m,y,n,y,y,st,madi,m,5
1993,rslarrea,2,1,1,13,remg,32771,m,y,n,y,y,st,madi,f,7
1993,rslarrea,2,1,1,13,remg,32771,m,y,n,y,y,st,madi,l,6
1993,rslarrea,2,1,1,13,remg,32771,m,y,n,y,y,feces,nega,,
1993,rslarrea,2,1,3,2,pgfv,32772,f,y,n,y,n,feces,nega,,
1993,rslarrea,2,1,3,4,remn,32773,m,y,n,y,n,feces,eari,,
1993,rslarrea,2,1,3,5,neal,32774,m,y,n,y,n,feces,nega,,
1993,rslarrea,2,1,3,7,disp,32775,m,y,n,y,n,feces,nega,,
1993,rslarrea,2,1,3,9,dime,32776,m,y,n,y,y,feces,echo,,
1993,rslarrea,2,1,3,9,dime,32776,m,y,n,y,y,si,ptdi,f,3
1993,rslarrea,2,1,3,19,neal,32777,m,y,n,y,n,feces,ealb,,
1993,rslarrea,2,1,3,35,pgfv,32778,m,y,n,y,n,feces,nega,,
1993,rslarrea,2,1,3,40,pgfv,32779,f,y,n,y,n,feces,nega,,
1993,rslarrea,2,1,3,47,dime,32780,f,y,n,y,y,feces,echo,,
1993,rslarrea,2,1,3,47,dime,32780,f,y,n,y,y,st,madi,f,2
1993,rslarrea,2,1,3,47,dime,32780,f,y,n,y,y,si,ptdi,f,3
1993,rslarrea,2,1,3,53,dime,32781,m,y,n,y,y,feces,echo,,
1993,rslarrea,2,1,3,53,dime,32781,m,y,n,y,y,st,madi,m,7
1993,rslarrea,2,1,3,53,dime,32781,m,y,n,y,y,st,madi,f,10
1993,rslarrea,2,1,3,61,pgfv,32782,m,y,n,y,n,feces,nega,,
1993,rslarrea,2,1,3,71,pmle,32783,m,y,n,y,n,feces,nega,,
1993,rslarrea,2,1,3,94,pgfv,32784,m,y,n,y,n,feces,nega,,
1993,rslarrea,2,1,3,12,dime,32785,m,y,n,y,y,feces,echo,,
1993,rslarrea,2,1,3,12,dime,32785,m,y,n,y,y,st,madi,m,3
1993,rslarrea,2,1,3,12,dime,32785,m,y,n,y,y,st,madi,f,4
1993,rslarrea,2,1,3,12,dime,32785,m,y,n,y,y,si,oode,,1
1993,rslarrea,2,1,3,12,dime,32785,m,y,n,y,y,si,ptdi,f,3
1993,rslarrea,2,1,3,13,remg,32786,f,y,n,y,n,feces,nega,,
1993,rslarrea,2,1,3,14,neal,32787,m,y,n,y,n,feces,nega,,
1993,rslarrea,2,1,3,14,neal,32788,f,y,n,y,y,cc,asac,,15
1993,rslarrea,2,1,3,14,neal,32788,f,y,n,y,y,feces,nega,,
1993,rslarrea,2,2,1,23,onle,32791,f,y,n,y,n,feces,nega,,
1993,rslarrea,2,2,1,36,onle,32792,m,y,n,y,y,feces,eony,,
1993,rslarrea,2,2,1,36,onle,32792,m,y,n,y,y,st,prsp,,
1993,rslarrea,2,2,1,57,onle,32793,f,y,n,y,n,feces,nega,,
1993,rslarrea,2,2,1,64,pmtr,32794,m,y,n,y,n,feces,nega,,
1993,rslarrea,2,2,1,13,pmtr,32795,m,y,n,y,n,feces,nega,,
1993,rslarrea,2,2,1,13,pmtr,32796,f,y,n,y,y,feces,nega,,
1993,rslarrea,2,2,1,13,pmtr,32796,f,y,n,y,y,st,unne,l,
1993,rslarrea,2,2,1,33,neal,32797,f,y,n,y,n,feces,nega,,
1993,rslarrea,2,2,1,46,dime,32798,f,y,n,y,y,feces,echo,,
1993,rslarrea,2,2,1,46,dime,32798,f,y,n,y,y,st,madi,m,1
1993,rslarrea,2,2,1,46,dime,32798,f,y,n,y,y,st,madi,f,1
1993,rslarrea,2,2,1,46,dime,32798,f,y,n,y,y,si,ptdi,f,1
1993,rslarrea,2,2,1,77,neal,32799,m,y,n,y,n,feces,nega,,
1993,rslarrea,2,2,1,84,dior,32800,f,y,n,y,n,feces,nega,,
1993,rslarrea,2,2,1,95,neal,32801,m,y,n,y,n,feces,nega,,
1993,rslarrea,2,2,1,10,dior,32802,f,y,n,y,n,feces,nega,,
1993,rslarrea,2,2,1,10,remg,32803,m,y,n,y,n,feces,eari,,
1993,rslarrea,2,2,1,11,remg,32804,m,y,n,y,n,feces,eari,,
1993,rslarrea,2,2,1,11,pgfv,32805,m,y,n,y,n,feces,nega,,
1993,rslarrea,2,2,3,28,pmtr,32806,m,y,n,y,n,feces,nega,,
1993,rslarrea,2,2,3,79,onle,32807,m,y,n,y,y,feces,eony,,
1993,rslarrea,2,2,3,79,onle,32807,m,y,n,y,y,si,hyns,,
1993,rslarrea,2,2,3,79,onle,32807,m,y,n,y,y,st,prsp,,
1993,rslarrea,2,2,3,96,pmtr,32808,m,y,n,y,n,feces,elan,,
1993,rslarrea,2,2,3,10,or,32809,m,y,n,y,y,feces,nega,,
1993,rslarrea,2,2,3,10,or,32809,m,y,n,y,y,st,nema,,
1993,rslarrea,2,2,3,13,pmtr,32810,m,y,n,y,n,feces,eari,,
1993,rslarrea,2,2,3,39,pmle,32811,m,y,n,y,n,feces,eper,,
1993,rslarrea,2,2,3,58,pmle,32812,f,y,n,y,y,bc,madi,f,14
1993,rslarrea,2,2,3,58,pmle,32812,f,y,n,y,y,feces,nega,,
1993,rslarrea,2,2,3,70,pmle,32813,m,y,n,y,n,feces,nega,,
1993,rslarrea,2,2,3,94,pgfv,32814,f,y,n,y,n,feces,nega,,
1993,rslarrea,2,2,3,13,dime,32815,f,y,n,y,y,st,madi,f,4
1993,rslarrea,2,2,3,13,dime,32815,f,y,n,y,y,feces,nega,,
1993,rslarrea,2,2,3,13,dime,32815,f,y,n,y,y,si,rare,,2
1993,rslarrea,2,2,3,14,neal,32816,f,y,n,y,n,feces,nega,,
1993,rslarrea,2,3,1,13,pmtr,32817,f,y,n,y,y,feces,nega,,
1993,rslarrea,2,3,1,13,pmtr,32817,f,y,n,y,y,cc,oxsp,f,3
1993,rslarrea,2,3,1,43,pgfv,32818,m,y,n,y,n,feces,nega,,
1993,rslarrea,2,3,1,48,dime,32819,m,y,y,y,y,feces,echo,,
1993,rslarrea,2,3,1,48,dime,32819,m,y,y,y,y,ecto,lice,,
1993,rslarrea,2,3,1,48,dime,32819,m,y,y,y,y,st,madi,m,2
1993,rslarrea,2,3,1,48,dime,32819,m,y,y,y,y,st,madi,f,2
1993,rslarrea,2,3,1,48,dime,32819,m,y,y,y,y,si,rare,,1
1993,rslarrea,2,3,1,52,remg,32820,m,y,n,y,y,st,madi,m,1
1993,rslarrea,2,3,1,52,remg,32820,m,y,n,y,y,feces,nega,,
1993,rslarrea,2,3,1,64,disp,32821,m,y,n,y,y,feces,nega,,
1993,rslarrea,2,3,1,64,disp,32821,m,y,n,y,y,si,unce,,
1993,rslarrea,2,3,1,81,dime,32822,f,y,n,y,n,feces,nega,,
1993,rslarrea,2,3,1,94,sihi,32823,m,y,n,y,y,si,alsp,,4
1993,rslarrea,2,3,1,94,sihi,32823,m,y,n,y,y,feces,nega,,
1993,rslarrea,2,3,3,21,pmtr,32824,m,y,n,y,n,feces,eper,,
1993,rslarrea,2,3,3,35,neal,32825,m,y,n,y,n,feces,nega,,
1993,rslarrea,2,3,3,45,remn,32826,m,y,n,y,n,feces,eari,,
1993,rslarrea,2,3,3,55,pmle,32827,m,y,n,y,y,st,madi,f,1
1993,rslarrea,2,3,3,55,pmle,32827,m,y,n,y,y,feces,nega,,
1993,rslarrea,2,3,3,68,pgfv,32828,f,y,n,y,n,feces,nega,,
1993,rslarrea,2,3,3,79,pgfv,32829,m,y,n,y,n,feces,nega,,
1993,rslarrea,2,3,3,95,pmle,32830,m,y,n,y,y,st,madi,f,1
1993,rslarrea,2,3,3,95,pmle,32830,m,y,n,y,y,feces,nega,,
1993,rslarrea,2,3,3,12,dime,32831,m,y,n,y,y,feces,echo,,
1993,rslarrea,2,3,3,12,dime,32831,m,y,n,y,y,st,madi,f,2
1993,rslarrea,2,3,3,12,dime,32831,m,y,n,y,y,si,ptdi,f,1
1994,rslarrea,1,1,1,7,pmle,31588,f,y,n,y,y,st,madi,f,69
1994,rslarrea,1,1,1,7,pmle,31588,f,y,n,y,y,st,madi,m,49
1994,rslarrea,1,1,1,7,pmle,31588,f,y,n,y,y,feces,nega,,
1994,rslarrea,1,1,1,21,pmle,31589,f,y,n,y,y,bc,cest,,
1994,rslarrea,1,1,1,21,pmle,31589,f,y,n,y,y,st,madi,f,3
1994,rslarrea,1,1,1,21,pmle,31589,f,y,n,y,y,st,madi,m,1
1994,rslarrea,1,1,1,21,pmle,31589,f,y,n,y,y,feces,nega,,
1994,rslarrea,1,1,1,21,pmle,31589,f,y,n,y,y,si,phma,m,1
1994,rslarrea,1,1,1,22,pmle,31590,m,y,n,y,y,st,madi,f,5
1994,rslarrea,1,1,1,22,pmle,31590,m,y,n,y,y,st,madi,m,3
1994,rslarrea,1,1,1,22,pmle,31590,m,y,n,y,y,feces,nega,,
1994,rslarrea,1,1,1,23,pgfv,31591,m,y,n,y,n,feces,nega,,
1994,rslarrea,1,1,1,29,pgfv,31592,m,y,y,y,n,ecto,mite,,
1994,rslarrea,1,1,1,29,pgfv,31592,m,y,y,y,n,feces,nega,,
1994,rslarrea,1,1,1,54,nemi,31593,m,y,y,y,y,cc,asac,f,7
1994,rslarrea,1,1,1,54,nemi,31593,m,y,y,y,y,ecto,flea,,
1994,rslarrea,1,1,1,54,nemi,31593,m,y,y,y,y,feces,nega,,
1994,rslarrea,1,1,1,67,dime,31594,m,y,n,y,n,feces,nega,,
1994,rslarrea,1,1,1,72,dime,31595,f,y,y,y,y,feces,echo,,
1994,rslarrea,1,1,1,72,dime,31595,f,y,y,y,y,cc,hede,f,2
1994,rslarrea,1,1,1,72,dime,31595,f,y,y,y,y,ecto,mite,,
1994,rslarrea,1,1,1,72,dime,31595,f,y,y,y,y,st,phma,f,12
1994,rslarrea,1,1,1,72,dime,31595,f,y,y,y,y,st,phma,m,4
1994,rslarrea,1,1,1,81,dime,31596,m,y,y,y,n,ecto,mite,,
1994,rslarrea,1,1,1,81,dime,31596,m,y,y,y,n,feces,nega,,
1994,rslarrea,1,1,1,90,pgfv,31597,f,y,y,y,n,ecto,mite,,
1994,rslarrea,1,1,1,90,pgfv,31597,f,y,y,y,n,feces,nega,,
1994,rslarrea,1,1,1,93,dime,31598,m,y,n,y,y,cc,hede,f,1
1994,rslarrea,1,1,1,93,dime,31598,m,y,n,y,y,st,madi,f,2
1994,rslarrea,1,1,1,93,dime,31598,m,y,n,y,y,feces,nega,,
1994,rslarrea,1,1,1,97,pgfv,31599,f,y,n,y,n,feces,nega,,
1994,rslarrea,1,1,1,10,dime,31600,f,y,n,y,n,feces,echo,,
1994,rslarrea,1,1,1,12,pgfv,31601,m,y,n,y,n,feces,nega,,
1994,rslarrea,1,1,1,14,dior,31602,m,y,y,y,y,ecto,ecga,,
1994,rslarrea,1,1,1,14,dior,31602,m,y,y,y,y,ecto,mite,,
1994,rslarrea,1,1,1,14,dior,31602,m,y,y,y,y,feces,nega,,
1994,rslarrea,1,1,1,14,dior,31602,m,y,y,y,y,cc,trsp,f,1
1994,rslarrea,1,1,1,14,dime,31603,f,y,n,y,n,feces,nega,,
1994,rslarrea,1,1,3,19,dime,31604,f,y,y,y,y,feces,echo,,
1994,rslarrea,1,1,3,19,dime,31604,f,y,y,y,y,feces,emer,,
1994,rslarrea,1,1,3,19,dime,31604,f,y,y,y,y,ecto,lice,,1
1994,rslarrea,1,1,3,19,dime,31604,f,y,y,y,y,ecto,mite,,
1994,rslarrea,1,1,3,41,dime,31605,m,y,y,y,y,feces,echo,,
1994,rslarrea,1,1,3,41,dime,31605,m,y,y,y,y,ecto,mite,,
1994,rslarrea,1,1,3,41,dime,31605,m,y,y,y,y,si,oosp,,2
1994,rslarrea,1,1,3,41,dime,31605,m,y,y,y,y,si,ptdi,f,7
1994,rslarrea,1,1,3,58,remg,31606,f,y,n,y,y,feces,nega,,
1994,rslarrea,1,1,3,58,remg,31606,f,y,n,y,y,st,unne,,2
1994,rslarrea,1,1,3,60,pmle,31607,f,y,n,y,y,st,madi,f,2
1994,rslarrea,1,1,3,60,pmle,31607,f,y,n,y,y,feces,nega,,
1994,rslarrea,1,1,3,68,dime,31608,f,y,n,y,n,feces,nega,,
1994,rslarrea,1,1,3,10,dime,31609,f,y,y,y,y,feces,echo,,
1994,rslarrea,1,1,3,10,dime,31609,f,y,y,y,y,si,ptdi,f,23
1994,rslarrea,1,1,3,10,dime,31609,f,y,y,y,y,cc,ptdi,l,1
1994,rslarrea,1,1,3,10,dime,31609,f,y,y,y,y,st,unne,,1
1994,rslarrea,1,1,3,14,dime,31610,m,y,y,y,y,cc,hede,f,4
1994,rslarrea,1,1,3,14,dime,31610,m,y,y,y,y,st,madi,f,2
1994,rslarrea,1,1,3,14,dime,31610,m,y,y,y,y,ecto,mite,,
1994,rslarrea,1,1,3,14,dime,31610,m,y,y,y,y,feces,nega,,
1994,rslarrea,1,2,1,3,pgfv,31614,f,y,n,y,n,feces,nega,,
1994,rslarrea,1,2,1,22,dime,31615,f,y,y,y,y,feces,echo,,
1994,rslarrea,1,2,1,22,dime,31615,f,y,y,y,y,ecto,mite,,
1994,rslarrea,1,2,1,22,dime,31615,f,y,y,y,y,si,ptdi,f,2
1994,rslarrea,1,2,1,22,dime,31615,f,y,y,y,y,cc,trsp,m,1
1994,rslarrea,1,2,1,25,pmle,31616,f,y,n,y,y,st,madi,m,8
1994,rslarrea,1,2,1,25,pmle,31616,f,y,n,y,y,st,madi,f,23
1994,rslarrea,1,2,1,25,pmle,31616,f,y,n,y,y,si,madi,f,4
1994,rslarrea,1,2,1,25,pmle,31616,f,y,n,y,y,feces,nega,,
1994,rslarrea,1,2,1,77,pgfv,31617,m,y,n,y,n,feces,nega,,
1994,rslarrea,1,2,1,95,pmtr,31618,m,y,n,y,n,feces,nega,,
1994,rslarrea,1,2,1,11,dime,31619,m,y,n,y,n,feces,nega,,
1994,rslarrea,1,2,1,13,pgfv,31620,m,y,n,y,n,feces,nega,,
1994,rslarrea,1,2,3,23,dior,31621,m,y,n,y,y,feces,echo,,
1994,rslarrea,1,2,3,35,dior,31622,m,y,n,y,y,cc,hede,f,6
1994,rslarrea,1,2,3,35,dior,31622,m,y,n,y,y,feces,nega,,
1994,rslarrea,1,2,3,42,dime,31623,f,y,y,y,y,si,cest,,1
1994,rslarrea,1,2,3,42,dime,31623,f,y,y,y,y,feces,echo,,
1994,rslarrea,1,2,3,42,dime,31623,f,y,y,y,y,ecto,mite,,
1994,rslarrea,1,2,3,42,dime,31623,f,y,y,y,y,si,nema,,4
1994,rslarrea,1,2,3,59,pgfv,31624,f,y,n,y,n,feces,nega,,
1994,rslarrea,1,2,3,71,dime,31625,m,y,y,y,n,feces,echo,,
1994,rslarrea,1,2,3,71,dime,31625,m,y,y,y,n,ecto,mite,,
1994,rslarrea,1,2,3,92,pgfv,31626,m,y,y,y,n,ecto,mite,,
1994,rslarrea,1,2,3,92,pgfv,31626,m,y,y,y,n,feces,nega,,
1994,rslarrea,1,2,3,96,dime,31627,m,y,y,y,y,ecto,ecga,,
1994,rslarrea,1,2,3,96,dime,31627,m,y,y,y,y,feces,echo,,
1994,rslarrea,1,2,3,96,dime,31627,m,y,y,y,y,ecto,mite,,
1994,rslarrea,1,2,3,96,dime,31627,m,y,y,y,y,st,unne,,7
1994,rslarrea,1,2,3,10,pgfv,31628,f,y,n,y,n,feces,nega,,
1994,rslarrea,1,2,3,11,pgfv,31629,m,y,n,y,n,feces,nega,,
1994,rslarrea,1,2,3,11,dime,31630,f,y,n,y,n,feces,nega,,
1994,rslarrea,1,3,1,36,dime,31631,m,y,n,y,n,feces,nega,,
1994,rslarrea,1,3,1,68,remn,31632,f,y,n,y,y,feces,eari,,
1994,rslarrea,1,3,1,68,remn,31632,f,y,n,y,y,st,unne,l,1
1994,rslarrea,1,3,1,21,pmle,31633,m,y,n,y,n,feces,nega,,
1994,rslarrea,1,3,1,60,dior,31634,f,y,y,y,n,ecto,mite,,
1994,rslarrea,1,3,1,60,dior,31634,f,y,y,y,n,feces,nega,,
1994,rslarrea,1,3,1,60,dior,31634,f,y,y,y,n,ecto,tick,,
1994,rslarrea,1,3,3,11,pgfv,31635,f,y,n,y,n,feces,nega,,
1994,rslarrea,1,3,3,47,pgfv,31636,f,y,y,y,n,ecto,mite,,
1994,rslarrea,1,3,3,47,pgfv,31636,f,y,y,y,n,feces,nega,,
1994,rslarrea,1,3,3,23,pgfv,31637,f,y,n,y,n,feces,nega,,
1994,rslarrea,3,1,1,21,dime,31894,m,y,n,y,y,st,madi,f,12
1994,rslarrea,3,1,1,21,dime,31894,m,y,n,y,y,feces,nega,,
1994,rslarrea,3,1,1,35,pgfv,31895,f,y,n,y,n,feces,nega,,
1994,rslarrea,3,1,1,71,dime,31896,f,y,y,y,y,st,madi,f,3
1994,rslarrea,3,1,1,71,dime,31896,f,y,y,y,y,feces,nega,,
1994,rslarrea,3,1,1,71,dime,31896,f,y,y,y,y,st,ptdi,f,1
1994,rslarrea,3,1,1,71,dime,31896,f,y,y,y,y,ecto,thac,,
1994,rslarrea,3,1,1,93,dime,31897,m,y,y,y,y,cc,hede,f,2
1994,rslarrea,3,1,1,93,dime,31897,m,y,y,y,y,ecto,mear,,
1994,rslarrea,3,1,1,93,dime,31897,m,y,y,y,y,feces,nega,,
1994,rslarrea,3,1,1,93,dime,31897,m,y,y,y,y,si,ptdi,f,4
1994,rslarrea,3,1,1,117,dime,31898,m,y,n,y,y,st,madi,f,1
1994,rslarrea,3,1,1,117,dime,31898,m,y,n,y,y,si,madi,f,1
1994,rslarrea,3,1,1,117,dime,31898,m,y,n,y,y,feces,nega,,
1994,rslarrea,3,1,1,145,dime,31899,f,y,n,y,n,feces,nega,,
1994,rslarrea,3,1,1,84,pgfl,31900,m,y,y,y,n,feces,,,
1994,rslarrea,3,1,1,120,dime,31901,f,y,n,y,y,si,madi,l,1
1994,rslarrea,3,1,1,120,dime,31901,f,y,n,y,y,feces,nega,,
1994,rslarrea,3,1,1,120,dime,31901,f,y,n,y,y,si,ptdi,f,2
1994,rslarrea,3,1,1,45,dime,31902,m,y,n,y,n,feces,esch,,
1994,rslarrea,3,1,1,140,dime,31903,m,y,n,y,y,feces,nega,,
1994,rslarrea,3,1,1,140,dime,31903,m,y,n,y,y,cc,trsp,f,2
1994,rslarrea,3,1,1,140,dime,31903,m,y,n,y,y,si,unce,,1
1994,rslarrea,3,1,1,99,pgfv,31904,m,y,n,y,n,feces,nega,,
1994,rslarrea,3,1,1,4,pgfv,31905,f,y,n,y,n,feces,nega,,
1994,rslarrea,3,1,1,8,pgfv,31906,f,y,n,y,n,feces,nega,,
1994,rslarrea,3,1,1,10,dime,31907,f,y,n,y,y,feces,nega,,
1994,rslarrea,3,1,1,10,dime,31907,f,y,n,y,y,st,phma,m,1
1994,rslarrea,3,1,1,10,dime,31907,f,y,n,y,y,si,ptdi,f,2
1994,rslarrea,3,1,3,70,dime,31908,f,y,n,y,y,st,madi,f,1
1994,rslarrea,3,1,3,70,dime,31908,f,y,n,y,y,feces,nega,,
1994,rslarrea,3,1,3,70,dime,31908,f,y,n,y,y,si,ptdi,f,1
1994,rslarrea,3,1,3,70,dime,31908,f,y,n,y,y,cc,unne,,1
1994,rslarrea,3,1,3,18,pgfv,31909,m,y,n,y,n,feces,nega,,
1994,rslarrea,3,1,3,30,dime,31910,f,y,n,y,y,st,madi,f,1
1994,rslarrea,3,1,3,30,dime,31910,f,y,n,y,y,feces,nega,,
1994,rslarrea,3,1,3,36,dime,31911,m,y,n,y,y,feces,nega,,
1994,rslarrea,3,1,3,36,dime,31911,m,y,n,y,y,si,ptdi,f,4
1994,rslarrea,3,1,3,35,dime,31912,f,y,n,y,n,feces,nega,,
1994,rslarrea,3,1,3,47,dime,31913,f,y,n,y,n,feces,nega,,
1994,rslarrea,3,1,3,12,dime,31914,f,y,n,y,y,feces,echo,,
1994,rslarrea,3,1,3,12,dime,31914,f,y,n,y,y,si,madi,m,1
1994,rslarrea,3,1,3,12,dime,31914,f,y,n,y,y,si,ptdi,f,1
1994,rslarrea,3,1,3,12,dime,31914,f,y,n,y,y,st,unne,l,1
1994,rslarrea,3,1,3,21,dime,31915,m,y,y,y,y,feces,echo,,
1994,rslarrea,3,1,3,21,dime,31915,m,y,y,y,y,ecto,mear,,
1994,rslarrea,3,1,3,21,dime,31915,m,y,y,y,y,si,oode,,1
1994,rslarrea,3,1,3,10,dime,31917,f,y,n,y,n,feces,echo,,
1994,rslarrea,3,1,3,14,dime,31918,m,y,n,y,n,feces,nega,,
1994,rslarrea,3,2,1,71,dime,31923,f,y,n,y,y,feces,nega,,
1994,rslarrea,3,2,1,71,dime,31923,f,y,n,y,y,cc,trsp,f,1
1994,rslarrea,3,2,1,82,dime,31924,f,y,y,y,y,cc,hede,f,1
1994,rslarrea,3,2,1,82,dime,31924,f,y,y,y,y,st,madi,f,1
1994,rslarrea,3,2,1,82,dime,31924,f,y,y,y,y,ecto,mear,,
1994,rslarrea,3,2,1,82,dime,31924,f,y,y,y,y,ecto,mepa,,
1994,rslarrea,3,2,1,82,dime,31924,f,y,y,y,y,feces,nega,,
1994,rslarrea,3,2,1,11,dime,31925,f,y,n,y,y,st,madi,f,2
1994,rslarrea,3,2,1,11,dime,31925,f,y,n,y,y,feces,nega,,
1994,rslarrea,3,2,1,19,dime,31926,f,y,n,y,y,cc,hede,f,14
1994,rslarrea,3,2,1,19,dime,31926,f,y,n,y,y,feces,nega,,
1994,rslarrea,3,2,1,14,dime,31927,m,y,y,y,n,ecto,anno,,
1994,rslarrea,3,2,1,14,dime,31927,m,y,y,y,n,feces,nega,,
1994,rslarrea,3,2,1,24,pgfv,31928,f,y,n,y,y,feces,nega,,
1994,rslarrea,3,2,1,24,pgfv,31928,f,y,n,y,y,cc,unne,,1
1994,rslarrea,3,2,3,47,dime,31929,f,y,n,y,n,feces,nega,,
1994,rslarrea,3,2,3,96,pgfv,31930,f,y,n,y,n,feces,nega,,
1994,rslarrea,3,2,3,13,pgfv,31931,m,y,n,y,n,feces,nega,,
1994,rslarrea,3,2,3,28,pgfv,31932,f,y,n,y,n,feces,nega,,
1994,rslarrea,3,2,3,14,neal,31933,m,y,y,y,n,ecto,cuau,,1
1994,rslarrea,3,2,3,14,neal,31933,m,y,y,y,n,feces,nega,,
1994,rslarrea,3,2,3,14,neal,31933,m,y,y,y,n,ecto,orag,,
1994,rslarrea,3,3,1,14,pgfv,31935,f,y,n,y,n,feces,nega,,
1994,rslarrea,3,3,1,82,pgfv,31936,f,y,n,y,n,feces,nega,,
1994,rslarrea,3,3,1,70,pgfv,31937,m,y,n,y,n,feces,nega,,
1994,rslarrea,3,3,1,35,dime,31938,f,y,y,y,y,st,madi,f,2
1994,rslarrea,3,3,1,35,dime,31938,f,y,y,y,y,ecto,mear,,
1994,rslarrea,3,3,1,35,dime,31938,f,y,y,y,y,feces,nega,,
1994,rslarrea,3,3,1,35,dime,31938,f,y,y,y,y,cc,trsp,,1
1994,rslarrea,3,3,1,10,dime,31939,m,y,y,y,y,si,oosp,,4
1994,rslarrea,3,3,1,10,dime,31939,m,y,y,y,y,cc,trsp,m,20
1994,rslarrea,3,3,1,10,dime,31939,m,y,y,y,y,cc,trsp,f,38
1994,rslarrea,3,3,3,12,onle,31940,m,y,n,y,y,si,mocl,,2
1994,rslarrea,3,3,3,12,onle,31940,m,y,n,y,y,st,prsp,,2
1994,rslarrea,3,3,3,35,neal,31941,m,y,n,y,n,feces,nega,,
1994,rslarrea,3,3,3,24,pgfv,31942,f,y,n,y,n,feces,nega,,
1994,rslarrea,3,3,3,10,pgfv,31943,f,y,n,y,n,feces,nega,,
1995,rslarrea,3,1,1,4,pgfv,33902,m,y,n,y,n,feces,nega,,
1995,rslarrea,3,1,1,6,dime,33903,m,y,y,y,y,cc,hede,f,2
1995,rslarrea,3,1,1,6,dime,33903,m,y,y,y,y,st,madi,f,1
1995,rslarrea,3,1,1,6,dime,33903,m,y,y,y,y,ecto,mite,,
1995,rslarrea,3,1,1,6,dime,33903,m,y,y,y,y,feces,nega,,
1995,rslarrea,3,1,1,6,dime,33903,m,y,y,y,y,ecto,tick,,5
1995,rslarrea,3,1,1,36,dime,33904,m,y,n,y,n,feces,echo,,
1995,rslarrea,3,1,1,42,pgfv,33905,f,y,n,y,n,feces,nega,,
1995,rslarrea,3,1,1,72,dime,33906,m,y,n,y,y,feces,nega,,
1995,rslarrea,3,1,1,72,dime,33906,m,y,n,y,y,st,phma,m,3
1995,rslarrea,3,1,1,72,dime,33906,m,y,n,y,y,st,phma,f,1
1995,rslarrea,3,1,1,72,dime,33906,m,y,n,y,y,st,ptdi,f,5
1995,rslarrea,3,1,1,94,dime,33907,m,y,y,y,y,st,madi,f,2
1995,rslarrea,3,1,1,94,dime,33907,m,y,y,y,y,feces,nega,,
1995,rslarrea,3,1,1,94,dime,33907,m,y,y,y,y,si,ptdi,f,8
1995,rslarrea,3,1,1,94,dime,33907,m,y,y,y,y,ecto,tick,,4
1995,rslarrea,3,1,1,14,pgfv,33908,f,y,y,y,n,feces,nega,,
1995,rslarrea,3,1,1,14,pgfv,33908,f,y,y,y,n,ecto,tick,,8
1995,rslarrea,3,1,1,14,dime,33909,f,y,n,y,y,cc,hede,f,4
1995,rslarrea,3,1,1,14,dime,33909,f,y,n,y,y,st,madi,l,4
1995,rslarrea,3,1,1,14,dime,33909,f,y,n,y,y,feces,nega,,
1995,rslarrea,3,1,1,14,dime,33909,f,y,n,y,y,si,ptdi,f,12
1995,rslarrea,3,1,3,11,dime,33910,f,y,n,y,n,feces,nega,,
1995,rslarrea,3,1,3,41,dime,33911,m,y,y,y,y,cc,hede,f,17
1995,rslarrea,3,1,3,41,dime,33911,m,y,y,y,y,feces,nega,,
1995,rslarrea,3,1,3,41,dime,33911,m,y,y,y,y,st,pras,,6
1995,rslarrea,3,1,3,41,dime,33911,m,y,y,y,y,st,pras,l,8
1995,rslarrea,3,1,3,41,dime,33911,m,y,y,y,y,ecto,tick,,3
1995,rslarrea,3,1,3,60,dime,33912,m,y,y,y,y,feces,echo,,
1995,rslarrea,3,1,3,60,dime,33912,m,y,y,y,y,st,madi,m,1
1995,rslarrea,3,1,3,60,dime,33912,m,y,y,y,y,st,madi,f,1
1995,rslarrea,3,1,3,60,dime,33912,m,y,y,y,y,si,ptdi,f,1
1995,rslarrea,3,1,3,60,dime,33912,m,y,y,y,y,ecto,tick,,8
1995,rslarrea,3,1,3,68,dime,33913,f,y,n,y,y,st,madi,f,10
1995,rslarrea,3,1,3,68,dime,33913,f,y,n,y,y,feces,nega,,
1995,rslarrea,3,1,3,82,pgfv,33914,m,y,n,y,y,st,madi,m,12
1995,rslarrea,3,1,3,82,pgfv,33914,m,y,n,y,y,st,madi,f,23
1995,rslarrea,3,1,3,82,pgfv,33914,m,y,n,y,y,feces,nega,,
1995,rslarrea,3,1,3,83,dime,33915,f,y,n,y,y,feces,nega,,
1995,rslarrea,3,1,3,83,dime,33915,f,y,n,y,y,si,ptdi,f,2
1995,rslarrea,3,1,3,11,dime,33916,f,y,y,y,y,cc,hede,f,30
1995,rslarrea,3,1,3,11,dime,33916,f,y,y,y,y,st,madi,f,19
1995,rslarrea,3,1,3,11,dime,33916,f,y,y,y,y,feces,nega,,
1995,rslarrea,3,1,3,11,dime,33916,f,y,y,y,y,ecto,tick,,4
1995,rslarrea,3,1,3,14,dime,33917,m,y,n,y,y,st,madi,f,8
1995,rslarrea,3,1,3,14,dime,33917,m,y,n,y,y,feces,unsp,,
1995,rslarrea,3,1,1,12,pmle,33918,f,y,n,y,y,st,madi,m,4
1995,rslarrea,3,1,1,12,pmle,33918,f,y,n,y,y,st,madi,f,22
1995,rslarrea,3,1,1,12,pmle,33918,f,y,n,y,y,feces,nega,,
1995,rslarrea,3,1,1,12,pmle,33918,f,y,n,y,y,si,ptco,f,3
1995,rslarrea,3,1,1,29,pmle,33919,f,y,n,y,n,feces,nega,,
1995,rslarrea,3,1,1,11,onle,33920,f,y,n,y,y,si,mocl,,3
1995,rslarrea,3,1,1,11,onle,33920,f,y,n,y,y,feces,nega,,
1995,rslarrea,3,1,1,11,onle,33920,f,y,n,y,y,si,nema,,1
1995,rslarrea,3,1,1,11,onle,33920,f,y,n,y,y,bc,nema,,6
1995,rslarrea,3,1,1,11,onle,33920,f,y,n,y,y,st,prsp,,5
1995,rslarrea,3,1,3,4,remg,33921,m,y,n,y,n,feces,nega,,
1995,rslarrea,3,1,3,5,neal,33922,m,y,n,y,n,feces,nega,,
1995,rslarrea,3,1,3,12,neal,33923,m,y,n,y,n,feces,nega,,
1995,rslarrea,3,2,5,82,pmle,33925,f,y,n,y,y,st,madi,f,1
1995,rslarrea,3,2,5,82,pmle,33925,f,y,n,y,y,feces,nega,,
1995,rslarrea,3,2,2,35,neal,33926,f,y,y,y,n,feces,nega,,
1995,rslarrea,3,2,1,11,pmle,33927,f,y,n,y,y,st,madi,m,1
1995,rslarrea,3,2,1,11,pmle,33927,f,y,n,y,y,st,madi,f,20
1995,rslarrea,3,2,1,11,pmle,33927,f,y,n,y,y,feces,nega,,
1995,rslarrea,3,2,3,67,remg,33928,m,y,n,y,n,feces,nega,,
1995,rslarrea,3,2,3,90,onle,33929,m,y,n,y,n,feces,nega,,
1995,rslarrea,3,2,1,93,dime,33930,f,y,y,y,y,feces,echo,,
1995,rslarrea,3,2,1,93,dime,33930,f,y,y,y,y,cc,hede,f,2
1995,rslarrea,3,2,1,93,dime,33930,f,y,y,y,y,st,madi,f,2
1995,rslarrea,3,2,1,93,dime,33930,f,y,y,y,y,si,ptdi,f,19
1995,rslarrea,3,2,1,93,dime,33930,f,y,y,y,y,ecto,tick,,6
1995,rslarrea,3,2,1,16,dime,33931,f,y,n,y,y,st,madi,f,9
1995,rslarrea,3,2,1,16,dime,33931,f,y,n,y,y,feces,nega,,
1995,rslarrea,3,2,3,20,dime,33932,m,y,n,y,y,cc,hede,f,3
1995,rslarrea,3,2,3,20,dime,33932,m,y,n,y,y,st,madi,f,12
1995,rslarrea,3,2,3,20,dime,33932,m,y,n,y,y,feces,nega,,
1995,rslarrea,3,2,3,11,dime,33933,m,y,n,y,y,st,madi,f,30
1995,rslarrea,3,2,3,11,dime,33933,m,y,n,y,y,si,madi,l,3
1995,rslarrea,3,2,3,11,dime,33933,m,y,n,y,y,cc,madi,l,3
1995,rslarrea,3,2,3,11,dime,33933,m,y,n,y,y,feces,nega,,
1995,rslarrea,3,2,3,11,dime,33933,m,y,n,y,y,si,oosp,,1
1995,rslarrea,3,2,3,12,dime,33934,f,y,n,y,y,st,madi,f,5
1995,rslarrea,3,2,3,12,dime,33934,f,y,n,y,y,st,madi,m,1
1995,rslarrea,3,2,3,12,dime,33934,f,y,n,y,y,feces,nega,,
1995,rslarrea,3,3,3,10,onle,33937,f,y,y,y,n,feces,nega,,
1995,rslarrea,3,3,3,10,onle,33937,f,y,y,y,n,ecto,tick,,2
1995,rslarrea,3,3,1,12,pmle,33938,f,y,n,y,y,st,madi,f,2
1995,rslarrea,3,3,1,12,pmle,33938,f,y,n,y,y,feces,nega,,
1995,rslarrea,3,3,1,12,pmle,33938,f,y,n,y,y,si,pras,,1
1995,rslarrea,3,3,1,12,pmle,33938,f,y,n,y,y,bc,pras,f,38
1995,rslarrea,3,3,1,12,pmle,33938,f,y,n,y,y,bc,pras,m,14
1995,rslarrea,3,3,1,3,pmtr,33939,f,y,n,y,n,feces,nega,,
1995,rslarrea,1,1,1,2,pgfl,34319,f,y,n,y,n,feces,nega,,
1995,rslarrea,1,1,1,7,neal,34320,m,y,y,y,n,feces,nega,,
1995,rslarrea,1,1,1,7,neal,34320,m,y,y,y,n,ecto,neno,,6
1995,rslarrea,1,1,1,15,onle,34321,m,y,n,y,y,si,hyns,,4
1995,rslarrea,1,1,1,15,onle,34321,m,y,n,y,y,feces,nega,,
1995,rslarrea,1,1,1,15,onle,34321,m,y,n,y,y,si,nema,,2
1995,rslarrea,1,1,1,15,onle,34321,m,y,n,y,y,cc,nema,,1
1995,rslarrea,1,1,1,19,pmtr,34322,f,y,y,y,y,feces,nega,,
1995,rslarrea,1,1,1,19,pmtr,34322,f,y,y,y,y,ecto,orle,,1
1995,rslarrea,1,1,1,19,pmtr,34322,f,y,y,y,y,bc,ptdi,f,1
1995,rslarrea,1,1,1,21,dime,34323,f,y,y,y,y,ecto,mite,,
1995,rslarrea,1,1,1,21,dime,34323,f,y,y,y,y,ecto,mite,,
1995,rslarrea,1,1,1,21,dime,34323,f,y,y,y,y,feces,nega,,
1995,rslarrea,1,1,1,21,dime,34323,f,y,y,y,y,si,nema,,9
1995,rslarrea,1,1,1,21,dime,34323,f,y,y,y,y,si,ptdi,f,9
1995,rslarrea,1,1,1,27,pgfl,34324,f,y,n,y,n,feces,nega,,
1995,rslarrea,1,1,1,32,pgfv,34325,f,y,n,y,n,feces,nega,,
1995,rslarrea,1,1,1,33,remn,34326,m,y,n,y,n,feces,nega,,
1995,rslarrea,1,1,1,42,pmtr,34327,m,y,n,y,n,feces,nega,,
1995,rslarrea,1,1,1,44,remg,34328,m,y,n,y,y,st,madi,f,3
1995,rslarrea,1,1,1,44,remg,34328,m,y,n,y,y,feces,nega,,
1995,rslarrea,1,1,1,48,pgfv,34329,m,y,n,y,n,feces,nega,,
1995,rslarrea,1,1,1,52,neal,34330,m,y,y,y,n,ecto,anno,,2
1995,rslarrea,1,1,1,52,neal,34330,m,y,y,y,n,ecto,ecga,,6
1995,rslarrea,1,1,1,52,neal,34330,m,y,y,y,n,ecto,mite,,
1995,rslarrea,1,1,1,52,neal,34330,m,y,y,y,n,feces,nega,,
1995,rslarrea,1,1,1,54,dime,34331,m,y,y,y,y,ecto,mite,,
1995,rslarrea,1,1,1,54,dime,34331,m,y,y,y,y,feces,nega,,
1995,rslarrea,1,1,1,54,dime,34331,m,y,y,y,y,si,ptdi,f,1
1995,rslarrea,1,1,1,67,pmtr,34332,f,y,n,y,y,feces,nega,,
1995,rslarrea,1,1,1,67,pmtr,34332,f,y,n,y,y,bc,nema,,1
1995,rslarrea,1,1,1,70,pgfl,34333,m,y,n,y,n,feces,nega,,
1995,rslarrea,1,1,1,71,dime,34334,f,y,n,y,n,feces,echo,,
1995,rslarrea,1,1,1,82,dime,34335,f,y,n,y,y,st,madi,f,1
1995,rslarrea,1,1,1,82,dime,34335,f,y,n,y,y,feces,nega,,
1995,rslarrea,1,1,1,83,dime,34336,f,y,y,y,y,cc,hede,f,1
1995,rslarrea,1,1,1,83,dime,34336,f,y,y,y,y,ecto,mite,,
1995,rslarrea,1,1,1,83,dime,34336,f,y,y,y,y,feces,nega,,
1995,rslarrea,1,1,1,84,pmtr,34337,m,y,n,y,y,feces,nega,,
1995,rslarrea,1,1,1,84,pmtr,34337,m,y,n,y,y,si,unce,l,7
1995,rslarrea,1,1,1,84,pmtr,34337,m,y,n,y,y,cc,unne,l,1
1995,rslarrea,1,1,1,89,or,34338,f,y,y,y,y,st,hede,m,1
1995,rslarrea,1,1,1,89,or,34338,f,y,y,y,y,st,hede,f,1
1995,rslarrea,1,1,1,89,or,34338,f,y,y,y,y,ecto,lice,,10
1995,rslarrea,1,1,1,89,or,34338,f,y,y,y,y,feces,nega,,
1995,rslarrea,1,1,1,89,or,34338,f,y,y,y,y,ecto,orle,,1
1995,rslarrea,1,1,1,89,or,34338,f,y,y,y,y,st,prsp,,
1995,rslarrea,1,1,1,91,pmtr,34339,m,y,n,y,y,cc,madi,l,
1995,rslarrea,1,1,1,91,pmtr,34339,m,y,n,y,y,feces,nega,,
1995,rslarrea,1,1,1,10,dime,34341,m,y,n,y,n,feces,nega,,
1995,rslarrea,1,1,1,10,pgfl,34342,m,y,y,y,n,ecto,mite,,
1995,rslarrea,1,1,1,10,pgfl,34342,m,y,y,y,n,feces,nega,,
1995,rslarrea,1,1,1,10,pmtr,34343,f,y,y,y,n,ecto,lice,,3
1995,rslarrea,1,1,1,10,pmtr,34343,f,y,y,y,n,feces,nega,,
1995,rslarrea,1,1,1,10,pmtr,34343,f,y,y,y,n,ecto,orle,,3
1995,rslarrea,1,1,1,11,pmtr,34344,m,y,n,y,n,feces,nega,,
1995,rslarrea,1,1,1,11,dime,34345,f,y,y,y,y,cc,hede,m,1
1995,rslarrea,1,1,1,11,dime,34345,f,y,y,y,y,st,madi,,1
1995,rslarrea,1,1,1,11,dime,34345,f,y,y,y,y,ecto,mite,,
1995,rslarrea,1,1,1,11,dime,34345,f,y,y,y,y,feces,nega,,
1995,rslarrea,1,1,1,11,pmtr,34346,m,y,n,y,n,feces,nega,,
1995,rslarrea,1,1,1,12,pmtr,34347,m,y,n,y,y,feces,eari,,
1995,rslarrea,1,1,1,12,pmtr,34347,m,y,n,y,y,bc,unne,l,11
1995,rslarrea,1,1,1,12,neal,34348,m,y,y,y,n,ecto,anno,,1
1995,rslarrea,1,1,1,12,neal,34348,m,y,y,y,n,feces,nega,,
1995,rslarrea,1,1,1,13,onle,34349,f,y,n,y,n,feces,nega,,
1995,rslarrea,1,1,1,13,dime,34350,m,y,y,y,y,cc,hede,f,1
1995,rslarrea,1,1,1,13,dime,34350,m,y,y,y,y,st,madi,f,1
1995,rslarrea,1,1,1,13,dime,34350,m,y,y,y,y,ecto,mite,,
1995,rslarrea,1,1,1,13,dime,34350,m,y,y,y,y,feces,nega,,
1995,rslarrea,1,1,1,46,dior,34351,f,y,y,y,n,ecto,mite,,
1995,rslarrea,1,1,1,46,dior,34351,f,y,y,y,n,feces,nega,,
1995,rslarrea,1,1,1,14,dime,34352,m,y,y,y,y,cc,hede,f,2
1995,rslarrea,1,1,1,14,dime,34352,m,y,y,y,y,ecto,mite,,
1995,rslarrea,1,1,1,14,dime,34352,m,y,y,y,y,feces,nega,,
1995,rslarrea,1,1,3,14,pgfv,34353,f,y,n,y,n,feces,nega,,
1995,rslarrea,1,1,3,21,dime,34354,m,y,n,y,n,feces,nega,,
1995,rslarrea,1,1,3,30,dime,34355,f,y,n,y,n,feces,nega,,
1995,rslarrea,1,1,3,35,neal,34356,m,y,n,y,n,feces,nega,,
1995,rslarrea,1,1,3,44,neal,34357,f,y,y,y,n,feces,nega,,
1995,rslarrea,1,1,3,44,neal,34357,f,y,y,y,n,ecto,neno,,1
1995,rslarrea,1,1,3,47,dime,34358,f,y,n,y,y,st,madi,f,1
1995,rslarrea,1,1,3,47,dime,34358,f,y,n,y,y,feces,nega,,
1995,rslarrea,1,1,3,58,dime,34359,m,y,n,y,n,feces,nega,,
1995,rslarrea,1,1,3,59,dime,34360,f,y,y,y,y,feces,edip,,
1995,rslarrea,1,1,3,59,dime,34360,f,y,y,y,y,st,madi,m,1
1995,rslarrea,1,1,3,59,dime,34360,f,y,y,y,y,st,madi,f,2
1995,rslarrea,1,1,3,59,dime,34360,f,y,y,y,y,ecto,mite,,
1995,rslarrea,1,1,3,71,dime,34361,m,y,y,y,y,ecto,mite,,
1995,rslarrea,1,1,3,71,dime,34361,m,y,y,y,y,feces,nega,,
1995,rslarrea,1,1,3,71,dime,34361,m,y,y,y,y,si,ptdi,f,6
1995,rslarrea,1,1,3,95,neal,34362,f,y,y,y,n,feces,nega,,
1995,rslarrea,1,1,3,95,neal,34362,f,y,y,y,n,ecto,neno,,3
1995,rslarrea,1,1,3,10,dime,34363,f,y,n,y,y,feces,edip,,
1995,rslarrea,1,1,3,10,dime,34363,f,y,n,y,y,si,ptdi,f,10
1995,rslarrea,1,1,3,10,dime,34363,f,y,n,y,y,cc,unne,,
1995,rslarrea,1,1,3,11,dime,34364,f,y,y,y,y,feces,edip,,
1995,rslarrea,1,1,3,11,dime,34364,f,y,y,y,y,si,madi,f,1
1995,rslarrea,1,1,3,11,dime,34364,f,y,y,y,y,ecto,mite,,
1995,rslarrea,1,1,3,11,dime,34364,f,y,y,y,y,si,ptdi,f,2
1995,rslarrea,1,1,3,11,dime,34364,f,y,y,y,y,bc,ptdi,f,6
1995,rslarrea,1,1,3,11,dime,34365,m,y,y,y,n,ecto,mite,,
1995,rslarrea,1,1,3,11,dime,34365,m,y,y,y,n,feces,nega,,
1995,rslarrea,1,1,3,12,dime,34366,m,y,y,y,y,feces,edip,,
1995,rslarrea,1,1,3,12,dime,34366,m,y,y,y,y,ecto,mite,,
1995,rslarrea,1,1,3,12,dime,34367,m,y,n,y,n,feces,nega,,
1995,rslarrea,1,1,3,12,dime,34368,m,y,y,y,y,ecto,mite,,
1995,rslarrea,1,1,3,12,dime,34368,m,y,y,y,y,feces,nega,,
1995,rslarrea,1,1,3,12,dime,34368,m,y,y,y,y,si,oosp,,2
1995,rslarrea,1,1,3,12,dime,34368,m,y,y,y,y,cc,trsp,m,3
1995,rslarrea,1,1,3,12,dime,34368,m,y,y,y,y,cc,trsp,f,4
1995,rslarrea,1,1,3,12,dior,34369,f,y,y,y,n,feces,ebal,,
1995,rslarrea,1,1,3,12,dior,34369,f,y,y,y,n,ecto,mite,,1
1995,rslarrea,1,1,3,13,dime,34370,f,y,n,y,n,feces,echo,,
1995,rslarrea,1,1,3,13,dior,34371,m,y,n,y,n,feces,nega,,
1995,rslarrea,1,2,1,8,remg,34383,f,y,n,y,n,feces,nega,,
1995,rslarrea,1,2,1,44,remn,34384,m,y,n,y,n,feces,nega,,
1995,rslarrea,1,2,1,71,dior,34385,f,y,y,y,y,feces,ebal,,
1995,rslarrea,1,2,1,71,dior,34385,f,y,y,y,y,cc,hede,m,43
1995,rslarrea,1,2,1,71,dior,34385,f,y,y,y,y,cc,hede,f,51
1995,rslarrea,1,2,1,71,dior,34385,f,y,y,y,y,ecto,mite,,1
1995,rslarrea,1,2,1,71,dior,34385,f,y,y,y,y,si,unne,l,1
1995,rslarrea,1,2,1,75,dior,34386,f,y,n,y,n,feces,nega,,
1995,rslarrea,1,2,1,83,onle,34387,m,y,y,y,n,ecto,mite,,
1995,rslarrea,1,2,1,83,onle,34387,m,y,y,y,n,feces,nega,,
1995,rslarrea,1,2,1,87,remg,34388,f,y,n,y,y,feces,eari,,
1995,rslarrea,1,2,1,87,remg,34388,f,y,n,y,y,st,madi,f,1
1995,rslarrea,1,2,1,96,pmtr,34389,m,y,n,y,n,feces,nega,,
1995,rslarrea,1,2,1,10,remg,34390,f,y,n,y,n,feces,nega,,
1995,rslarrea,1,2,1,10,remg,34391,f,y,n,y,n,feces,nega,,
1995,rslarrea,1,2,1,12,dior,34392,m,y,n,y,y,cc,hede,f,1
1995,rslarrea,1,2,1,12,dior,34392,m,y,n,y,y,feces,nega,,
1995,rslarrea,1,2,1,12,onle,34393,m,y,y,y,y,feces,esev,,
1995,rslarrea,1,2,1,12,onle,34393,m,y,y,y,y,ecto,mite,,1
1995,rslarrea,1,2,1,12,onle,34393,m,y,y,y,y,si,nema,,
1995,rslarrea,1,2,1,12,onle,34393,m,y,y,y,y,ecto,poau,,4
1995,rslarrea,1,2,1,12,onle,34393,m,y,y,y,y,st,prsp,,
1995,rslarrea,1,2,1,12,pgfl,34394,f,y,n,y,n,feces,nega,,
1995,rslarrea,1,2,3,..,dime,34395,m,y,y,y,y,cc,hede,m,1
1995,rslarrea,1,2,3,..,dime,34395,m,y,y,y,y,cc,hede,f,4
1995,rslarrea,1,2,3,..,dime,34395,m,y,y,y,y,ecto,mite,,
1995,rslarrea,1,2,3,..,dime,34395,m,y,y,y,y,feces,nega,,
1995,rslarrea,1,2,3,..,dime,34395,m,y,y,y,y,si,ptdi,m,5
1995,rslarrea,1,2,3,..,dime,34395,m,y,y,y,y,si,ptdi,f,11
1995,rslarrea,1,2,3,..,pgfl,34396,f,y,y,y,n,ecto,fapi,,
1995,rslarrea,1,2,3,..,pgfl,34396,f,y,y,y,n,feces,nega,,
1995,rslarrea,1,2,3,..,dime,34397,f,y,y,y,n,ecto,fapi,,
1995,rslarrea,1,2,3,..,dime,34397,f,y,y,y,n,feces,nega,,
1995,rslarrea,1,2,3,..,neal,34398,f,y,y,y,n,feces,nega,,
1995,rslarrea,1,2,3,..,dime,34399,f,y,y,y,y,ecto,mite,,
1995,rslarrea,1,2,3,..,dime,34399,f,y,y,y,y,feces,nega,,
1995,rslarrea,1,2,3,..,dime,34399,f,y,y,y,y,si,ptdi,f,1
1995,rslarrea,1,2,3,..,dime,34400,m,y,y,y,y,ecto,mite,,
1995,rslarrea,1,2,3,..,dime,34400,m,y,y,y,y,feces,nega,,
1995,rslarrea,1,2,3,..,dime,34400,m,y,y,y,y,si,ptdi,f,3
1995,rslarrea,1,2,3,..,dime,34401,f,y,n,y,y,feces,edip,,
1995,rslarrea,1,2,3,..,dime,34401,f,y,n,y,y,si,unce,,1
1995,rslarrea,1,2,3,..,dime,34402,f,y,y,y,n,feces,nega,,
1995,rslarrea,1,2,3,..,dime,34402,f,y,y,y,n,ecto,posi,,
1995,rslarrea,1,3,1,11,dime,34408,f,y,y,y,y,cc,hede,f,1
1995,rslarrea,1,3,1,11,dime,34408,f,y,y,y,y,ecto,mite,,
1995,rslarrea,1,3,1,11,dime,34408,f,y,y,y,y,feces,nega,,
1995,rslarrea,1,3,1,12,dime,34409,m,y,y,y,n,ecto,mite,,
1995,rslarrea,1,3,1,12,dime,34409,m,y,y,y,n,feces,nega,,
1995,rslarrea,1,3,1,12,remg,34410,m,y,n,y,n,feces,nega,,
1995,rslarrea,1,3,1,14,pmtr,34411,m,y,y,y,n,feces,nega,,
1995,rslarrea,1,3,1,14,pmtr,34411,m,y,y,y,n,ecto,orle,,2
1995,rslarrea,1,3,3,43,onle,34412,f,y,n,y,n,feces,nega,,
1995,rslarrea,1,3,3,..,pmle,34413,m,y,n,y,n,feces,nega,,
1995,rslarrea,1,3,3,12,dime,34414,f,y,n,y,y,feces,edip,,
1995,rslarrea,1,3,3,12,dime,34414,f,y,n,y,y,si,ptdi,l,1
1996,rslarrea,1,1,1,35,dime,40192,m,y,n,y,y,feces,echo,,
1996,rslarrea,1,1,1,35,dime,40192,m,y,n,y,y,cc,hede,f,3
1996,rslarrea,1,1,1,35,dime,40192,m,y,n,y,y,si,oode,,2
1996,rslarrea,1,1,1,35,dime,40192,m,y,n,y,y,st,phma,m,1
1996,rslarrea,1,1,1,95,dime,40193,m,y,y,y,y,ecto,ecga,,2
1996,rslarrea,1,1,1,95,dime,40193,m,y,y,y,y,feces,echo,,
1996,rslarrea,1,1,1,95,dime,40193,m,y,y,y,y,cc,hede,f,10
1996,rslarrea,1,1,1,95,dime,40193,m,y,y,y,y,st,madi,l,11
1996,rslarrea,1,1,1,95,dime,40193,m,y,y,y,y,ecto,mite,,2
1996,rslarrea,1,1,1,95,dime,40193,m,y,y,y,y,st,ptdi,f,2
1996,rslarrea,1,1,1,95,dime,40193,m,y,y,y,y,si,ptdi,f,1
1996,rslarrea,1,1,3,9,pgfv,40194,f,y,n,y,y,st,madi,f,150
1996,rslarrea,1,1,3,9,pgfv,40194,f,y,n,y,y,feces,nega,,
1996,rslarrea,1,1,3,9,pgfv,40194,f,y,n,y,y,si,unne,f,70
1996,rslarrea,1,1,3,9,pgfv,40194,f,y,n,y,y,si,unne,m,7
1996,rslarrea,1,1,3,9,pgfv,40194,f,y,n,y,y,cc,unne,,2
1996,rslarrea,1,1,3,19,dime,40195,f,y,n,y,y,feces,echo,,
1996,rslarrea,1,1,3,19,dime,40195,f,y,n,y,y,cc,hede,f,5
1996,rslarrea,1,1,3,19,dime,40195,f,y,n,y,y,si,madi,f,1
1996,rslarrea,1,1,3,32,pgfl,40196,f,y,n,y,n,feces,nega,,
1996,rslarrea,1,1,3,59,dime,40197,m,y,y,y,y,feces,echo,,
1996,rslarrea,1,1,3,59,dime,40197,m,y,y,y,y,ecto,lice,,2
1996,rslarrea,1,1,3,59,dime,40197,m,y,y,y,y,ecto,mite,,1
1996,rslarrea,1,1,3,59,dime,40197,m,y,y,y,y,si,oode,,2
1996,rslarrea,1,1,3,92,dime,40198,m,y,y,y,n,feces,echo,,
1996,rslarrea,1,1,3,92,dime,40198,m,y,y,y,n,ecto,lice,,1
1996,rslarrea,1,1,1,54,neal,40199,f,y,n,y,n,feces,nega,,
1996,rslarrea,1,2,1,82,dime,40202,m,y,n,y,y,feces,echo,,
1996,rslarrea,1,2,1,82,dime,40202,m,y,n,y,y,cc,hede,m,6
1996,rslarrea,1,2,1,82,dime,40202,m,y,n,y,y,cc,hede,f,1
1996,rslarrea,1,2,1,82,dime,40202,m,y,n,y,y,cc,madi,l,33
1996,rslarrea,1,2,1,82,dime,40202,m,y,n,y,y,si,oode,,4
1996,rslarrea,1,2,1,82,dime,40202,m,y,n,y,y,st,trsp,m,6
1996,rslarrea,1,2,1,82,dime,40202,m,y,n,y,y,st,trsp,f,4
1996,rslarrea,1,2,3,12,dior,40203,m,y,y,y,y,ecto,ecga,,1
1996,rslarrea,1,2,3,12,dior,40203,m,y,y,y,y,cc,hede,f,10
1996,rslarrea,1,2,3,12,dior,40203,m,y,y,y,y,feces,nega,,
1996,rslarrea,1,2,3,48,dime,40204,f,y,n,y,y,feces,echo,,
1996,rslarrea,1,2,3,48,dime,40204,f,y,n,y,y,cc,hede,m,1
1996,rslarrea,1,2,3,48,dime,40204,f,y,n,y,y,cc,hede,l,1
1996,rslarrea,1,2,3,48,dime,40204,f,y,n,y,y,si,unce,,2
1996,rslarrea,1,2,3,48,dime,40204,f,y,n,y,y,st,unne,l,1
1996,rslarrea,1,2,3,58,dime,40205,m,y,n,y,y,cc,hede,m,1
1996,rslarrea,1,2,3,58,dime,40205,m,y,n,y,y,cc,hede,f,3
1996,rslarrea,1,2,3,58,dime,40205,m,y,n,y,y,feces,nega,,
1996,rslarrea,1,2,3,58,dime,40205,m,y,n,y,y,st,unne,l,
1996,rslarrea,1,3,1,53,disp,40206,f,y,y,y,y,si,hede,f,6
1996,rslarrea,1,3,1,53,disp,40206,f,y,y,y,y,cc,hede,f,35
1996,rslarrea,1,3,1,53,disp,40206,f,y,y,y,y,cc,hede,m,1
1996,rslarrea,1,3,1,53,disp,40206,f,y,y,y,y,ecto,mite,,27
1996,rslarrea,1,3,1,53,disp,40206,f,y,y,y,y,feces,nega,,
1996,rslarrea,1,3,1,106,pgfl,40207,f,y,n,y,n,feces,nega,,
1996,rslarrea,1,3,3,47,pgfl,40208,m,y,n,y,y,st,madi,l,17
1996,rslarrea,1,3,3,47,pgfl,40208,m,y,n,y,y,feces,nega,,
1996,rslarrea,1,3,1,21,pmle,40209,m,y,n,y,y,st,madi,m,3
1996,rslarrea,1,3,1,21,pmle,40209,m,y,n,y,y,st,madi,f,12
1996,rslarrea,1,3,1,21,pmle,40209,m,y,n,y,y,feces,nega,,
1996,rslarrea,3,1,1,51,dime,40368,m,y,y,y,n,feces,echo,,
1996,rslarrea,3,1,1,51,dime,40368,m,y,y,y,n,ecto,mite,,
1996,rslarrea,3,1,1,70,dime,40369,f,y,n,y,n,feces,echo,,
1996,rslarrea,3,1,1,71,dime,40370,m,y,y,y,n,feces,echo,,
1996,rslarrea,3,1,1,71,dime,40370,m,y,y,y,n,ecto,mite,,
1996,rslarrea,3,1,1,71,dime,40370,m,y,y,y,n,ecto,tick,,
1996,rslarrea,3,1,1,72,dime,40371,m,y,y,y,y,ecto,lice,,
1996,rslarrea,3,1,1,72,dime,40371,m,y,y,y,y,st,madi,f,6
1996,rslarrea,3,1,1,72,dime,40371,m,y,y,y,y,si,madi,f,1
1996,rslarrea,3,1,1,72,dime,40371,m,y,y,y,y,ecto,mite,,
1996,rslarrea,3,1,1,72,dime,40371,m,y,y,y,y,feces,nega,,
1996,rslarrea,3,1,1,89,pgfl,40372,m,y,y,y,n,ecto,mite,,
1996,rslarrea,3,1,1,89,pgfl,40372,m,y,y,y,n,feces,nega,,
1996,rslarrea,3,1,1,89,pgfl,40372,m,y,y,y,n,ecto,tick,,
1996,rslarrea,3,1,1,95,pgfl,40373,m,y,y,y,n,ecto,mite,,
1996,rslarrea,3,1,1,95,pgfl,40373,m,y,y,y,n,feces,nega,,
1996,rslarrea,3,1,1,120,dime,40374,f,y,y,y,n,feces,echo,,
1996,rslarrea,3,1,1,120,dime,40374,f,y,y,y,n,ecto,fapi,,
1996,rslarrea,3,1,1,120,dime,40374,f,y,y,y,n,ecto,mite,,
1996,rslarrea,3,1,3,24,pgfl,40375,m,y,y,y,n,ecto,mite,,
1996,rslarrea,3,1,3,24,pgfl,40375,m,y,y,y,n,feces,nega,,
1996,rslarrea,3,1,3,24,pgfl,40375,m,y,y,y,n,ecto,tick,,
1996,rslarrea,3,1,3,33,pgfl,40376,m,y,y,y,n,ecto,mite,,
1996,rslarrea,3,1,3,33,pgfl,40376,m,y,y,y,n,feces,nega,,
1996,rslarrea,3,1,3,33,pgfl,40376,m,y,y,y,n,ecto,tick,,
1996,rslarrea,3,1,3,37,dime,40377,m,y,n,y,y,feces,echo,,
1996,rslarrea,3,1,3,37,dime,40377,m,y,n,y,y,st,madi,m,5
1996,rslarrea,3,1,3,37,dime,40377,m,y,n,y,y,st,madi,f,12
1996,rslarrea,3,1,3,37,dime,40377,m,y,n,y,y,si,madi,f,1
1996,rslarrea,3,1,3,37,dime,40377,m,y,n,y,y,cc,trsp,f,2
1996,rslarrea,3,1,3,37,dime,40377,m,y,n,y,y,cc,trsp,m,2
1996,rslarrea,3,1,1,20,pmtr,40378,f,y,y,y,y,st,madi,,1
1996,rslarrea,3,1,1,20,pmtr,40378,f,y,y,y,y,ecto,mite,,
1996,rslarrea,3,1,1,20,pmtr,40378,f,y,y,y,y,feces,nega,,
1996,rslarrea,3,1,1,46,pmtr,40379,m,y,y,y,n,feces,nega,,
1996,rslarrea,3,1,1,46,pmtr,40379,m,y,y,y,n,ecto,orle,,
1996,rslarrea,3,1,1,96,pmtr,40380,m,y,y,y,n,ecto,mite,,
1996,rslarrea,3,1,1,96,pmtr,40380,m,y,y,y,n,feces,nega,,
1996,rslarrea,3,1,1,105,onle,40381,m,y,y,y,n,ecto,mite,,
1996,rslarrea,3,1,1,105,onle,40381,m,y,y,y,n,feces,nega,,
1996,rslarrea,3,1,1,108,pmtr,40382,f,y,y,y,n,ecto,flea,,
1996,rslarrea,3,1,1,108,pmtr,40382,f,y,y,y,n,ecto,mite,,
1996,rslarrea,3,1,1,108,pmtr,40382,f,y,y,y,n,feces,nega,,
1996,rslarrea,3,1,3,36,neal,40383,f,y,n,y,y,cc,asac,f,3
1996,rslarrea,3,1,3,36,neal,40383,f,y,n,y,y,st,madi,f,1
1996,rslarrea,3,1,3,36,neal,40383,f,y,n,y,y,feces,nega,,
1996,rslarrea,3,2,1,92,dime,40394,m,y,y,y,n,ecto,mite,,
1996,rslarrea,3,2,1,92,dime,40394,m,y,y,y,n,feces,nega,,
1996,rslarrea,3,2,1,92,dime,40394,m,y,y,y,n,ecto,tick,,
1996,rslarrea,3,2,1,127,dime,40395,m,y,y,y,y,feces,echo,,
1996,rslarrea,3,2,1,127,dime,40395,m,y,y,y,y,feces,emer,,
1996,rslarrea,3,2,1,127,dime,40395,m,y,y,y,y,st,madi,f,3
1996,rslarrea,3,2,1,127,dime,40395,m,y,y,y,y,st,madi,l,1
1996,rslarrea,3,2,1,127,dime,40395,m,y,y,y,y,ecto,mite,,
1996,rslarrea,3,2,1,127,dime,40395,m,y,y,y,y,si,oosp,,2
1996,rslarrea,3,2,1,127,dime,40395,m,y,y,y,y,si,ptdi,f,6
1996,rslarrea,3,2,1,96,pmtr,40396,f,y,n,y,n,feces,nega,,
1996,rslarrea,3,2,1,132,pmtr,40397,m,y,y,y,n,ecto,masi,,
1996,rslarrea,3,2,1,132,pmtr,40397,m,y,y,y,n,feces,nega,,
1996,rslarrea,3,2,1,132,pmtr,40397,m,y,y,y,n,ecto,orca,,
1996,rslarrea,3,3,3,138,spsp,40404,f,y,y,y,n,ecto,mite,,
1996,rslarrea,3,3,3,138,spsp,40404,f,y,y,y,n,feces,nega,,
1996,rslarrea,3,3,1,19,pgfv,40405,m,y,y,y,n,ecto,mite,,
1996,rslarrea,3,3,1,19,pgfv,40405,m,y,y,y,n,feces,nega,,
1996,rslarrea,3,3,1,80,pgfl,40406,m,y,y,y,n,feces,nega,,
1996,rslarrea,3,3,1,80,pgfl,40406,m,y,y,y,n,ecto,tick,,
1996,rslarrea,3,3,1,84,dime,40407,m,y,y,y,n,ecto,mite,,
1996,rslarrea,3,3,1,84,dime,40407,m,y,y,y,n,feces,nega,,
1996,rslarrea,3,3,1,71,dime,40408,m,y,y,y,y,cc,hede,f,12
1996,rslarrea,3,3,1,71,dime,40408,m,y,y,y,y,cc,hede,l,1
1996,rslarrea,3,3,1,71,dime,40408,m,y,y,y,y,ecto,lice,,
1996,rslarrea,3,3,1,71,dime,40408,m,y,y,y,y,st,madi,f,1
1996,rslarrea,3,3,1,71,dime,40408,m,y,y,y,y,st,madi,m,1
1996,rslarrea,3,3,1,71,dime,40408,m,y,y,y,y,ecto,mite,,
1996,rslarrea,3,3,1,71,dime,40408,m,y,y,y,y,feces,nega,,
1992,two22,1,1,2,17,neal,28049,m,y,n,y,y,feces,ealb,,
1992,two22,1,1,2,22,dime,28050,m,y,n,y,n,feces,nega,,
1992,two22,1,1,2,24,dime,28051,m,y,n,y,n,feces,nega,,
1992,two22,1,1,2,29,dime,28052,m,y,n,y,n,feces,nega,,
1992,two22,1,1,2,46,eudo,28053,f,y,n,y,y,cc,desp,,6
1992,two22,1,1,2,46,eudo,28053,f,y,n,y,y,feces,nega,,
1992,two22,1,1,2,57,dime,28054,f,y,n,y,n,feces,nega,,
1992,two22,1,1,2,65,neal,28055,f,y,y,y,n,feces,nega,,
1992,two22,1,1,2,75,dime,28056,m,y,n,y,n,feces,nega,,
1992,two22,1,1,3,9,dime,28057,f,y,n,y,n,feces,nega,,
1992,two22,1,1,3,24,dime,28058,f,y,n,y,n,feces,nega,,
1992,two22,1,1,3,31,dime,28059,f,y,n,y,y,feces,nega,,
1992,two22,1,1,3,31,dime,28059,f,y,n,y,y,si,ptdi,f,5
1992,two22,1,1,3,75,pgfv,28060,f,y,n,y,n,feces,eree,,
1992,two22,1,1,3,14,dime,28061,m,y,n,y,y,feces,nega,,
1992,two22,1,1,3,14,dime,28061,m,y,n,y,y,st,phma,f,1
1992,two22,1,2,2,24,dime,28066,f,y,n,y,n,feces,nega,,
1992,two22,1,2,2,11,eudo,28067,f,y,n,y,y,feces,nega,,
1992,two22,1,2,2,12,chin,28068,f,y,n,y,n,feces,emer,,
1992,two22,1,2,2,13,neal,28069,m,y,y,y,n,feces,ealb,,
1992,two22,1,2,2,14,chin,28070,m,y,n,y,n,feces,eree,,
1992,two22,1,2,3,12,pgfv,28071,f,y,n,y,n,feces,unsp,,
1992,two22,1,2,3,13,dime,28072,f,y,n,y,y,feces,nega,,
1992,two22,1,2,3,13,dime,28072,f,y,n,y,y,si,ptdi,m,1
1992,two22,1,2,3,13,dime,28072,f,y,n,y,y,si,ptdi,f,25
1992,two22,1,2,3,13,dime,28072,f,y,n,y,y,cc,trsp,f,9
1992,two22,1,3,2,5,neal,28073,f,y,n,y,n,feces,ealb,,
1992,two22,1,3,2,21,neal,28074,f,y,n,y,n,feces,nega,,
1992,two22,1,3,2,36,neal,28075,f,y,y,y,n,ecto,cuau,,3
1992,two22,1,3,2,36,neal,28075,f,y,y,y,n,feces,nega,,
1992,two22,1,3,2,85,amle,28076,m,y,n,y,n,feces,nega,,
1992,two22,1,3,2,13,dime,28077,m,y,n,y,n,feces,nega,,
1992,two22,1,3,3,84,dime,28078,f,y,n,y,n,feces,echi,,
1992,two22,1,3,3,,dime,28079,m,y,n,y,n,feces,nega,,
1992,two22,1,3,3,,dime,28080,m,y,n,y,n,feces,echi,,
1992,two22,2,1,2,3,dime,28549,f,y,n,y,n,feces,nega,,
1992,two22,2,1,2,21,dime,28550,f,y,n,y,y,feces,nega,,
1992,two22,2,1,2,21,dime,28550,f,y,n,y,y,si,ptdi,f,1
1992,two22,2,1,2,50,chin,28551,m,y,y,y,n,feces,nega,,
1992,two22,2,1,2,56,dime,28552,m,y,n,y,n,feces,nega,,
1992,two22,2,1,2,10,chin,28553,m,y,y,y,n,ecto,mite,,
1992,two22,2,1,2,12,chin,28554,f,y,y,y,n,ecto,mite,,
1992,two22,2,1,2,12,chin,28554,f,y,y,y,n,feces,nega,,
1992,two22,2,1,2,13,dime,28555,m,y,n,y,n,feces,nega,,
1992,two22,2,1,2,14,chin,28556,f,y,y,y,n,ecto,mite,,
1992,two22,2,1,2,14,chin,28556,f,y,y,y,n,feces,nega,,
1992,two22,2,1,2,14,dime,28557,m,y,n,y,y,si,madp,,1
1992,two22,2,1,2,14,dime,28557,m,y,n,y,y,feces,nega,,
1992,two22,2,1,3,15,dime,28558,f,y,n,y,n,feces,nega,,
1992,two22,2,1,3,32,dime,28559,f,y,n,y,y,cc,hede,m,3
1992,two22,2,1,3,32,dime,28559,f,y,n,y,y,feces,nega,,
1992,two22,2,1,3,32,dime,28559,f,y,n,y,y,si,ptdi,f,7
1992,two22,2,1,3,36,pgfv,28560,m,y,y,y,y,cc,hede,f,16
1992,two22,2,1,3,36,pgfv,28560,m,y,y,y,y,ecto,mite,,
1992,two22,2,1,3,36,pgfv,28560,m,y,y,y,y,feces,nega,,
1992,two22,2,1,3,59,chin,28561,m,y,y,y,n,ecto,mite,,
1992,two22,2,1,3,59,chin,28561,m,y,y,y,n,feces,nega,,
1992,two22,2,1,3,84,dime,28562,m,y,n,y,n,feces,nega,,
1992,two22,2,1,3,14,dime,28563,m,y,n,y,n,feces,echo,,
1992,two22,2,2,2,45,dime,28564,f,y,n,y,n,feces,nega,,
1992,two22,2,2,2,48,chin,28565,m,y,y,y,n,feces,nega,,
1992,two22,2,2,2,53,chin,28566,m,y,y,y,n,feces,nega,,
1992,two22,2,2,2,12,dime,28567,m,y,n,y,n,feces,nega,,
1992,two22,2,2,2,13,dime,28568,f,y,n,y,n,feces,nega,,
1992,two22,2,2,2,14,pgfv,28569,m,y,n,y,n,feces,eree,,
1992,two22,2,2,3,19,dime,28570,f,y,n,y,n,feces,nega,,
1992,two22,2,3,2,13,neal,28573,m,y,y,y,y,ecto,cuau,,
1992,two22,2,3,2,13,neal,28573,m,y,y,y,y,feces,nega,,
1992,two22,2,3,2,14,pgfv,28574,m,y,n,y,n,feces,nega,,
1992,two22,2,3,3,78,pgfv,28575,f,y,n,y,y,feces,eree,,
1992,two22,2,3,3,78,pgfv,28575,f,y,n,y,y,st,madi,m,1
1992,two22,2,3,3,,dime,28576,m,y,n,y,n,feces,nega,,
1992,two22,2,3,3,14,dime,28577,m,y,y,y,y,ecto,mite,,
1992,two22,2,3,3,14,dime,28577,m,y,y,y,y,feces,nega,,
1992,two22,2,3,3,14,dime,28577,m,y,y,y,y,si,ptdi,f,5
1992,two22,2,3,3,,dior,28578,,y,n,n,n,feces,nega,,
1993,two22,1,1,3,21,pmtr,32551,f,y,n,y,y,si,hysp,,
1993,two22,1,1,3,21,pmtr,32551,f,y,n,y,y,feces,nega,,
1993,two22,1,1,3,21,pmtr,32551,f,y,n,y,y,st,phsp,,
1993,two22,1,1,3,78,pmtr,32552,f,y,n,y,n,feces,nega,,
1993,two22,1,1,3,70,pmtr,32553,m,y,n,y,n,feces,nega,,
1993,two22,1,1,3,10,pmtr,32554,f,y,n,y,n,feces,nega,,
1993,two22,1,1,3,14,pmtr,32555,m,y,n,y,n,feces,nega,,
1993,two22,1,1,3,4,dime,32556,f,y,n,y,n,feces,nega,,
1993,two22,1,1,3,6,dime,32557,m,y,n,y,n,feces,nega,,
1993,two22,1,1,3,8,dime,32558,f,y,n,y,n,feces,nega,,
1993,two22,1,1,3,9,dime,32559,m,y,n,y,n,feces,nega,,
1993,two22,1,1,3,12,dime,32560,f,y,n,y,n,feces,echo,,
1993,two22,1,1,3,22,dime,32561,f,y,n,y,n,feces,echo,,
1993,two22,1,1,3,45,pgfv,32562,m,y,y,y,n,feces,eree,,
1993,two22,1,1,3,45,pgfv,32562,m,y,y,y,n,ecto,mite,,
1993,two22,1,1,3,48,chin,32563,f,y,y,y,n,feces,eree,,
1993,two22,1,1,3,48,chin,32563,f,y,y,y,n,ecto,mite,,
1993,two22,1,1,3,32,dime,32564,f,y,n,y,n,feces,nega,,
1993,two22,1,1,3,53,pgfv,32565,f,y,y,y,n,feces,eree,,
1993,two22,1,1,3,53,pgfv,32565,f,y,y,y,n,ecto,mite,,
1993,two22,1,1,3,72,pmle,32566,m,y,n,y,n,feces,nega,,
1993,two22,1,1,3,91,chin,32567,f,y,y,y,n,feces,eree,,
1993,two22,1,1,3,91,chin,32567,f,y,y,y,n,ecto,mite,,
1993,two22,1,1,3,97,pgfv,32568,f,y,y,y,n,feces,eree,,
1993,two22,1,1,3,97,pgfv,32568,f,y,y,y,n,ecto,mite,,
1993,two22,1,1,2,53,pmbo,32569,m,y,n,y,n,feces,elan,,
1993,two22,1,1,2,83,pmtr,32570,m,y,n,y,n,feces,nega,,
1993,two22,1,1,2,2,pmdi,32571,m,y,n,y,n,feces,nega,,
1993,two22,1,1,2,4,dime,32572,m,y,n,y,n,feces,nega,,
1993,two22,1,1,2,10,pgfv,32573,m,y,y,y,n,ecto,mite,,
1993,two22,1,1,2,10,pgfv,32573,m,y,y,y,n,feces,nega,,
1993,two22,1,1,2,17,chin,32574,m,y,y,y,n,feces,echo,,
1993,two22,1,1,2,17,chin,32574,m,y,y,y,n,ecto,mite,,
1993,two22,1,1,2,24,dime,32575,m,y,n,y,n,feces,nega,,
1993,two22,1,1,2,30,neal,32576,f,y,y,y,n,ecto,cuau,,1
1993,two22,1,1,2,30,neal,32576,f,y,y,y,n,feces,nega,,
1993,two22,1,1,2,32,chin,32577,f,y,y,n,n,ecto,mite,,
1993,two22,1,1,2,32,chin,32577,f,y,y,n,n,feces,nega,,
1993,two22,1,1,2,33,chin,32578,f,y,y,y,n,ecto,mite,,
1993,two22,1,1,2,33,chin,32578,f,y,y,y,n,feces,nega,,
1993,two22,1,1,2,40,neal,32579,m,y,n,y,n,feces,elad,,
1993,two22,1,1,2,41,dime,32580,m,y,n,y,y,feces,nega,,
1993,two22,1,1,2,41,dime,32580,m,y,n,y,y,si,rare,,1
1993,two22,1,1,2,45,chin,32581,f,y,y,y,n,feces,eree,,
1993,two22,1,1,2,45,chin,32581,f,y,y,y,n,ecto,mite,,
1993,two22,1,1,2,47,chin,32582,f,y,y,y,n,ecto,mite,,
1993,two22,1,1,2,47,chin,32582,f,y,y,y,n,feces,nega,,
1993,two22,1,1,2,70,dime,32583,f,y,n,y,n,feces,nega,,
1993,two22,1,1,2,11,dime,32584,m,y,n,y,y,feces,nega,,
1993,two22,1,1,2,11,dime,32584,m,y,n,y,y,si,rare,,1
1993,two22,1,1,2,12,dime,32585,f,y,n,y,n,feces,nega,,
1993,two22,1,1,2,13,chin,32586,f,y,y,y,n,ecto,mite,,
1993,two22,1,1,2,13,chin,32586,f,y,y,y,n,feces,nega,,
1993,two22,1,1,2,13,dime,32587,f,y,n,y,n,feces,nega,,
1993,two22,1,1,2,13,neal,32588,f,y,n,y,n,feces,nega,,
1993,two22,1,1,2,13,chin,32589,m,y,y,y,n,feces,eree,,
1993,two22,1,1,2,13,chin,32589,m,y,y,y,n,ecto,mite,,
1993,two22,1,1,2,13,neal,32590,f,y,n,y,n,feces,nega,,
1993,two22,1,1,2,14,dime,32591,m,y,n,y,n,feces,nega,,
1993,two22,1,1,2,14,neal,32592,f,y,n,y,n,feces,nega,,
1993,two22,1,1,2,14,dime,32593,f,y,n,y,n,feces,nega,,
1993,two22,1,1,2,14,chin,32594,f,y,y,y,n,feces,eree,,
1993,two22,1,1,2,14,chin,32594,f,y,y,y,n,ecto,mite,,
1993,two22,1,2,2,10,pmtr,32597,m,y,n,y,n,feces,ekno,,
1993,two22,1,2,2,10,pmtr,32597,m,y,n,y,n,feces,elan,,
1993,two22,1,2,2,35,pmbo,32598,f,y,n,y,n,feces,nega,,
1993,two22,1,2,2,40,pmbo,32599,f,y,n,y,n,feces,nega,,
1993,two22,1,2,2,14,pmbo,32600,m,y,n,y,n,feces,nega,,
1993,two22,1,2,2,15,chin,32601,f,y,y,y,n,ecto,mite,,
1993,two22,1,2,2,15,chin,32601,f,y,y,y,n,feces,nega,,
1993,two22,1,2,2,19,neal,32602,m,y,y,y,n,ecto,cuau,,1
1993,two22,1,2,2,19,neal,32602,m,y,y,y,n,feces,ealb,,
1993,two22,1,2,2,23,chin,32603,m,y,y,y,n,feces,eree,,
1993,two22,1,2,2,23,chin,32603,m,y,y,y,n,ecto,mite,,
1993,two22,1,2,2,24,pmle,32604,f,y,n,y,y,feces,eari,,
1993,two22,1,2,2,30,chin,32605,m,y,y,y,n,feces,eree,,
1993,two22,1,2,2,30,chin,32605,m,y,y,y,n,ecto,mite,,
1993,two22,1,2,2,36,eudo,32606,f,y,n,y,y,cc,hede,f,7
1993,two22,1,2,2,36,eudo,32606,f,y,n,y,y,feces,nega,,
1993,two22,1,2,2,38,chin,32607,f,y,y,y,n,feces,eree,,
1993,two22,1,2,2,38,chin,32607,f,y,y,y,n,ecto,mite,,
1993,two22,1,2,2,44,disp,32608,m,y,n,y,y,feces,elio,,
1993,two22,1,2,2,44,disp,32608,m,y,n,y,y,si,hyci,,1
1993,two22,1,2,2,47,dime,32609,m,y,n,y,n,feces,nega,,
1993,two22,1,2,2,57,chin,32610,m,y,y,y,n,ecto,mite,,
1993,two22,1,2,2,57,chin,32610,m,y,y,y,n,feces,nega,,
1993,two22,1,2,2,10,chin,32611,m,y,y,y,n,feces,eree,,
1993,two22,1,2,2,10,chin,32611,m,y,y,y,n,ecto,mite,,
1993,two22,1,2,2,13,neal,32612,f,y,n,y,n,feces,nega,,
1993,two22,1,2,3,6,pmtr,32613,m,y,n,y,y,st,cest,l,
1993,two22,1,2,3,6,pmtr,32613,m,y,n,y,y,feces,eari,,
1993,two22,1,2,3,6,pmtr,32613,m,y,n,y,y,feces,elan,,
1993,two22,1,2,3,6,pmtr,32613,m,y,n,y,y,si,unce,l,4
1993,two22,1,2,3,12,pgfv,32614,f,y,y,y,n,feces,eree,,
1993,two22,1,2,3,12,pgfv,32614,f,y,y,y,n,ecto,mite,,
1993,two22,1,2,3,24,dime,32615,m,y,n,y,n,feces,nega,,
1993,two22,1,2,3,35,dime,32616,m,y,n,y,n,feces,nega,,
1993,two22,1,2,3,47,chin,32617,m,y,y,y,n,feces,edip,,
1993,two22,1,2,3,47,chin,32617,m,y,y,y,n,ecto,mite,,
1993,two22,1,2,3,48,neal,32618,m,y,n,y,n,feces,nega,,
1993,two22,1,2,3,56,neal,32619,f,y,n,y,n,feces,nega,,
1993,two22,1,2,3,97,dime,32620,m,y,n,y,n,feces,nega,,
1993,two22,1,2,3,98,pmle,32621,m,y,n,y,n,feces,nega,,
1993,two22,1,2,3,12,chin,32622,f,y,y,y,n,ecto,mite,,
1993,two22,1,2,3,12,chin,32622,f,y,y,y,n,feces,nega,,
1993,two22,1,2,3,14,dime,32623,m,y,n,y,n,feces,nega,,
1993,two22,1,3,3,9,pmtr,32627,f,y,n,y,n,feces,nega,,
1993,two22,1,3,3,24,pmtr,32628,f,y,n,y,n,feces,eari,,
1993,two22,1,3,3,21,dime,32629,m,y,n,y,n,feces,nega,,
1993,two22,1,3,3,42,pgfv,32630,m,y,y,y,n,feces,eree,,
1993,two22,1,3,3,42,pgfv,32630,m,y,y,y,n,ecto,mite,,
1993,two22,1,3,3,84,dime,32631,f,y,n,y,n,feces,eree,,
1993,two22,1,3,3,11,pmle,32632,f,y,n,y,y,feces,nega,,
1993,two22,1,3,3,11,pmle,32632,f,y,n,y,y,cc,oxsp,f,8
1993,two22,1,3,3,11,pmle,32632,f,y,n,y,y,cc,oxsp,m,1
1993,two22,1,3,3,12,dime,32633,f,y,n,y,n,feces,nega,,
1993,two22,1,3,3,13,dime,32634,f,y,n,y,y,feces,echo,,
1993,two22,1,3,3,13,dime,32634,f,y,n,y,y,st,madi,f,1
1993,two22,1,3,3,13,dime,32634,f,y,n,y,y,cc,trdi,f,1
1993,two22,1,3,2,9,eudo,32635,f,y,n,y,n,feces,nega,,
1993,two22,1,3,2,18,eudo,32636,m,y,n,y,n,feces,nega,,
1993,two22,1,3,2,19,neal,32637,m,y,y,y,n,ecto,cuau,,1
1993,two22,1,3,2,19,neal,32637,m,y,y,y,n,feces,nega,,
1993,two22,1,3,2,27,chin,32638,m,y,y,y,n,ecto,mite,,
1993,two22,1,3,2,27,chin,32638,m,y,y,y,n,feces,nega,,
1993,two22,1,3,2,33,dime,32639,f,y,n,y,n,feces,echo,,
1993,two22,1,3,2,10,chin,32640,m,y,y,y,n,ecto,mite,,
1993,two22,1,3,2,10,chin,32640,m,y,y,y,n,feces,nega,,
1993,two22,1,3,2,13,dime,32641,f,y,n,y,y,feces,echo,,
1993,two22,1,3,2,13,dime,32641,f,y,n,y,y,st,madi,m,1
1993,two22,1,3,2,14,pmbo,32642,m,y,n,y,y,si,cape,,1
1993,two22,1,3,2,14,pmbo,32642,m,y,n,y,y,feces,nega,,
1993,two22,1,3,2,14,neal,32643,m,y,y,y,y,cc,asac,,
1993,two22,1,3,2,14,neal,32643,m,y,y,y,y,ecto,cuau,,1
1993,two22,1,3,2,14,neal,32643,m,y,y,y,y,feces,nega,,
1993,two22,2,1,2,10,pmtr,32917,m,y,n,y,n,feces,nega,,
1993,two22,2,1,2,94,pmtr,32918,m,y,n,y,n,feces,eari,,
1993,two22,2,1,2,12,pmdi,32919,m,y,n,y,n,feces,elan,,
1993,two22,2,1,2,7,neal,32920,f,y,y,y,n,ecto,cuau,,1
1993,two22,2,1,2,7,neal,32920,f,y,y,y,n,feces,nega,,
1993,two22,2,1,2,20,chin,32921,m,y,n,y,n,feces,nega,,
1993,two22,2,1,2,22,dime,32922,f,y,n,y,y,feces,nega,,
1993,two22,2,1,2,22,dime,32922,f,y,n,y,y,si,rare,,1
1993,two22,2,1,2,29,dime,32923,f,y,n,y,n,feces,nega,,
1993,two22,2,1,2,39,neal,32924,f,y,n,y,n,feces,nega,,
1993,two22,2,1,2,65,neal,32925,m,y,n,y,n,feces,nega,,
1993,two22,2,1,2,14,dime,32926,m,y,n,y,y,feces,nega,,
1993,two22,2,1,2,14,dime,32926,m,y,n,y,y,si,rare,,1
1993,two22,2,1,3,12,pmtr,32927,m,y,n,y,n,feces,nega,,
1993,two22,2,1,3,5,dime,32928,f,y,n,y,n,feces,echo,,
1993,two22,2,1,3,12,dime,32929,m,y,n,y,y,feces,nega,,
1993,two22,2,1,3,12,dime,32929,m,y,n,y,y,st,phma,m,1
1993,two22,2,1,3,34,dime,32930,m,y,n,y,n,feces,nega,,
1993,two22,2,1,3,39,pgfv,32931,f,y,n,y,n,feces,nega,,
1993,two22,2,1,3,58,chin,32932,m,y,y,y,n,feces,echo,,
1993,two22,2,1,3,58,chin,32932,m,y,y,y,n,ecto,mite,,
1993,two22,2,1,3,74,chin,32933,f,y,n,y,y,cc,hede,f,1
1993,two22,2,1,3,74,chin,32933,f,y,n,y,y,feces,nega,,
1993,two22,2,1,3,83,dime,32934,f,y,n,y,y,feces,echo,,
1993,two22,2,1,3,83,dime,32934,f,y,n,y,y,st,trsp,l,1
1993,two22,2,1,3,10,pmle,32935,f,y,n,y,n,feces,nega,,
1993,two22,2,1,3,12,dime,32936,m,y,n,y,y,feces,echo,,
1993,two22,2,1,3,12,dime,32936,m,y,n,y,y,st,trsp,f,3
1993,two22,2,1,3,14,dime,32937,m,y,n,y,y,cc,madi,m,3
1993,two22,2,1,3,14,dime,32937,m,y,n,y,y,cc,madi,f,2
1993,two22,2,1,3,14,dime,32937,m,y,n,y,y,feces,nega,,
1993,two22,2,2,2,61,pmtr,32938,f,y,n,y,n,feces,eari,,
1993,two22,2,2,2,6,dime,32939,f,y,n,y,n,feces,nega,,
1993,two22,2,2,2,17,neal,32940,f,y,n,y,n,feces,elad,,
1993,two22,2,2,2,24,chin,32941,m,y,n,y,n,feces,nega,,
1993,two22,2,2,2,48,chin,32942,f,y,n,y,n,feces,nega,,
1993,two22,2,2,2,93,pgfv,32943,f,y,n,y,n,feces,nega,,
1993,two22,2,2,2,10,dime,32944,m,y,n,y,n,feces,nega,,
1993,two22,2,2,2,11,chin,32945,m,y,n,y,n,feces,eree,,
1993,two22,2,2,2,12,neal,32946,m,y,n,y,y,feces,nega,,
1993,two22,2,2,2,12,neal,32947,m,y,n,y,n,feces,nega,,
1993,two22,2,2,2,14,neal,32948,f,y,n,y,n,feces,nega,,
1993,two22,2,2,3,30,pgfv,32949,m,y,n,y,n,feces,nega,,
1993,two22,2,2,3,34,dime,32950,f,y,n,y,y,feces,nega,,
1993,two22,2,2,3,34,dime,32950,f,y,n,y,y,cc,trsp,m,1
1993,two22,2,2,3,45,pgfv,32951,m,y,n,y,n,feces,eree,,
1993,two22,2,2,3,46,chin,32952,f,y,n,y,n,feces,echo,,
1993,two22,2,2,3,46,chin,32952,f,y,n,y,n,feces,eree,,
1993,two22,2,2,3,10,pmle,32953,m,y,n,y,n,feces,nega,,
1993,two22,2,2,3,12,dime,32954,m,y,n,y,n,feces,nega,,
1993,two22,2,3,2,23,pgfv,32955,f,y,n,y,n,feces,eree,,
1993,two22,2,3,2,24,dime,32956,f,y,n,y,n,feces,nega,,
1993,two22,2,3,2,10,chin,32957,m,y,n,y,n,feces,nega,,
1993,two22,2,3,2,13,eudo,32958,m,y,n,y,y,cc,hede,f,2
1993,two22,2,3,2,13,eudo,32958,m,y,n,y,y,feces,nega,,
1993,two22,2,3,3,8,dime,32959,m,y,n,y,y,feces,echo,,
1993,two22,2,3,3,8,dime,32959,m,y,n,y,y,st,madi,m,1
1993,two22,2,3,3,24,pgfv,32960,m,y,n,y,n,feces,nega,,
1993,two22,2,3,3,48,neal,32961,f,y,n,y,n,feces,nega,,
1993,two22,2,3,3,79,chin,32962,m,y,n,y,n,feces,nega,,
1993,two22,2,3,3,84,dime,32963,m,y,n,y,n,feces,echo,,
1993,two22,2,3,3,10,pgfv,32964,f,y,n,y,n,feces,nega,,
1993,two22,2,3,3,11,pmbo,32965,f,y,n,y,y,feces,nega,,
1993,two22,2,3,3,11,pmbo,32965,f,y,n,y,y,st,phsp,,
1993,two22,2,3,3,11,dime,32966,m,y,n,y,y,si,madi,f,1
1993,two22,2,3,3,11,dime,32966,m,y,n,y,y,feces,nega,,
1994,two22,1,1,2,6,chin,31747,f,y,n,y,n,feces,nega,,
1994,two22,1,1,2,39,dime,31748,m,y,y,y,y,feces,echo,,
1994,two22,1,1,2,39,dime,31748,m,y,y,y,y,ecto,mite,,
1994,two22,1,1,2,39,dime,31748,m,y,y,y,y,si,rare,,1
1994,two22,1,1,2,50,dime,31749,f,y,y,y,n,ecto,mite,,
1994,two22,1,1,2,50,dime,31749,f,y,y,y,n,feces,nega,,
1994,two22,1,1,2,56,dime,31750,m,y,y,y,n,ecto,cusp,,
1994,two22,1,1,2,56,dime,31750,m,y,y,y,n,ecto,mite,,
1994,two22,1,1,2,56,dime,31750,m,y,y,y,n,feces,nega,,
1994,two22,1,1,2,75,chin,31751,m,y,n,y,n,feces,nega,,
1994,two22,1,1,2,11,neal,31752,m,y,n,y,n,feces,issp,,
1994,two22,1,1,2,120,neal,31753,m,y,y,y,y,si,hepo,m,1
1994,two22,1,1,2,120,neal,31753,m,y,y,y,y,si,hepo,f,1
1994,two22,1,1,2,120,neal,31753,m,y,y,y,y,ecto,mite,,
1994,two22,1,1,2,120,neal,31753,m,y,y,y,y,feces,nega,,
1994,two22,1,1,2,12,dime,31754,m,y,y,y,n,ecto,mite,,
1994,two22,1,1,2,12,dime,31754,m,y,y,y,n,feces,nega,,
1994,two22,1,1,2,13,neal,31755,f,y,n,y,n,feces,nega,,
1994,two22,1,1,2,13,chin,31756,m,y,n,y,n,feces,ehis,,
1994,two22,1,1,2,14,neal,31757,f,y,n,y,n,feces,nega,,
1994,two22,1,1,3,20,neal,31758,m,y,n,y,y,feces,nega,,
1994,two22,1,1,3,20,neal,31758,m,y,n,y,y,bc,takr,,4
1994,two22,1,1,3,22,chin,31759,f,y,n,y,n,feces,nega,,
1994,two22,1,1,3,24,dime,31760,f,y,n,y,n,feces,nega,,
1994,two22,1,1,3,36,chin,31761,m,y,n,y,y,st,madi,m,5
1994,two22,1,1,3,36,chin,31761,m,y,n,y,y,st,madi,f,3
1994,two22,1,1,3,36,chin,31761,m,y,n,y,y,feces,nega,,
1994,two22,1,1,3,48,chin,31762,f,y,n,y,n,feces,nega,,
1994,two22,1,1,3,57,chin,31763,m,y,n,y,n,feces,nega,,
1994,two22,1,1,3,58,chin,31764,f,y,n,y,n,feces,nega,,
1994,two22,1,1,3,68,chin,31765,f,y,n,y,n,feces,nega,,
1994,two22,1,1,3,83,chin,31766,m,y,n,y,y,cc,hede,f,25
1994,two22,1,1,3,83,chin,31766,m,y,n,y,y,cc,hede,m,8
1994,two22,1,1,3,83,chin,31766,m,y,n,y,y,feces,nega,,
1994,two22,1,1,3,10,dime,31767,f,y,y,y,n,feces,echo,,
1994,two22,1,1,3,10,dime,31767,f,y,y,y,n,ecto,mite,,
1994,two22,1,1,3,10,dime,31768,f,y,y,y,n,feces,echo,,
1994,two22,1,1,3,10,dime,31768,f,y,y,y,n,ecto,mite,,
1994,two22,1,1,3,13,pgfv,31769,m,y,n,y,n,feces,nega,,
1994,two22,1,1,3,14,neal,31770,m,y,y,y,n,ecto,cuau,,1
1994,two22,1,1,3,14,neal,31770,m,y,y,y,n,feces,issp,,
1994,two22,1,1,3,14,chin,31771,f,y,n,y,n,feces,nega,,
1994,two22,1,2,2,6,dime,31772,m,y,n,y,n,feces,nega,,
1994,two22,1,2,2,11,chin,31773,m,y,n,y,n,feces,nega,,
1994,two22,1,2,2,26,neal,31774,f,y,n,y,y,feces,ealb,,
1994,two22,1,2,2,72,pmtr,31775,m,y,n,y,n,feces,nega,,
1994,two22,1,2,2,84,chin,31776,f,y,n,y,n,feces,nega,,
1994,two22,1,2,2,88,pgfl,31777,m,y,n,y,n,feces,eree,,
1994,two22,1,2,2,11,chin,31778,m,y,n,y,n,feces,espp,,
1994,two22,1,2,2,12,neal,31779,m,y,y,y,n,ecto,cuau,,1
1994,two22,1,2,2,12,neal,31779,m,y,y,y,n,feces,nega,,
1994,two22,1,2,3,19,pgfv,31780,f,y,n,y,n,feces,nega,,
1994,two22,1,2,3,83,chin,31781,f,y,n,y,n,feces,espp,,
1994,two22,1,2,3,84,eudo,31782,m,y,n,y,n,feces,nega,,
1994,two22,1,2,3,91,pmtr,31783,f,y,n,y,y,si,cape,,1
1994,two22,1,2,3,91,pmtr,31783,f,y,n,y,y,feces,nega,,
1994,two22,1,2,3,94,pmtr,31784,m,y,n,y,n,feces,nega,,
1994,two22,1,2,3,95,neal,31785,f,y,n,y,n,feces,ealb,,
1994,two22,1,2,3,11,pgfl,31786,f,y,n,y,n,feces,eree,,
1994,two22,1,2,3,11,dime,31787,m,y,n,y,n,feces,nega,,
1994,two22,1,3,2,11,pgfl,31788,m,y,n,y,n,feces,nega,,
1994,two22,1,3,2,35,neal,31789,m,y,n,y,n,feces,nega,,
1994,two22,1,3,2,40,neal,31790,m,y,n,y,n,feces,nega,,
1994,two22,1,3,2,65,pmdi,31791,f,y,n,y,n,feces,nega,,
1994,two22,1,3,3,8,pgfl,31792,m,y,n,y,n,feces,nega,,
1994,two22,1,3,3,16,pgfl,31793,m,y,n,y,n,feces,nega,,
1994,two22,1,3,3,24,dime,31794,m,y,y,y,n,ecto,mite,,
1994,two22,1,3,3,24,dime,31794,m,y,y,y,n,feces,nega,,
1994,two22,1,3,3,56,pmtr,31795,m,y,n,y,n,feces,eari,,
1994,two22,1,3,3,58,neal,31796,f,y,n,y,y,cc,assp,m,1
1994,two22,1,3,3,58,neal,31796,f,y,n,y,y,feces,ealb,,
1994,two22,1,3,3,10,pgfl,31797,f,y,n,y,n,feces,nega,,
1994,two22,3,1,2,10,pgfv,34036,m,y,n,y,n,feces,eree,,
1994,two22,3,1,2,56,dime,34040,m,y,n,y,y,feces,nega,,
1994,two22,3,1,2,56,dime,34040,m,y,n,y,y,si,ptdi,f,1
1994,two22,3,1,2,13,chin,34044,f,y,n,y,n,feces,eree,,
1994,two22,3,1,2,31,neal,34047,f,y,n,y,n,feces,nega,,
1994,two22,3,1,2,12,dime,34049,m,y,n,y,y,feces,esch,,
1994,two22,3,1,2,12,dime,34049,m,y,n,y,y,st,madi,f,3
1994,two22,3,1,2,17,neal,34050,f,y,n,y,n,feces,nega,,
1994,two22,3,1,3,5,pgfv,34051,m,y,n,y,n,feces,nega,,
1994,two22,3,1,3,70,neal,34052,m,y,n,y,n,feces,nega,,
1994,two22,3,1,3,69,pgfv,34053,m,y,n,y,n,feces,nega,,
1994,two22,3,1,3,35,dime,34054,m,y,n,y,y,st,phma,f,1
1994,two22,3,1,3,13,dime,34055,f,y,y,y,y,ecto,anno,,
1994,two22,3,1,3,13,dime,34055,f,y,y,y,y,st,phma,m,1
1994,two22,3,1,3,13,dime,34055,f,y,y,y,y,st,phma,f,1
1994,two22,3,1,3,12,dime,34056,f,y,n,y,y,si,mocl,,2
1994,two22,3,1,3,12,dime,34056,f,y,n,y,y,cc,trsp,f,1
1994,two22,3,1,3,12,dime,34056,f,y,n,y,y,cc,trsp,m,1
1994,two22,3,1,3,13,dime,34057,f,y,n,y,y,cc,trsp,f,3
1994,two22,3,1,3,13,dime,34057,f,y,n,y,y,cc,trsp,m,1
1994,two22,3,2,5,11,dime,34060,f,y,n,y,y,st,phma,m,1
1994,two22,3,2,5,11,dime,34065,m,y,n,y,n,feces,echo,,
1994,two22,3,2,3,97,dime,34066,m,y,n,y,y,feces,nega,,
1994,two22,3,2,3,97,dime,34066,m,y,n,y,y,si,ptdi,f,3
1994,two22,3,2,2,13,neal,34071,f,y,y,y,n,ecto,cuau,,2
1994,two22,3,2,2,13,neal,34071,f,y,y,y,n,feces,nega,,
1994,two22,3,2,2,58,chin,34073,m,y,n,y,n,feces,ehis,,
1994,two22,3,2,2,59,pgfv,34074,f,y,n,y,n,feces,nega,,
1994,two22,3,2,2,7,neal,34075,m,y,n,y,y,feces,ealb,,
1994,two22,3,2,2,7,neal,34075,m,y,n,y,y,si,hepo,f,1
1994,two22,3,2,2,35,neal,34076,f,y,y,y,n,ecto,cuau,,1
1994,two22,3,2,2,35,neal,34076,f,y,y,y,n,feces,nega,,
1994,two22,3,2,2,2,pmbo,34079,m,y,y,y,n,ecto,masi,,
1994,two22,3,2,2,14,pmbo,34080,m,n,y,y,n,ecto,masi,,
1994,two22,3,2,2,14,pmbo,34080,m,n,y,y,n,feces,,,
1994,two22,3,3,3,14,dime,34086,f,y,n,y,y,cc,trsp,f,2
1994,two22,3,3,3,14,dime,34086,f,y,n,y,y,cc,trsp,m,1
1994,two22,3,3,2,45,eudo,34087,f,y,n,y,n,feces,elat,,
1994,two22,3,3,2,13,neal,34089,m,y,n,y,n,feces,nega,,
1994,two22,3,3,2,12,neal,34090,m,y,n,y,y,cc,assp,f,2
1994,two22,3,3,2,12,neal,34090,m,y,n,y,y,feces,nega,,
1994,two22,3,3,2,17,neal,34091,m,y,n,y,n,feces,nega,,
1994,two22,3,3,2,9,chin,34092,f,y,n,y,n,feces,eree,,
1994,two22,3,3,2,19,pmbo,34093,m,y,y,y,n,ecto,masi,,
1994,two22,3,3,2,13,pmbo,34094,f,y,y,y,y,si,cape,,1
1994,two22,3,3,2,13,pmbo,34094,f,y,y,y,y,ecto,masi,,
1995,two22,1,1,2,19,dime,33560,m,y,n,y,n,feces,nega,,
1995,two22,1,1,2,33,dime,33561,f,y,y,y,n,ecto,mite,,
1995,two22,1,1,2,33,dime,33561,f,y,y,y,n,feces,nega,,
1995,two22,1,1,2,36,chin,33562,m,y,y,y,y,st,madi,m,2
1995,two22,1,1,2,36,chin,33562,m,y,y,y,y,st,madi,f,1
1995,two22,1,1,2,36,chin,33562,m,y,y,y,y,ecto,mite,,
1995,two22,1,1,2,36,chin,33562,m,y,y,y,y,feces,nega,,
1995,two22,1,1,2,38,dime,33563,f,y,y,y,n,ecto,fapi,,
1995,two22,1,1,2,38,dime,33563,f,y,y,y,n,ecto,mite,,
1995,two22,1,1,2,38,dime,33563,f,y,y,y,n,feces,nega,,
1995,two22,1,1,2,47,chin,33564,m,y,y,y,n,ecto,mite,,
1995,two22,1,1,2,47,chin,33564,m,y,y,y,n,feces,nega,,
1995,two22,1,1,2,55,dime,33565,f,y,y,y,n,feces,edip,,
1995,two22,1,1,2,55,dime,33565,f,y,y,y,n,ecto,mite,,
1995,two22,1,1,2,58,dime,33566,m,y,y,y,y,ecto,mite,,
1995,two22,1,1,2,58,dime,33566,m,y,y,y,y,feces,nega,,
1995,two22,1,1,2,58,dime,33566,m,y,y,y,y,cc,ptdi,f,1
1995,two22,1,1,2,94,pmtr,33567,f,y,y,y,n,ecto,mite,,
1995,two22,1,1,2,94,pmtr,33567,f,y,y,y,n,feces,nega,,
1995,two22,1,1,2,94,pmtr,33567,f,y,y,y,n,ecto,tick,,
1995,two22,1,1,2,10,dime,33568,m,y,y,y,n,ecto,mite,,
1995,two22,1,1,2,10,dime,33568,m,y,y,y,n,feces,nega,,
1995,two22,1,1,2,10,dime,33569,m,y,y,y,n,ecto,mite,,
1995,two22,1,1,2,10,dime,33569,m,y,y,y,n,feces,nega,,
1995,two22,1,1,2,14,dime,33570,f,y,y,y,n,ecto,mite,,
1995,two22,1,1,2,14,dime,33570,f,y,y,y,n,feces,nega,,
1995,two22,1,1,3,19,chin,33571,m,y,n,y,y,st,madi,f,2
1995,two22,1,1,3,19,chin,33571,m,y,n,y,y,feces,nega,,
1995,two22,1,1,3,24,dime,33572,f,y,n,y,n,feces,nega,,
1995,two22,1,1,3,32,chin,33573,f,y,n,y,y,cc,hede,f,2
1995,two22,1,1,3,32,chin,33573,f,y,n,y,y,feces,nega,,
1995,two22,1,1,3,42,pgfl,33574,m,y,y,y,n,ecto,mite,,
1995,two22,1,1,3,42,pgfl,33574,m,y,y,y,n,feces,nega,,
1995,two22,1,1,3,67,chin,33575,m,y,n,y,y,cc,hede,f,1
1995,two22,1,1,3,67,chin,33575,m,y,n,y,y,st,madi,m,1
1995,two22,1,1,3,67,chin,33575,m,y,n,y,y,st,madi,f,2
1995,two22,1,1,3,67,chin,33575,m,y,n,y,y,feces,nega,,
1995,two22,1,1,3,67,chin,33575,m,y,n,y,y,si,nema,,5
1995,two22,1,1,3,69,chin,33576,m,y,n,y,y,cc,hede,m,1
1995,two22,1,1,3,69,chin,33576,m,y,n,y,y,cc,hede,f,2
1995,two22,1,1,3,69,chin,33576,m,y,n,y,y,feces,nega,,
1995,two22,1,1,3,96,dime,33577,f,y,y,y,y,ecto,fapi,,
1995,two22,1,1,3,96,dime,33577,f,y,y,y,y,ecto,mite,,
1995,two22,1,1,3,96,dime,33577,f,y,y,y,y,feces,nega,,
1995,two22,1,1,3,96,dime,33577,f,y,y,y,y,si,ptdi,m,3
1995,two22,1,1,3,96,dime,33577,f,y,y,y,y,si,ptdi,f,11
1995,two22,1,1,3,96,pgfl,33578,f,y,y,y,n,ecto,mite,,
1995,two22,1,1,3,96,pgfl,33578,f,y,y,y,n,feces,nega,,
1995,two22,1,1,3,11,dime,33579,f,y,y,y,y,ecto,fapi,,
1995,two22,1,1,3,11,dime,33579,f,y,y,y,y,ecto,mite,,
1995,two22,1,1,3,11,dime,33579,f,y,y,y,y,feces,nega,,
1995,two22,1,1,3,11,dime,33579,f,y,y,y,y,si,phma,m,1
1995,two22,1,1,3,13,pgfl,33580,f,y,y,y,n,ecto,mite,,
1995,two22,1,1,3,13,pgfl,33580,f,y,y,y,n,feces,nega,,
1995,two22,1,1,3,14,chin,33581,f,y,n,y,y,cc,hede,m,2
1995,two22,1,1,3,14,chin,33581,f,y,n,y,y,cc,hede,f,3
1995,two22,1,1,3,14,chin,33581,f,y,n,y,y,feces,nega,,
1995,two22,1,2,2,32,dime,33589,m,y,y,y,n,ecto,fapi,,
1995,two22,1,2,2,32,dime,33589,m,y,y,y,n,ecto,mite,,
1995,two22,1,2,2,32,dime,33589,m,y,y,y,n,feces,nega,,
1995,two22,1,2,2,10,neal,33590,m,y,n,y,n,feces,nega,,
1995,two22,1,2,3,23,pgfl,33591,m,y,y,y,n,ecto,mite,,
1995,two22,1,2,3,23,pgfl,33591,m,y,y,y,n,feces,nega,,
1995,two22,1,2,3,58,neal,33592,m,y,y,y,n,ecto,anno,,
1995,two22,1,2,3,58,neal,33592,m,y,y,y,n,ecto,cuau,,1
1995,two22,1,2,3,58,neal,33592,m,y,y,y,n,ecto,mite,,
1995,two22,1,2,3,58,neal,33592,m,y,y,y,n,feces,nega,,
1995,two22,1,2,3,69,neal,33593,f,y,y,y,n,ecto,mite,,
1995,two22,1,2,3,69,neal,33593,f,y,y,y,n,feces,nega,,
1995,two22,1,3,2,45,chin,33596,f,y,y,y,n,feces,nega,,
1995,two22,1,3,2,45,chin,33596,f,y,y,y,n,ecto,tick,,
1995,two22,1,3,2,47,chin,33597,f,y,y,y,n,feces,eree,,
1995,two22,1,3,2,47,chin,33597,f,y,y,y,n,ecto,tick,,
1995,two22,1,3,2,13,chin,33598,m,y,y,y,n,feces,nega,,
1995,two22,1,3,2,13,chin,33598,m,y,y,y,n,ecto,tick,,
1995,two22,1,3,2,38,neal,33599,f,y,n,y,y,cc,assp,f,1
1995,two22,1,3,2,38,neal,33599,f,y,n,y,y,ecto,cuau,,3
1995,two22,1,3,2,38,neal,33599,f,y,n,y,y,feces,nega,,
1995,two22,1,3,3,11,pgfl,33600,f,y,n,y,n,feces,nega,,
1995,two22,1,3,3,83,chin,33601,m,y,y,y,y,cc,hede,f,2
1995,two22,1,3,3,83,chin,33601,m,y,y,y,y,feces,nega,,
1995,two22,1,3,3,83,chin,33601,m,y,y,y,y,ecto,tick,,
1995,two22,1,3,3,14,eudo,33602,f,y,y,y,y,cc,deve,m,1
1995,two22,1,3,3,14,eudo,33602,f,y,y,y,y,cc,deve,f,1
1995,two22,1,3,3,14,eudo,33602,f,y,y,y,y,ecto,mite,,
1995,two22,1,3,3,14,eudo,33602,f,y,y,y,y,feces,nega,,
1995,two22,1,3,3,14,eudo,33602,f,y,y,y,y,ecto,nepa,,
1995,two22,3,1,2,43,dime,40023,m,y,n,y,y,st,madi,f,6
1995,two22,3,1,2,43,dime,40023,m,y,n,y,y,feces,nega,,
1995,two22,3,1,2,5,dime,40024,f,y,n,y,n,feces,nega,,
1995,two22,3,1,2,8,dime,40025,f,y,y,y,y,st,madi,f,5
1995,two22,3,1,2,8,dime,40025,f,y,y,y,y,st,madi,m,2
1995,two22,3,1,2,8,dime,40025,f,y,y,y,y,ecto,mite,,
1995,two22,3,1,2,8,dime,40025,f,y,y,y,y,feces,nega,,
1995,two22,3,1,2,35,chin,40026,f,y,n,y,n,feces,nega,,
1995,two22,3,1,2,76,dime,40027,m,y,y,y,y,feces,nega,,
1995,two22,3,1,2,76,dime,40027,m,y,y,y,y,si,rare,,2
1995,two22,3,1,2,76,dime,40027,m,y,y,y,y,ecto,tick,,1
1995,two22,3,1,2,10,dime,40028,f,y,y,y,y,st,madi,f,14
1995,two22,3,1,2,10,dime,40028,f,y,y,y,y,ecto,mite,,
1995,two22,3,1,2,10,dime,40028,f,y,y,y,y,feces,nega,,
1995,two22,3,1,2,11,eudo,40029,m,y,n,y,n,feces,nega,,
1995,two22,3,1,2,12,dime,40030,f,y,y,y,n,feces,echo,,
1995,two22,3,1,2,12,dime,40030,f,y,y,y,n,ecto,mite,,
1995,two22,3,1,2,12,dime,40030,f,y,y,y,n,ecto,tick,,1
1995,two22,3,1,2,14,dime,40031,m,y,y,y,y,ecto,mite,,
1995,two22,3,1,2,14,dime,40031,m,y,y,y,y,feces,nega,,
1995,two22,3,1,2,14,dime,40031,m,y,y,y,y,cc,trsp,,2
1995,two22,3,1,3,18,dime,40032,m,y,y,y,y,ecto,mite,,
1995,two22,3,1,3,18,dime,40032,m,y,y,y,y,feces,nega,,
1995,two22,3,1,3,18,dime,40032,m,y,y,y,y,si,ptdi,f,3
1995,two22,3,1,3,35,dime,40033,m,y,y,y,y,ecto,mite,,
1995,two22,3,1,3,35,dime,40033,m,y,y,y,y,si,mocl,l,1
1995,two22,3,1,3,35,dime,40033,m,y,y,y,y,feces,nega,,
1995,two22,3,1,3,35,dime,40033,m,y,y,y,y,si,ptdi,f,2
1995,two22,3,1,3,33,dime,40034,m,y,n,y,y,st,madi,f,2
1995,two22,3,1,3,33,dime,40034,m,y,n,y,y,feces,nega,,
1995,two22,3,1,3,85,dime,40035,f,y,y,y,n,ecto,mite,,
1995,two22,3,1,3,85,dime,40035,f,y,y,y,n,feces,nega,,
1995,two22,3,1,3,14,dime,40036,f,y,y,y,n,ecto,mite,,
1995,two22,3,1,3,14,dime,40036,f,y,y,y,n,feces,nega,,
1995,two22,3,1,3,14,dime,40037,f,y,y,y,y,ecto,mite,,
1995,two22,3,1,3,14,dime,40037,f,y,y,y,y,feces,nega,,
1995,two22,3,1,3,14,dime,40037,f,y,y,y,y,si,ptdi,f,1
1995,two22,3,1,3,14,dime,40037,f,y,y,y,y,cc,trel,m,1
1995,two22,3,1,2,12,pmtr,40038,m,y,n,y,n,feces,nega,,
1995,two22,3,1,2,13,pmtr,40039,f,y,n,y,n,feces,nega,,
1995,two22,3,2,2,11,pgfv,40040,m,y,y,y,n,ecto,mite,,
1995,two22,3,2,2,11,pgfv,40040,m,y,y,y,n,feces,nega,,
1995,two22,3,2,2,11,pgfv,40040,m,y,y,y,n,ecto,orid,,1
1995,two22,3,2,2,12,dime,40041,m,y,n,y,y,cc,hede,f,5
1995,two22,3,2,2,12,dime,40041,m,y,n,y,y,feces,nega,,
1995,two22,3,2,2,17,chin,40042,f,y,n,y,n,feces,nega,,
1995,two22,3,2,2,21,dime,40043,m,y,y,y,y,ecto,mite,,
1995,two22,3,2,2,21,dime,40043,m,y,y,y,y,feces,nega,,
1995,two22,3,2,2,21,dime,40043,m,y,y,y,y,si,ptdi,f,1
1995,two22,3,2,2,51,pgfv,40044,f,y,n,y,y,cc,hede,f,13
1995,two22,3,2,2,51,pgfv,40044,f,y,n,y,y,cc,hede,m,2
1995,two22,3,2,2,51,pgfv,40044,f,y,n,y,y,feces,nega,,
1995,two22,3,2,2,77,pgfv,40045,f,y,n,y,n,feces,nega,,
1995,two22,3,2,2,36,eudo,40046,f,y,n,y,y,cc,deve,l,1
1995,two22,3,2,2,36,eudo,40046,f,y,n,y,y,feces,nega,,
1995,two22,3,2,2,12,chin,40047,f,y,n,y,n,feces,echa,,
1995,two22,3,2,2,13,dime,40048,f,y,n,y,n,feces,nega,,
1995,two22,3,2,2,13,dime,40049,m,y,y,y,y,cc,hede,f,1
1995,two22,3,2,2,13,dime,40049,m,y,y,y,y,ecto,mite,,
1995,two22,3,2,2,13,dime,40049,m,y,y,y,y,feces,nega,,
1995,two22,3,2,3,58,chin,40050,f,y,n,y,y,st,madi,m,1
1995,two22,3,2,3,58,chin,40050,f,y,n,y,y,feces,nega,,
1995,two22,3,2,2,14,neal,40051,m,y,n,y,y,cc,assp,f,1
1995,two22,3,2,2,14,neal,40051,m,y,n,y,y,feces,ealb,,
1995,two22,3,2,3,89,neal,40052,m,y,n,y,n,feces,ealb,,
1995,two22,3,3,2,35,eudo,40053,m,y,y,y,y,ecto,flea,,3
1995,two22,3,3,2,35,eudo,40053,m,y,y,y,y,feces,nega,,
1995,two22,3,3,2,35,eudo,40053,m,y,y,y,y,si,nema,,2
1995,two22,3,3,2,84,chin,40054,f,y,n,y,n,feces,nega,,
1995,two22,3,3,2,11,eudo,40055,m,y,n,y,n,feces,nega,,
1995,two22,3,3,3,19,pgfl,40056,m,y,n,y,n,feces,eree,,
1995,two22,3,3,2,17,neal,40057,f,y,n,y,n,feces,ealb,,
1995,two22,3,3,2,21,neal,40058,f,y,n,y,n,feces,nega,,
1995,two22,3,3,2,31,neal,40059,m,y,n,y,y,feces,nega,,
1995,two22,3,3,2,31,neal,40059,m,y,n,y,y,si,rase,,3
1995,two22,3,3,2,11,neal,40060,m,y,n,y,n,feces,nega,,
1995,two22,3,3,2,12,neal,40061,m,y,n,y,n,feces,ealb,,
1995,two22,3,3,2,36,pmtr,40062,m,y,n,y,y,si,cape,,1
1995,two22,3,3,2,36,pmtr,40062,m,y,n,y,y,feces,nega,,
1995,two22,3,3,2,87,pmtr,40063,m,y,n,y,y,si,cape,,1
1995,two22,3,3,2,87,pmtr,40063,m,y,n,y,y,feces,nega,,
1995,two22,3,3,2,14,pmtr,40064,m,y,n,y,n,feces,nega,,
1995,two22,3,3,3,32,pmtr,40065,m,y,y,y,n,ecto,flea,,1
1995,two22,3,3,3,32,pmtr,40065,m,y,y,y,n,feces,nega,,
1996,two22,1,2,2,8,dime,40210,m,y,y,y,y,feces,echo,,
1996,two22,1,2,2,8,dime,40210,m,y,y,y,y,ecto,mite,,33
1996,two22,1,2,2,8,dime,40210,m,y,y,y,y,si,rasp,l,1
1996,two22,1,1,2,5,dime,40211,f,y,y,y,n,ecto,mite,,3
1996,two22,1,1,2,5,dime,40211,f,y,y,y,n,feces,nega,,
1996,two22,1,1,2,31,neal,40212,m,y,y,y,y,ecto,mite,,1
1996,two22,1,1,2,31,neal,40212,m,y,y,y,y,si,nene,f,1
1996,two22,1,1,2,31,neal,40212,m,y,y,y,y,feces,unsp,,
1996,two22,1,1,2,32,dime,40213,f,y,y,y,n,ecto,lice,,4
1996,two22,1,1,2,32,dime,40213,f,y,y,y,n,ecto,mite,,28
1996,two22,1,1,2,32,dime,40213,f,y,y,y,n,feces,nega,,
1996,two22,1,1,2,55,dime,40214,f,y,y,y,n,feces,echo,,
1996,two22,1,1,2,55,dime,40214,f,y,y,y,n,ecto,fapi,,31
1996,two22,1,1,2,59,chin,40215,f,y,y,y,n,feces,nega,,
1996,two22,1,1,2,129,dime,40216,m,y,y,y,n,feces,echo,,
1996,two22,1,1,2,129,dime,40216,m,y,y,y,n,ecto,lice,,2
1996,two22,1,1,2,129,dime,40216,m,y,y,y,n,ecto,mite,,
1996,two22,1,1,2,131,dime,40217,f,y,n,y,n,feces,nega,,
1996,two22,1,1,2,139,dime,40218,f,y,y,y,n,ecto,fapi,,4
1996,two22,1,1,2,139,dime,40218,f,y,y,y,n,ecto,mite,,2
1996,two22,1,1,2,139,dime,40218,f,y,y,y,n,feces,nega,,
1996,two22,1,1,3,9,dime,40219,m,y,y,y,y,feces,echo,,
1996,two22,1,1,3,9,dime,40219,m,y,y,y,y,ecto,lice,,1
1996,two22,1,1,3,9,dime,40219,m,y,y,y,y,ecto,mite,,22
1996,two22,1,1,3,9,dime,40219,m,y,y,y,y,si,ptdi,f,2
1996,two22,1,1,3,9,dime,40219,m,y,y,y,y,cc,trsp,m,1
1996,two22,1,1,3,9,dime,40219,m,y,y,y,y,cc,trsp,f,1
1996,two22,1,1,3,22,dime,40220,m,y,y,y,y,feces,echo,,
1996,two22,1,1,3,22,dime,40220,m,y,y,y,y,feces,emer,,
1996,two22,1,1,3,22,dime,40220,m,y,y,y,y,ecto,mite,,15
1996,two22,1,1,3,22,dime,40220,m,y,y,y,y,si,ptdi,f,2
1996,two22,1,1,3,43,chin,40221,m,y,y,y,n,ecto,mite,,28
1996,two22,1,1,3,43,chin,40221,m,y,y,y,n,feces,nega,,
1996,two22,1,1,3,50,pgfl,40222,f,y,y,y,n,feces,eree,,
1996,two22,1,1,3,50,pgfl,40222,f,y,y,y,n,ecto,mite,,5
1996,two22,1,1,3,55,neal,40223,f,y,n,y,n,feces,ebal,,
1996,two22,1,2,2,21,dime,40224,f,y,y,y,n,feces,echo,,
1996,two22,1,2,2,21,dime,40224,f,y,y,y,n,feces,edip,,
1996,two22,1,2,2,21,dime,40224,f,y,y,y,n,ecto,mite,,9
1996,two22,1,2,2,33,dime,40225,m,y,y,y,n,feces,nega,,
1996,two22,1,2,2,104,pmtr,40226,f,y,n,y,y,feces,espp,,
1996,two22,1,2,2,104,pmtr,40226,f,y,n,y,y,bc,unce,l,52
1996,two22,1,2,3,127,pmtr,40227,f,y,n,y,n,feces,nega,,
1996,two22,3,1,3,87,pgfv,40467,m,y,y,y,n,ecto,fapi,,
1996,two22,3,1,3,87,pgfv,40467,m,y,y,y,n,feces,nega,,
1996,two22,3,1,3,91,pgfv,40468,f,y,n,y,n,feces,eree,,
1996,two22,3,1,3,26,dime,40469,m,y,y,y,y,st,madi,m,1
1996,two22,3,1,3,26,dime,40469,m,y,y,y,y,ecto,mite,,
1996,two22,3,1,3,26,dime,40469,m,y,y,y,y,feces,nega,,
1996,two22,3,1,3,26,dime,40469,m,y,y,y,y,si,ptdi,f,2
1996,two22,3,1,3,22,dime,40470,f,y,y,y,n,ecto,mear,,
1996,two22,3,1,3,22,dime,40470,f,y,y,y,n,ecto,mite,,
1996,two22,3,1,3,22,dime,40470,f,y,y,y,n,feces,nega,,
1996,two22,3,1,3,105,pgfv,40471,f,y,y,y,n,feces,eree,,
1996,two22,3,1,3,105,pgfv,40471,f,y,y,y,n,ecto,meni,,
1996,two22,3,1,3,105,pgfv,40471,f,y,y,y,n,ecto,mite,,
1996,two22,3,1,3,105,pgfv,40471,f,y,y,y,n,ecto,tick,,
1996,two22,3,1,2,31,neal,40472,m,y,n,y,n,feces,ealb,,
1996,two22,3,1,2,33,pmle,40473,f,y,y,y,n,feces,elan,,
1996,two22,3,1,2,33,pmle,40473,f,y,y,y,n,ecto,flea,,
1996,two22,3,1,2,33,pmle,40473,f,y,y,y,n,ecto,mite,,
1996,two22,3,1,2,33,pmle,40473,f,y,y,y,n,ecto,tick,,
1996,two22,3,1,2,65,pmtr,40474,m,y,n,y,n,feces,nega,,
1996,two22,3,1,2,111,pmtr,40475,f,y,n,y,n,feces,nega,,
1996,two22,3,2,2,33,dime,40479,f,y,y,y,n,ecto,mite,,
1996,two22,3,2,3,22,dime,40480,f,y,y,y,n,ecto,fapi,,
1996,two22,3,2,3,22,dime,40480,f,y,y,y,n,ecto,mite,,
1996,two22,3,2,3,83,dime,40481,m,y,y,y,y,ecto,mear,,
1996,two22,3,2,3,83,dime,40481,m,y,y,y,y,ecto,mite,,
1996,two22,3,2,3,83,dime,40481,m,y,y,y,y,si,ptdi,m,7
1996,two22,3,2,3,83,dime,40481,m,y,y,y,y,si,ptdi,f,2
1996,two22,3,2,2,31,pmle,40482,m,y,y,y,n,ecto,tick,,
1997,goatdraw,1,1,4,103,neal,44030,f,y,n,y,y,ealb,ealb,,
1997,goatdraw,1,1,4,103,neal,44030,f,y,n,y,y,si,hepo,f,5
1997,goatdraw,1,1,4,103,neal,44030,f,y,n,y,y,si,hepo,m,6
1997,goatdraw,1,1,2,11,pmtr,44031,f,y,n,y,n,feces,nega,,
1997,goatdraw,1,1,2,47,pmtr,44032,m,y,y,y,n,feces,nega,,
1997,goatdraw,1,1,2,47,pmtr,44032,m,y,y,y,n,ecto,orca,,1
1997,goatdraw,1,1,2,47,pmtr,44032,m,y,y,y,n,ecto,orag,,
1997,goatdraw,1,1,2,47,pmtr,44032,m,y,y,y,n,ecto,orle,,
1997,goatdraw,1,1,2,58,pmtr,44033,f,y,n,y,n,feces,nega,,
1997,goatdraw,1,1,2,68,pmtr,44034,m,y,n,y,n,feces,nega,,
1997,goatdraw,1,1,2,69,pmtr,44035,m,y,n,y,n,feces,iper,,
1997,goatdraw,1,1,2,120,pmtr,44036,m,y,n,y,n,feces,nega,,
1997,goatdraw,1,1,2,125,pmtr,44037,f,y,n,y,n,feces,nega,,
1997,goatdraw,1,1,4,34,pmtr,44038,f,y,n,y,n,feces,nega,,
1997,goatdraw,1,1,4,47,pmtr,44039,m,y,n,y,n,feces,nega,,
1997,goatdraw,1,1,4,54,pmtr,44040,m,y,y,y,n,feces,nega,,
1997,goatdraw,1,1,4,54,pmtr,44040,m,y,y,y,n,ecto,orca,,1
1997,goatdraw,1,1,4,54,pmtr,44040,m,y,y,y,n,ecto,orag,,
1997,goatdraw,1,1,4,54,pmtr,44040,m,y,y,y,n,ecto,orle,,
1997,goatdraw,1,1,4,81,pmtr,44041,m,y,y,y,y,feces,nega,,
1997,goatdraw,1,1,4,81,pmtr,44041,m,y,y,y,y,cc,asac,f,1
1997,goatdraw,1,1,4,81,pmtr,44041,m,y,y,y,y,ecto,orle,,1
1997,goatdraw,1,1,4,108,pmtr,44042,m,y,y,y,n,feces,nega,,
1997,goatdraw,1,1,4,108,pmtr,44042,m,y,y,y,n,ecto,orle,,3
1997,goatdraw,1,1,5,25,pmtr,44044,m,y,n,y,y,feces,nega,,
1997,goatdraw,1,1,5,25,pmtr,44044,m,y,n,y,y,si,unce,l,2
1997,goatdraw,1,3,5,25,pmtr,44044,m,y,n,y,y,si,lost,,5
1997,goatdraw,1,3,2,60,pmtr,44045,m,y,n,y,n,feces,nega,,
1997,goatdraw,1,3,4,65,neal,44046,m,y,y,y,y,feces,ealb,,
1997,goatdraw,1,3,4,65,neal,44046,m,y,y,y,y,cc,trsp,m,1
1997,goatdraw,1,3,4,65,neal,44046,m,y,y,y,y,cc,asac,f,1
1997,5pgrass,1,1,1,9,pgfv,44050,m,y,n,y,n,feces,nega,,
1997,5pgrass,1,1,1,11,pgfv,44051,f,y,n,y,n,feces,nega,,
1997,5pgrass,1,1,1,16,pgfv,44052,f,y,n,y,n,feces,nega,,
1997,5pgrass,1,1,1,21,pgfv,44053,f,y,n,y,n,feces,eree,,
1997,5pgrass,1,1,1,26,pgfv,44054,f,y,n,y,n,feces,nega,,
1997,5pgrass,1,1,1,47,pgfv,44055,m,y,n,y,n,feces,eree,,
1997,5pgrass,1,1,1,48,pgfv,44056,f,y,n,y,y,st,hede,f,1
1997,5pgrass,1,1,1,48,pgfv,44056,f,y,n,y,y,feces,eree,,
1997,5pgrass,1,1,1,50,dior,44057,f,y,n,y,n,feces,nega,,
1997,5pgrass,1,1,1,52,pgfv,44058,m,y,n,y,n,feces,nega,,
1997,5pgrass,1,1,1,57,pgfv,44059,m,y,n,y,n,feces,nega,,
1997,5pgrass,1,1,1,58,dior,44060,f,y,y,y,n,feces,nega,,
1997,5pgrass,1,1,1,58,dior,44060,f,y,y,y,n,ecto,,,
1997,5pgrass,1,1,1,66,dior,44061,m,y,n,y,n,feces,ebal,,
1997,5pgrass,1,1,1,71,dior,44062,m,y,y,y,n,feces,nega,,
1997,5pgrass,1,1,1,71,dior,44062,m,y,y,y,n,ecto,mite,,1
1997,5pgrass,1,1,1,72,pgfv,44063,m,y,n,y,n,feces,nega,,
1997,5pgrass,1,1,1,83,dior,44064,f,y,n,y,y,st,unce,l,1
1997,5pgrass,1,1,1,83,dior,44064,f,y,n,y,y,feces,nega,,
1997,5pgrass,1,1,1,84,dior,44065,f,y,y,y,n,feces,nega,,
1997,5pgrass,1,1,1,84,dior,44065,f,y,y,y,n,ecto,,,
1997,5pgrass,1,1,1,92,pgfv,44066,f,y,n,y,n,feces,eree,,
1997,5pgrass,1,1,1,99,dior,44067,f,y,n,y,n,feces,nega,,
1997,5pgrass,1,1,1,100,pgfv,44068,f,y,y,y,n,feces,nega,,
1997,5pgrass,1,1,1,100,pgfv,44068,f,y,y,y,n,ecto,fapi,,
1997,5pgrass,1,1,1,107,dior,44069,m,y,n,y,n,feces,nega,,
1997,5pgrass,1,1,1,109,pgfv,44070,f,y,n,y,n,feces,nega,,
1997,5pgrass,1,1,1,112,pgfv,44071,m,y,y,y,n,feces,nega,,
1997,5pgrass,1,1,1,112,pgfv,44071,m,y,y,y,n,ecto,mite,,
1997,5pgrass,1,1,1,114,pgfv,44072,m,y,n,y,n,feces,nega,,
1997,5pgrass,1,1,1,125,dior,44073,f,y,n,y,y,si,ralo,,4
1997,5pgrass,1,1,1,125,dior,44073,f,y,n,y,y,feces,nega,,
1997,5pgrass,1,1,1,127,dior,44074,m,y,y,y,n,feces,nega,,
1997,5pgrass,1,1,1,127,dior,44074,m,y,y,y,n,ecto,,,
1997,5pgrass,1,1,1,133,pgfv,44075,f,y,y,y,n,feces,nega,,
1997,5pgrass,1,1,1,133,pgfv,44075,f,y,y,y,n,ecto,fapi,,
1997,5pgrass,1,1,1,138,pgfv,44076,m,y,n,y,n,feces,nega,,
1997,5pgrass,1,1,1,140,dior,44077,m,y,n,y,n,feces,nega,,
1997,5pgrass,1,1,4,6,dior,44078,f,y,n,y,n,feces,nega,,
1997,5pgrass,1,1,4,16,pgfv,44079,f,y,y,y,n,feces,nega,,
1997,5pgrass,1,1,4,16,pgfv,44079,f,y,y,y,n,ecto,fapi,,
1997,5pgrass,1,1,4,12,pgfv,44080,f,y,n,y,n,feces,nega,,
1997,5pgrass,1,1,4,23,pgfv,44081,f,y,y,y,n,feces,nega,,
1997,5pgrass,1,1,4,23,pgfv,44081,f,y,y,y,n,ecto,,,
1997,5pgrass,1,1,4,35,dior,44082,m,y,y,y,n,feces,nega,,
1997,5pgrass,1,1,4,35,dior,44082,m,y,y,y,n,ecto,,,
1997,5pgrass,1,1,4,41,pgfv,44083,m,y,n,y,n,feces,nega,,
1997,5pgrass,1,1,4,45,dime,44084,m,y,y,y,n,feces,nega,,
1997,5pgrass,1,1,4,45,dime,44084,m,y,y,y,n,ecto,,,
1997,5pgrass,1,1,4,48,spsp,44085,m,y,y,y,y,st,sype,f,3
1997,5pgrass,1,1,4,48,spsp,44085,m,y,y,y,y,st,phma,f,9
1997,5pgrass,1,1,4,48,spsp,44085,m,y,y,y,y,si,phma,f,1
1997,5pgrass,1,1,4,48,spsp,44085,m,y,y,y,y,cc,citr,m,3
1997,5pgrass,1,1,4,48,spsp,44085,m,y,y,y,y,cc,citr,f,3
1997,5pgrass,1,1,4,48,spsp,44085,m,y,y,y,y,feces,nega,,
1997,5pgrass,1,1,4,48,spsp,44085,m,y,y,y,y,ecto,ecga,,
1997,5pgrass,1,1,4,48,spsp,44085,m,y,y,y,y,ecto,orid,,
1997,5pgrass,1,1,4,48,spsp,44085,m,y,y,y,y,ecto,thbc,,
1997,5pgrass,1,1,4,49,pgfv,44086,m,y,n,y,n,feces,nega,,
1997,5pgrass,1,1,4,54,pgfv,44087,m,y,y,y,n,feces,nega,,
1997,5pgrass,1,1,4,54,pgfv,44087,m,y,y,y,n,ecto,,,
1997,5pgrass,1,1,4,64,pgfv,44088,f,y,n,y,n,feces,nega,,
1997,5pgrass,1,1,4,70,dior,44089,f,y,y,y,n,feces,nega,,
1997,5pgrass,1,1,4,70,dior,44089,f,y,y,y,n,ecto,mite,,
1997,5pgrass,1,1,4,81,dior,44090,f,y,y,y,n,feces,nega,,
1997,5pgrass,1,1,4,81,dior,44090,f,y,y,y,n,ecto,,,
1997,5pgrass,1,1,4,88,pgfv,44091,m,y,y,y,y,st,hede,f,1
1997,5pgrass,1,1,4,88,pgfv,44091,m,y,y,y,y,feces,nega,,
1997,5pgrass,1,1,4,88,pgfv,44091,m,y,y,y,y,ecto,fapi,,
1997,5pgrass,1,1,4,89,pgfv,44092,f,y,y,y,n,feces,nega,,
1997,5pgrass,1,1,4,89,pgfv,44092,f,y,y,y,n,ecto,fapi,,
1997,5pgrass,1,1,4,90,dior,44093,m,y,y,y,n,feces,nega,,
1997,5pgrass,1,1,4,90,dior,44093,m,y,y,y,n,ecto,,,
1997,5pgrass,1,1,4,103,pgfv,44094,f,y,y,y,n,feces,nega,,
1997,5pgrass,1,1,4,103,pgfv,44094,f,y,y,y,n,ecto,,,
1997,5pgrass,1,1,4,105,pgfv,44095,f,y,y,y,y,cc,hede,f,1
1997,5pgrass,1,1,4,105,pgfv,44095,f,y,y,y,y,feces,nega,,
1997,5pgrass,1,1,4,105,pgfv,44095,f,y,y,y,y,ecto,lice,,1
1997,5pgrass,1,1,4,105,pgfv,44095,f,y,y,y,y,ecto,mite,,
1997,5pgrass,1,1,4,113,disp,44096,f,y,y,y,y,feces,nega,,
1997,5pgrass,1,1,4,113,disp,44096,f,y,y,y,y,cc,trsp,m,4
1997,5pgrass,1,1,4,113,disp,44096,f,y,y,y,y,cc,trsp,f,3
1997,5pgrass,1,1,4,113,disp,44096,f,y,y,y,y,cc,hede,f,1
1997,5pgrass,1,1,4,113,disp,44096,f,y,y,y,y,ecto,mear,,3
1997,5pgrass,1,1,4,117,dior,44097,m,y,y,y,n,feces,nega,,
1997,5pgrass,1,1,4,117,dior,44097,m,y,y,y,n,ecto,masi,,
1997,5pgrass,1,1,4,119,pgfv,44098,f,y,y,y,n,feces,nega,,
1997,5pgrass,1,1,4,119,pgfv,44098,f,y,y,y,n,ecto,,,
1997,5pgrass,1,1,4,129,pgfv,44099,m,y,n,y,n,feces,nega,,
1997,5pgrass,1,1,4,131,pgfv,44100,m,y,y,y,n,feces,nega,,
1997,5pgrass,1,1,4,131,pgfv,44100,m,y,y,y,n,ecto,mite,,
1997,5pgrass,1,1,4,131,pgfv,44100,m,y,y,y,n,ecto,lice,,
1997,5pgrass,1,1,4,136,pgfv,44101,f,y,n,y,n,feces,nega,,
1997,5pgrass,1,1,4,34,or,44102,f,y,y,y,n,feces,nega,,
1997,5pgrass,1,1,4,34,or,44102,f,y,y,y,n,ecto,lice,,
1997,5pgrass,1,1,4,34,or,44102,f,y,y,y,n,ecto,mite,,
1997,5pgrass,1,2,1,4,pgfv,44117,m,y,n,y,n,feces,eree,,
1997,5pgrass,1,2,1,24,pgfv,44118,m,y,n,y,n,feces,eree,,
1997,5pgrass,1,2,1,28,pgfv,44119,f,y,n,y,n,feces,nega,,
1997,5pgrass,1,2,1,32,pgfv,44120,m,y,n,y,n,feces,nega,,
1997,5pgrass,1,2,1,34,pgfv,44121,f,y,n,y,n,feces,nega,,
1997,5pgrass,1,2,1,35,dior,44122,f,y,n,y,n,feces,nega,,
1997,5pgrass,1,2,1,36,pgfv,44123,f,y,n,y,n,feces,nega,,
1997,5pgrass,1,2,1,38,pgfv,44124,m,y,y,y,n,feces,nega,,
1997,5pgrass,1,2,1,38,pgfv,44124,m,y,y,y,n,ecto,fapi,,
1997,5pgrass,1,2,1,41,pgfv,44125,f,y,y,y,n,feces,nega,,
1997,5pgrass,1,2,1,41,pgfv,44125,f,y,y,y,n,ecto,,,
1997,5pgrass,1,2,1,45,dior,44126,m,y,y,y,n,feces,ebal,,
1997,5pgrass,1,2,1,45,dior,44126,m,y,y,y,n,ecto,,,
1997,5pgrass,1,2,1,47,pgfv,44127,f,y,n,y,n,feces,nega,,
1997,5pgrass,1,2,1,48,pgfv,44128,m,y,y,y,y,cc,hede,m,2
1997,5pgrass,1,2,1,48,pgfv,44128,m,y,y,y,y,feces,eree,,
1997,5pgrass,1,2,1,48,pgfv,44128,m,y,y,y,y,ecto,,,
1997,5pgrass,1,2,1,57,dior,44129,m,y,y,y,n,feces,nega,,
1997,5pgrass,1,2,1,57,dior,44129,m,y,y,y,n,ecto,,,
1997,5pgrass,1,2,1,58,pgfv,44130,m,y,y,y,n,feces,nega,,
1997,5pgrass,1,2,1,58,pgfv,44130,m,y,y,y,n,ecto,,,
1997,5pgrass,1,2,1,71,pgfv,44131,m,y,y,y,n,feces,nega,,
1997,5pgrass,1,2,1,71,pgfv,44131,m,y,y,y,n,ecto,fapi,,
1997,5pgrass,1,2,1,78,pgfv,44132,m,y,y,y,n,feces,nega,,
1997,5pgrass,1,2,1,78,pgfv,44132,m,y,y,y,n,ecto,fapi,,
1997,5pgrass,1,2,1,80,pgfv,44133,f,y,y,y,n,feces,eree,,
1997,5pgrass,1,2,1,80,pgfv,44133,f,y,y,y,n,ecto,fapi,,
1997,5pgrass,1,2,1,81,pgfv,44134,f,y,n,y,n,feces,nega,,
1997,5pgrass,1,2,1,84,dior,44135,m,y,y,y,n,feces,nega,,
1997,5pgrass,1,2,1,84,dior,44135,m,y,y,y,n,ecto,mite,,
1997,5pgrass,1,2,1,91,pgfv,44136,m,y,y,y,n,feces,nega,,
1997,5pgrass,1,2,1,92,pgfv,44136,m,y,y,y,n,ecto,mite,,
1997,5pgrass,1,2,1,93,pgfv,44137,f,y,y,y,n,feces,eree,,
1997,5pgrass,1,2,1,93,pgfv,44137,f,y,y,y,n,ecto,,,
1997,5pgrass,1,2,1,94,pgfv,44138,m,y,y,y,n,feces,nega,,
1997,5pgrass,1,2,1,94,pgfv,44138,m,y,y,y,n,ecto,fapi,,
1997,5pgrass,1,2,1,94,pgfv,44138,m,y,y,y,n,ecto,mite,,1
1997,5pgrass,1,2,1,99,pgfv,44139,m,y,y,y,n,feces,eree,,
1997,5pgrass,1,2,1,99,pgfv,44139,m,y,y,y,n,ecto,lice,,1
1997,5pgrass,1,2,1,101,pgfv,44140,m,y,y,y,n,feces,eree,,
1997,5pgrass,1,2,1,101,pgfv,44140,m,y,y,y,n,ecto,lice,,1
1997,5pgrass,1,2,1,104,pgfv,44141,m,y,y,y,n,feces,nega,,
1997,5pgrass,1,2,1,104,pgfv,44141,m,y,y,y,n,ecto,lice,,1
1997,5pgrass,1,2,1,108,pgfv,44142,m,y,y,y,n,feces,nega,,
1997,5pgrass,1,2,1,108,pgfv,44142,m,y,y,y,n,ecto,fapi,,1
1997,5pgrass,1,2,1,120,pgfv,44143,m,y,n,y,n,feces,nega,,
1997,5pgrass,1,2,1,144,disp,44144,f,y,n,y,n,feces,nega,,
1997,5pgrass,1,2,4,18,pgfv,44145,m,y,n,y,n,feces,nega,,
1997,5pgrass,1,2,4,23,dior,44146,f,y,y,y,y,cc,hede,f,1
1997,5pgrass,1,2,4,23,dior,44146,f,y,y,y,y,cc,trsp,f,2
1997,5pgrass,1,2,4,23,dior,44146,f,y,y,y,y,feces,nega,,
1997,5pgrass,1,2,4,23,dior,44146,f,y,y,y,y,ecto,mite,,1
1997,5pgrass,1,2,4,29,pgfv,44147,f,y,n,y,n,feces,nega,,
1997,5pgrass,1,2,4,32,pgfv,44148,m,y,y,y,n,feces,nega,,
1997,5pgrass,1,2,4,32,pgfv,44148,m,y,y,y,n,ecto,mite,,1
1997,5pgrass,1,2,4,33,pgfv,44149,m,y,y,y,n,feces,nega,,
1997,5pgrass,1,2,4,33,pgfv,44149,m,y,y,y,n,ecto,mite,,
1997,5pgrass,1,2,4,34,dior,44150,f,y,y,y,n,feces,nega,,
1997,5pgrass,1,2,4,34,dior,44150,f,y,y,y,n,ecto,mite,,2
1997,5pgrass,1,2,4,36,pgfv,44151,m,y,n,y,n,feces,nega,,
1997,5pgrass,1,2,4,48,pgfv,44152,m,y,n,y,n,feces,nega,,
1997,5pgrass,1,2,4,49,pgfv,44153,f,y,n,y,n,feces,nega,,
1997,5pgrass,1,2,4,54,pgfv,44154,m,y,n,y,n,feces,nega,,
1997,5pgrass,1,2,4,57,pgfv,44155,f,y,n,y,n,feces,nega,,
1997,5pgrass,1,2,4,58,disp,44156,m,y,y,y,y,si,hysp,,9
1997,5pgrass,1,2,4,58,disp,44156,m,y,y,y,y,cc,hede,m,2
1997,5pgrass,1,2,4,58,disp,44156,m,y,y,y,y,feces,nega,,
1997,5pgrass,1,2,4,58,disp,44156,m,y,y,y,y,ecto,fapi,,1
1997,5pgrass,1,2,4,58,disp,44156,m,y,y,y,y,ecto,mite,,5
1997,5pgrass,1,2,4,58,disp,44156,m,y,y,y,y,ecto,lice,,2
1997,5pgrass,1,2,4,59,disp,44157,f,y,y,y,y,cc,hede,f,5
1997,5pgrass,1,2,4,59,disp,44157,f,y,y,y,y,cc,trsp,m,11
1997,5pgrass,1,2,4,59,disp,44157,f,y,y,y,y,cc,trsp,f,7
1997,5pgrass,1,2,4,59,disp,44157,f,y,y,y,y,feces,nega,,
1997,5pgrass,1,2,4,59,disp,44157,f,y,y,y,y,ecto,flea,,1
1997,5pgrass,1,2,4,62,pgfv,44158,f,y,y,y,n,feces,nega,,
1997,5pgrass,1,2,4,62,pgfv,44158,f,y,y,y,n,ecto,fapi,,1
1997,5pgrass,1,2,4,65,dior,44159,f,y,y,y,n,feces,nega,,
1997,5pgrass,1,2,4,65,dior,44159,f,y,y,y,n,ecto,mite,,
1997,5pgrass,1,2,4,71,pgfv,44160,m,y,y,y,n,feces,nega,,
1997,5pgrass,1,2,4,71,pgfv,44160,m,y,y,y,n,ecto,lice,,1
1997,5pgrass,1,2,4,71,pgfv,44160,m,y,y,y,n,ecto,mite,,15
1997,5pgrass,1,2,4,72,dior,44161,m,y,y,y,n,feces,nega,,
1997,5pgrass,1,2,4,72,dior,44161,m,y,y,y,n,ecto,mite,,11
1997,5pgrass,1,2,4,72,dior,44161,m,y,y,y,n,ecto,lice,,5
1997,5pgrass,1,2,4,80,dior,44162,m,y,y,y,y,cc,trsp,f,1
1997,5pgrass,1,2,4,80,dior,44162,m,y,y,y,y,feces,nega,,
1997,5pgrass,1,2,4,80,dior,44162,m,y,y,y,y,ecto,mite,,1
1997,5pgrass,1,2,4,81,dior,44163,f,y,y,y,y,cc,trsp,m,3
1997,5pgrass,1,2,4,81,dior,44163,f,y,y,y,y,feces,nega,,
1997,5pgrass,1,2,4,81,dior,44163,f,y,y,y,y,ecto,lice,,8
1997,5pgrass,1,2,4,81,dior,44163,f,y,y,y,y,ecto,mite,,
1997,5pgrass,1,2,4,96,dior,44164,f,y,n,y,y,cc,trsp,f,1
1997,5pgrass,1,2,4,96,dior,44164,f,y,n,y,y,feces,nega,,
1997,5pgrass,1,2,4,98,pgfv,44165,f,y,n,y,n,feces,nega,,
1997,5pgrass,1,2,4,129,pgfv,44166,f,y,n,y,n,feces,nega,,
1997,5pgrass,1,2,4,132,pgfv,44167,m,y,n,y,y,cc,hede,f,1
1997,5pgrass,1,2,4,132,pgfv,44167,m,y,n,y,y,cc,hede,m,6
1997,5pgrass,1,2,4,132,pgfv,44167,m,y,n,y,y,feces,nega,,
1997,5pgrass,1,2,4,140,pgfv,44168,f,y,y,y,n,feces,nega,,
1997,5pgrass,1,2,4,140,pgfv,44168,f,y,y,y,n,ecto,lice,,3
1997,5pgrass,1,2,4,140,pgfv,44168,f,y,y,y,n,ecto,mite,,4
1997,5pgrass,1,2,4,143,pgfv,44169,f,y,n,y,n,feces,nega,,
1997,5pgrass,1,2,4,144,pgfv,44170,m,y,n,y,n,feces,nega,,
1997,5pgrass,1,2,4,35,or,44171,f,y,n,y,y,feces,nega,,
1997,5pgrass,1,2,4,35,or,44171,f,y,n,y,y,si,hysp,,7
1997,5pgrass,1,2,4,35,or,44171,f,y,n,y,y,si,mocl,f,1
1997,5pgrass,1,2,4,35,or,44171,f,y,n,y,y,cc,oxsp,m,1
1997,5pgrass,1,2,4,35,or,44171,f,y,n,y,y,cc,oxsp,f,6
1997,5pgrass,1,3,4,0,or,44184,m,y,y,y,y,si,hysp,,14
1997,5pgrass,1,3,4,0,or,44184,m,y,y,y,y,feces,eony,,
1997,5pgrass,1,3,4,0,or,44184,m,y,y,y,y,ecto,mite,,
1997,5pgrass,1,3,4,0,or,44184,m,y,y,y,y,ecto,unfl,,1
1997,5pgrass,1,3,4,0,or,44185,m,y,y,y,y,si,hysp,,3
1997,5pgrass,1,3,4,0,or,44185,m,y,y,y,y,feces,eony,,
1997,5pgrass,1,3,4,0,or,44185,m,y,y,y,y,ecto,fapi,,
1997,5pgrass,1,3,1,0,pgfv,44186,m,y,y,y,n,feces,eree,,
1997,5pgrass,1,3,1,0,pgfv,44186,m,y,y,y,n,ecto,lice,,2
1997,5pgrass,1,3,1,0,pgfv,44187,f,y,y,y,n,feces,nega,,
1997,5pgrass,1,3,1,0,pgfv,44187,f,y,y,y,n,ecto,lice,,1
1997,5pgrass,1,3,1,0,pgfv,44188,m,y,y,y,n,feces,nega,,
1997,5pgrass,1,3,1,0,pgfv,44189,f,y,n,y,n,feces,nega,,
1997,5pgrass,1,3,1,0,pgfv,44190,m,y,n,y,y,cc,hede,m,3
1997,5pgrass,1,3,1,0,pgfv,44190,m,y,n,y,y,feces,eree,,
1997,5pgrass,1,3,1,0,pgfv,44191,m,y,y,y,n,feces,nega,,
1997,5pgrass,1,3,1,0,pgfv,44191,m,y,y,y,n,ecto,lice,,
1997,5pgrass,1,3,1,0,pgfv,44191,m,y,y,y,n,ecto,mite,,1
1997,5pgrass,1,3,1,0,pgfv,44192,m,y,y,y,n,feces,eree,,
1997,5pgrass,1,3,1,0,pgfv,44192,m,y,y,y,n,ecto,mite,,1
1997,5pgrass,1,3,1,0,pgfv,44193,f,y,n,y,n,feces,nega,,
1997,5pgrass,1,3,1,0,pgfv,44194,m,y,y,y,n,feces,nega,,
1997,5pgrass,1,3,1,0,pgfv,44194,m,y,y,y,n,ecto,mite,,1
1997,5pgrass,1,3,1,0,pgfv,44195,m,y,y,y,n,feces,nega,,
1997,5pgrass,1,3,1,0,pgfv,44195,m,y,y,y,n,ecto,mite,,
1997,5pgrass,1,3,1,0,pgfv,44196,f,y,n,y,n,feces,nega,,
1997,5pgrass,1,3,1,0,pgfv,44197,m,y,n,y,n,feces,nega,,
1997,5pgrass,1,3,1,0,dior,44198,m,y,y,y,n,feces,nega,,
1997,5pgrass,1,3,1,0,dior,44198,m,y,y,y,n,ecto,lice,,1
1997,5pgrass,1,3,1,0,dior,44199,f,y,y,y,n,feces,nega,,
1997,5pgrass,1,3,1,0,dior,44199,f,y,y,y,n,ecto,mite,,
1997,5pgrass,1,3,1,0,pgfv,44200,m,y,y,y,n,feces,eree,,
1997,5pgrass,1,3,1,0,pgfv,44200,m,y,y,y,n,ecto,fapi,,
1997,5pgrass,1,3,1,0,pgfv,44201,m,y,n,y,n,feces,nega,,
1997,5pgrass,1,3,1,0,pgfv,44202,m,y,n,y,n,feces,nega,,
1997,5pgrass,1,3,1,0,pgfv,44203,f,y,y,y,n,feces,nega,,
1997,5pgrass,1,3,1,0,pgfv,44203,f,y,y,y,n,ecto,mite,,
1997,5pgrass,1,3,1,0,pgfv,44204,m,y,n,y,n,feces,nega,,
1997,5pgrass,1,3,1,0,pgfv,44205,m,y,y,y,n,feces,eree,,
1997,5pgrass,1,3,1,0,pgfv,44205,m,y,y,y,n,ecto,lice,,1
1997,5pgrass,1,3,4,0,dior,44206,m,y,y,y,n,feces,nega,,
1997,5pgrass,1,3,4,0,dior,44206,m,y,y,y,n,ecto,lice,,
1997,5pgrass,1,3,4,0,dior,44207,m,y,y,y,n,feces,nega,,
1997,5pgrass,1,3,4,0,dior,44207,m,y,y,y,n,ecto,mite,,
1997,5pgrass,1,3,4,0,disp,44208,m,y,y,y,y,si,hysp,,5
1997,5pgrass,1,3,4,0,disp,44208,m,y,y,y,y,cc,trsp,f,1
1997,5pgrass,1,3,4,0,disp,44208,m,y,y,y,y,cc,trsp,m,1
1997,5pgrass,1,3,4,0,disp,44208,m,y,y,y,y,feces,nega,,
1997,5pgrass,1,3,4,0,disp,44208,m,y,y,y,y,ecto,lice,,1
1997,5pgrass,1,3,4,0,dior,44209,m,y,y,y,n,feces,nega,,
1997,5pgrass,1,3,4,0,dior,44209,m,y,y,y,n,ecto,mite,,
1997,5pgrass,1,3,4,0,dior,44210,f,y,y,y,n,feces,nega,,
1997,5pgrass,1,3,4,0,dior,44210,f,y,y,y,n,ecto,mite,,
1997,5pgrass,1,3,4,0,pgfv,44211,m,y,y,y,n,feces,eree,,
1997,5pgrass,1,3,4,0,pgfv,44211,m,y,y,y,n,ecto,fapi,,
1997,5pgrass,1,3,4,0,pgfv,44212,f,y,n,y,n,feces,nega,,
1997,5pgrass,1,3,4,0,pgfv,44213,m,y,y,y,n,feces,eree,,
1997,5pgrass,1,3,4,0,pgfv,44213,m,y,y,y,n,ecto,mite,,
1997,5pgrass,1,3,4,0,pgfv,44214,f,y,n,y,n,feces,nega,,
1997,5pgrass,1,3,4,0,pgfv,44215,m,y,y,y,n,feces,nega,,
1997,5pgrass,1,3,4,0,pgfv,44215,m,y,y,y,n,ecto,mite,,
1997,5pgrass,1,3,4,0,pgfv,44216,f,y,y,y,n,feces,nega,,
1997,5pgrass,1,3,4,0,pgfv,44216,f,y,y,y,n,ecto,fapi,,
1997,5pgrass,1,3,4,0,pgfv,44217,f,y,n,y,n,feces,nega,,
1997,5pgrass,1,3,4,0,pgfv,44218,m,y,n,y,n,feces,nega,,
1997,5pgrass,1,3,4,0,pgfv,44219,m,y,y,y,n,feces,nega,,
1997,5pgrass,1,3,4,0,pgfv,44219,m,y,y,y,n,ecto,mite,,
1997,5pgrass,1,3,4,0,pgfv,44220,m,y,y,y,n,feces,nega,,
1997,5pgrass,1,3,4,0,pgfv,44220,m,y,y,y,n,ecto,fapi,,
1997,5pgrass,1,3,4,0,pgfv,44221,f,y,n,y,n,feces,nega,,
1997,5pgrass,1,3,4,0,pgfv,44222,f,y,n,y,n,feces,nega,,
1997,5pgrass,1,3,4,0,pgfv,44223,m,y,n,y,n,feces,nega,,
1997,5pgrass,1,3,4,0,pgfv,44224,m,y,y,y,n,feces,nega,,
1997,5pgrass,1,3,4,0,pgfv,44224,m,y,y,y,n,ecto,fapi,,
1997,5pgrass,1,3,4,0,pgfv,44225,f,y,y,y,n,feces,nega,,
1997,5pgrass,1,3,4,0,pgfv,44225,f,y,y,y,n,ecto,fapi,,
1997,5plarrea,1,1,4,3,pgfv,44232,f,y,n,y,n,feces,nega,,
1997,5plarrea,1,1,4,11,dior,44233,m,y,y,y,y,st,trsp,f,5
1997,5plarrea,1,1,4,11,dior,44233,m,y,y,y,y,st,trsp,m,2
1997,5plarrea,1,1,4,11,dior,44233,m,y,y,y,y,feces,nega,,
1997,5plarrea,1,1,4,11,dior,44233,m,y,y,y,y,ecto,mite,,
1997,5plarrea,1,1,4,7,pgfv,44234,m,y,y,y,n,feces,nega,,
1997,5plarrea,1,1,4,7,pgfv,44234,m,y,y,y,n,ecto,fapi,,
1997,5plarrea,1,1,4,8,pgfv,44235,m,y,y,y,n,feces,nega,,
1997,5plarrea,1,1,4,8,pgfv,44235,m,y,y,y,n,ecto,mite,,
1997,5plarrea,1,1,4,8,pgfv,44235,m,y,y,y,n,ecto,lice,,1
1997,5plarrea,1,1,4,13,pgfv,44236,f,y,n,y,n,feces,nega,,
1997,5plarrea,1,1,4,17,pgfv,44237,f,y,y,y,n,feces,nega,,
1997,5plarrea,1,1,4,17,pgfv,44237,f,y,y,y,n,ecto,fapi,,
1997,5plarrea,1,1,4,21,dime,44238,m,y,y,y,y,si,ptdi,f,12
1997,5plarrea,1,1,4,21,dime,44238,m,y,y,y,y,si,ptdi,m,1
1997,5plarrea,1,1,4,21,dime,44238,m,y,y,y,y,cc,trsp,f,1
1997,5plarrea,1,1,4,21,dime,44238,m,y,y,y,y,feces,nega,,
1997,5plarrea,1,1,4,21,dime,44238,m,y,y,y,y,ecto,mite,,
1997,5plarrea,1,1,4,24,dime,44239,m,y,y,y,n,feces,nega,,
1997,5plarrea,1,1,4,24,dime,44239,m,y,y,y,n,ecto,mite,,
1997,5plarrea,1,1,4,46,dime,44240,f,y,n,y,y,st,ptdi,f,1
1997,5plarrea,1,1,4,46,dime,44240,f,y,n,y,y,st,madi,f,14
1997,5plarrea,1,1,4,46,dime,44240,f,y,n,y,y,si,rasp,,16
1997,5plarrea,1,1,4,46,dime,44240,f,y,n,y,y,feces,nega,,
1997,5plarrea,1,1,4,69,dime,44241,m,y,y,y,n,feces,nega,,
1997,5plarrea,1,1,4,69,dime,44241,m,y,y,y,n,ecto,mite,,
1997,5plarrea,1,1,4,76,dime,44242,m,y,y,y,n,feces,nega,,
1997,5plarrea,1,1,4,76,dime,44242,m,y,y,y,n,ecto,mite,,
1997,5plarrea,1,1,4,80,dime,44243,m,y,y,y,n,feces,nega,,
1997,5plarrea,1,1,4,80,dime,44243,m,y,y,y,n,ecto,mear,,
1997,5plarrea,1,1,4,83,dime,44244,f,y,n,y,y,si,mtsp,,1
1997,5plarrea,1,1,4,83,dime,44244,f,y,n,y,y,si,lost,,
1997,5plarrea,1,1,4,83,dime,44244,f,y,n,y,y,feces,nega,,
1997,5plarrea,1,1,4,82,or,44245,m,y,y,y,y,si,hysp,,1
1997,5plarrea,1,1,4,82,or,44245,m,y,y,y,y,feces,nega,,
1997,5plarrea,1,1,4,82,or,44245,m,y,y,y,y,ecto,lice,,1
1997,5plarrea,1,1,4,84,dime,44246,m,y,n,y,n,feces,nega,,
1997,5plarrea,1,1,4,96,dime,44247,m,y,n,y,y,si,ptdi,f,2
1997,5plarrea,1,1,4,96,dime,44247,m,y,n,y,y,feces,nega,,
1997,5plarrea,1,1,4,108,pgfv,44248,f,y,n,y,n,feces,nega,,
1997,5plarrea,1,1,4,114,pgfv,44249,m,y,n,y,n,feces,nega,,
1997,5plarrea,1,1,4,118,dime,44250,m,y,y,y,n,feces,nega,,
1997,5plarrea,1,1,4,118,dime,44250,m,y,y,y,n,ecto,mite,,
1997,5plarrea,1,1,4,120,dime,44251,f,y,n,y,n,feces,nega,,
1997,5plarrea,1,1,4,124,dime,44252,f,y,y,y,n,feces,echo,,
1997,5plarrea,1,1,4,124,dime,44252,f,y,y,y,n,ecto,mite,,
1997,5plarrea,1,1,4,130,pgfv,44253,m,y,n,y,n,feces,nega,,
1997,5plarrea,1,1,4,131,disp,44254,m,y,y,y,y,cc,hede,f,1
1997,5plarrea,1,1,4,131,disp,44254,m,y,y,y,y,feces,nega,,
1997,5plarrea,1,1,4,131,disp,44254,m,y,y,y,y,ecto,mite,,
1997,5plarrea,1,1,4,132,dime,44255,f,y,y,y,n,feces,echo,,
1997,5plarrea,1,1,4,132,dime,44255,f,y,y,y,n,ecto,lice,,1
1997,5plarrea,1,1,4,143,pgfv,44256,m,y,n,y,n,feces,nega,,
1997,5plarrea,1,1,4,144,dime,44257,m,y,n,y,n,feces,nega,,
1997,5plarrea,1,1,2,10,pgfv,44258,f,y,n,y,n,feces,nega,,
1997,5plarrea,1,1,2,12,dime,44259,m,y,y,y,n,feces,nega,,
1997,5plarrea,1,1,2,12,dime,44259,m,y,y,y,n,ecto,mite,,
1997,5plarrea,1,1,2,17,pgfv,44260,m,y,n,y,n,feces,nega,,
1997,5plarrea,1,1,2,21,pgfv,44261,m,y,y,y,n,feces,nega,,
1997,5plarrea,1,1,2,21,pgfv,44261,m,y,y,y,n,ecto,fapi,,1
1997,5plarrea,1,1,2,26,pgfv,44262,m,y,y,y,n,feces,nega,,
1997,5plarrea,1,1,2,26,pgfv,44262,m,y,y,y,n,ecto,mite,,
1997,5plarrea,1,1,2,40,pgfv,44263,m,y,n,y,n,feces,nega,,
1997,5plarrea,1,1,2,42,pgfv,44264,f,y,n,y,n,feces,nega,,
1997,5plarrea,1,1,2,43,dime,44265,m,y,y,y,n,feces,nega,,
1997,5plarrea,1,1,2,43,dime,44265,m,y,y,y,n,ecto,mite,,
1997,5plarrea,1,1,2,43,dime,44265,m,y,y,y,n,ecto,lice,,1
1997,5plarrea,1,1,2,48,dime,44266,f,y,n,y,y,st,madi,l,3
1997,5plarrea,1,1,2,48,dime,44266,f,y,n,y,y,si,ptdi,f,1
1997,5plarrea,1,1,2,48,dime,44266,f,y,n,y,y,feces,nega,,
1997,5plarrea,1,1,2,57,dime,44267,m,y,n,y,y,si,hysp,,3
1997,5plarrea,1,1,2,57,dime,44267,m,y,n,y,y,feces,nega,,
1997,5plarrea,1,1,2,66,dime,44268,f,y,y,y,y,st,madi,l,1
1997,5plarrea,1,1,2,66,dime,44268,f,y,y,y,y,si,rasp,,6
1997,5plarrea,1,1,2,66,dime,44268,f,y,y,y,y,feces,nega,,
1997,5plarrea,1,1,2,66,dime,44268,f,y,y,y,y,ecto,mite,,
1997,5plarrea,1,1,2,59,dime,44269,m,y,y,y,y,si,madi,l,2
1997,5plarrea,1,1,2,59,dime,44269,m,y,y,y,y,feces,nega,,
1997,5plarrea,1,1,2,59,dime,44269,m,y,y,y,y,ecto,mite,,
1997,5plarrea,1,1,2,72,dime,44270,f,y,n,y,n,feces,nega,,
1997,5plarrea,1,1,2,81,dime,44271,m,y,y,y,n,feces,nega,,
1997,5plarrea,1,1,2,81,dime,44271,m,y,y,y,n,ecto,mite,,
1997,5plarrea,1,1,2,81,dime,44271,m,y,y,y,n,ecto,fapi,,1
1997,5plarrea,1,1,2,82,dime,44272,m,y,n,y,y,si,ptdi,f,2
1997,5plarrea,1,1,2,82,dime,44272,m,y,n,y,y,feces,nega,,
1997,5plarrea,1,1,2,84,dime,44273,f,y,y,y,n,feces,nega,,
1997,5plarrea,1,1,2,84,dime,44273,f,y,y,y,n,ecto,mite,,
1997,5plarrea,1,1,2,92,pgfv,44274,m,y,y,y,n,feces,nega,,
1997,5plarrea,1,1,2,92,pgfv,44274,m,y,y,y,n,ecto,fapi,,1
1997,5plarrea,1,1,2,94,dime,44275,m,y,y,y,y,cc,trsp,f,12
1997,5plarrea,1,1,2,94,dime,44275,m,y,y,y,y,cc,trsp,m,6
1997,5plarrea,1,1,2,94,dime,44275,m,y,y,y,y,feces,nega,,
1997,5plarrea,1,1,2,94,dime,44275,m,y,y,y,y,ecto,mite,,
1997,5plarrea,1,1,2,104,dime,44277,m,y,n,y,y,si,caca,,3
1997,5plarrea,1,1,2,104,dime,44277,m,y,n,y,y,feces,nega,,
1997,5plarrea,1,1,2,109,pgfv,44278,m,y,y,y,n,feces,eree,,
1997,5plarrea,1,1,2,109,pgfv,44278,m,y,y,y,n,ecto,mite,,
1997,5plarrea,1,1,2,113,dime,44279,f,y,y,y,n,feces,nega,,
1997,5plarrea,1,1,2,113,dime,44279,f,y,y,y,n,ecto,fapi,,1
1997,5plarrea,1,1,2,117,or,44280,m,y,n,y,y,si,mocl,l,5
1997,5plarrea,1,1,2,117,or,44280,m,y,n,y,y,feces,nega,,
1997,5plarrea,1,1,2,129,dime,44281,m,y,n,y,n,feces,nega,,
1997,5plarrea,1,1,2,132,dime,44282,m,y,n,y,y,si,casp,,1
1997,5plarrea,1,1,2,132,dime,44282,m,y,n,y,y,feces,nega,,
1997,5plarrea,1,1,2,141,pgfv,44283,m,y,n,y,n,feces,nega,,
1997,5plarrea,1,1,4,23,remg,44284,m,y,n,y,n,feces,eari,,
1997,5plarrea,1,2,2,12,pgfv,44293,m,y,n,y,n,feces,nega,,
1997,5plarrea,1,2,2,24,dime,44294,f,y,y,y,n,feces,echo,,
1997,5plarrea,1,2,2,24,dime,44294,f,y,y,y,n,ecto,mite,,
1997,5plarrea,1,2,2,34,pgfv,44295,m,y,y,y,n,feces,nega,,
1997,5plarrea,1,2,2,34,pgfv,44295,m,y,y,y,n,ecto,mite,,
1997,5plarrea,1,2,2,45,dime,44296,m,y,n,y,y,st,madi,f,4
1997,5plarrea,1,2,2,45,dime,44296,m,y,n,y,y,feces,nega,,
1997,5plarrea,1,2,2,68,dime,44297,m,y,y,y,n,feces,nega,,
1997,5plarrea,1,2,2,68,dime,44297,m,y,y,y,n,ecto,mite,,
1997,5plarrea,1,2,2,77,pgfv,44298,f,y,n,y,n,feces,nega,,
1997,5plarrea,1,2,2,79,dime,44299,m,y,y,y,n,feces,ebal,,
1997,5plarrea,1,2,2,79,dime,44299,m,y,y,y,n,ecto,mite,,
1997,5plarrea,1,2,2,90,pgfv,44300,m,y,y,y,n,feces,eree,,
1997,5plarrea,1,2,2,90,pgfv,44300,m,y,y,y,n,ecto,mite,,1
1997,5plarrea,1,2,2,104,pgfv,44301,m,y,y,y,n,feces,nega,,
1997,5plarrea,1,2,2,104,pgfv,44301,m,y,y,y,n,ecto,fapi,,
1997,5plarrea,1,2,2,107,pgfv,44302,f,y,n,y,n,feces,eree,,
1997,5plarrea,1,2,2,129,dime,44303,m,y,y,y,n,feces,nega,,
1997,5plarrea,1,2,2,129,dime,44303,m,y,y,y,n,ecto,mite,,
1997,5plarrea,1,2,4,7,pgfv,44304,m,y,y,y,y,cc,hede,f,2
1997,5plarrea,1,2,4,7,pgfv,44304,m,y,y,y,y,feces,nega,,
1997,5plarrea,1,2,4,7,pgfv,44304,m,y,y,y,y,ecto,mite,,
1997,5plarrea,1,2,4,7,pgfv,44304,m,y,y,y,y,ecto,lice,,1
1997,5plarrea,1,2,4,26,pgfv,44305,m,y,y,y,n,feces,nega,,
1997,5plarrea,1,2,4,26,pgfv,44305,m,y,y,y,n,ecto,mite,,
1997,5plarrea,1,2,4,27,pgfv,44306,m,y,n,y,n,feces,nega,,
1997,5plarrea,1,2,4,35,pgfv,44307,f,y,n,y,n,feces,nega,,
1997,5plarrea,1,2,4,36,pgfv,44308,m,y,y,y,n,feces,nega,,
1997,5plarrea,1,2,4,36,pgfv,44308,m,y,y,y,n,ecto,mite,,
1997,5plarrea,1,2,4,57,dime,44309,f,y,y,y,y,cc,trsp,m,2
1997,5plarrea,1,2,4,57,dime,44309,f,y,y,y,y,feces,nega,,
1997,5plarrea,1,2,4,57,dime,44309,f,y,y,y,y,ecto,mite,,1
1997,5plarrea,1,2,4,60,dime,44310,m,y,y,y,n,feces,nega,,
1997,5plarrea,1,2,4,60,dime,44310,m,y,y,y,n,ecto,mite,,
1997,5plarrea,1,2,4,65,pgfv,44311,f,y,n,y,n,feces,nega,,
1997,5plarrea,1,2,4,139,pgfv,44312,f,y,y,y,n,feces,nega,,
1997,5plarrea,1,2,4,139,pgfv,44312,f,y,y,y,n,ecto,fapi,,
1997,5plarrea,1,2,2,31,neal,44313,m,y,n,y,y,si,rasp,,7
1997,5plarrea,1,2,2,31,neal,44313,m,y,n,y,y,feces,nega,,
1997,5plarrea,1,2,2,116,neal,44314,f,y,y,y,n,feces,nega,,
1997,5plarrea,1,2,2,116,neal,44314,f,y,y,y,n,ecto,mite,,1
1997,5plarrea,1,2,4,138,nemi,44315,f,y,y,y,y,cc,asac,f,1
1997,5plarrea,1,2,4,138,nemi,44315,f,y,y,y,y,feces,nega,,
1997,5plarrea,1,2,4,138,nemi,44315,f,y,y,y,y,ecto,ecga,,
1997,5plarrea,1,2,4,138,nemi,44315,f,y,y,y,y,ecto,orag,,
1997,5plarrea,1,2,4,17,or,44316,f,y,n,y,y,si,hysp,,2
1997,5plarrea,1,2,4,17,or,44316,f,y,n,y,y,cc,hysp,,1
1997,5plarrea,1,2,4,17,or,44316,f,y,n,y,y,feces,esev,,
1997,5plarrea,1,2,2,59,pgfv,44317,m,y,n,y,n,feces,nega,,
1997,5plarrea,1,3,2,7,pgfv,44318,m,y,y,y,n,feces,nega,,
1997,5plarrea,1,3,2,7,pgfv,44318,m,y,y,y,n,ecto,mite,,
1997,5plarrea,1,3,2,19,pgfv,44319,m,y,y,y,n,feces,nega,,
1997,5plarrea,1,3,2,19,pgfv,44319,m,y,y,y,n,ecto,lice,,
1997,5plarrea,1,3,2,21,pgfv,44320,m,y,n,y,n,feces,nega,,
1997,5plarrea,1,3,2,22,pgfv,44321,f,y,n,y,n,feces,nega,,
1997,5plarrea,1,3,2,36,dime,44322,f,y,n,y,y,st,madi,l,5
1997,5plarrea,1,3,2,36,dime,44322,f,y,n,y,y,feces,nega,,
1997,5plarrea,1,3,2,48,pgfv,44323,m,y,n,y,n,feces,nega,,
1997,5plarrea,1,3,2,50,pgfl,44324,f,y,y,y,n,feces,nega,,
1997,5plarrea,1,3,2,50,pgfl,44324,f,y,y,y,n,ecto,fapi,,1
1997,5plarrea,1,3,2,50,pgfl,44324,f,y,y,y,n,ecto,mite,,1
1997,5plarrea,1,3,2,83,pgfv,44325,f,y,y,y,n,feces,eree,,
1997,5plarrea,1,3,2,83,pgfv,44325,f,y,y,y,n,ecto,fapi,,1
1997,5plarrea,1,3,2,83,pgfv,44325,f,y,y,y,n,ecto,mite,,1
1997,5plarrea,1,3,2,96,dime,44326,f,y,y,y,n,feces,nega,,
1997,5plarrea,1,3,2,96,dime,44326,f,y,y,y,n,ecto,mite,,
1997,5plarrea,1,3,2,102,pgfv,44327,f,y,n,y,n,feces,nega,,
1997,5plarrea,1,3,2,104,dime,44328,m,y,y,y,n,feces,nega,,
1997,5plarrea,1,3,2,104,dime,44328,m,y,y,y,n,ecto,mite,,
1997,5plarrea,1,3,2,106,pgfv,44329,f,y,y,y,n,feces,nega,,
1997,5plarrea,1,3,2,106,pgfv,44329,f,y,y,y,n,ecto,mite,,
1997,5plarrea,1,3,2,107,dime,44330,m,y,y,y,n,feces,nega,,
1997,5plarrea,1,3,2,107,dime,44330,m,y,y,y,n,ecto,mite,,
1997,5plarrea,1,3,2,107,dime,44330,m,y,y,y,n,ecto,lice,,1
1997,5plarrea,1,3,2,108,disp,44331,f,y,y,y,y,feces,nega,,
1997,5plarrea,1,3,2,108,disp,44331,f,y,y,y,y,si,hysp,,4
1997,5plarrea,1,3,2,108,disp,44331,f,y,y,y,y,ecto,mite,,
1997,5plarrea,1,3,2,108,disp,44331,f,y,y,y,y,ecto,lice,,
1997,5plarrea,1,3,2,120,pgfv,44332,f,y,n,y,n,feces,nega,,
1997,5plarrea,1,3,2,129,pgfv,44333,f,y,n,y,n,feces,nega,,
1997,5plarrea,1,3,2,130,pgfv,44334,m,y,n,y,n,feces,nega,,
1997,5plarrea,1,3,4,23,dime,44335,f,y,y,y,n,feces,nega,,
1997,5plarrea,1,3,4,23,dime,44335,f,y,y,y,n,ecto,mite,,
1997,5plarrea,1,3,4,24,dime,44336,m,y,y,y,n,feces,nega,,
1997,5plarrea,1,3,4,24,dime,44336,m,y,y,y,n,ecto,mite,,
1997,5plarrea,1,3,4,36,dime,44337,f,y,y,y,y,feces,nega,,
1997,5plarrea,1,3,4,36,dime,44337,f,y,y,y,y,ecto,mite,,1
1997,5plarrea,1,3,4,36,dime,44337,f,y,y,y,y,si,rasp,,4
1997,5plarrea,1,3,4,44,remg,44338,f,y,n,y,n,feces,nega,,
1997,5plarrea,1,3,4,65,pgfv,44339,m,y,y,y,y,feces,nega,,
1997,5plarrea,1,3,4,65,pgfv,44339,m,y,y,y,y,ecto,mite,,
1997,5plarrea,1,3,4,65,pgfv,44339,m,y,y,y,y,si,oxsp,f,1
1997,5plarrea,1,3,4,70,pgfv,44340,m,y,n,y,n,feces,nega,,
1997,5plarrea,1,3,4,84,pgfv,44341,m,y,n,y,n,feces,nega,,
1997,5plarrea,1,3,4,84,dime,44342,m,y,y,y,y,feces,nega,,
1997,5plarrea,1,3,4,84,dime,44342,m,y,y,y,y,ecto,mite,,
1997,5plarrea,1,3,4,84,dime,44342,m,y,y,y,y,si,rasp,l,2
1997,5plarrea,1,3,4,109,pgfv,44343,f,y,y,y,n,feces,nega,,
1997,5plarrea,1,3,4,109,pgfv,44343,f,y,y,y,n,ecto,mite,,
1997,5plarrea,1,3,4,116,pgfv,44344,f,y,y,y,n,feces,nega,,
1997,5plarrea,1,3,4,116,pgfv,44344,f,y,y,y,n,ecto,mite,,
1997,5plarrea,1,3,4,120,pgfv,44345,m,y,n,y,n,feces,nega,,
1997,5plarrea,1,3,4,125,pgfv,44346,m,y,y,y,n,feces,nega,,
1997,5plarrea,1,3,4,125,pgfv,44346,m,y,y,y,n,ecto,mite,,
1997,5plarrea,1,3,4,131,disp,44347,m,y,y,y,y,feces,nega,,
1997,5plarrea,1,3,4,131,disp,44347,m,y,y,y,y,ecto,mite,,
1997,5plarrea,1,3,4,131,disp,44347,m,y,y,y,y,ecto,fapi,,
1997,5plarrea,1,3,4,131,disp,44347,m,y,y,y,y,si,hede,m,1
1997,5plarrea,1,3,4,131,disp,44347,m,y,y,y,y,cc,hede,f,3
1997,5plarrea,1,3,4,132,dime,44348,f,y,y,y,n,feces,nega,,
1997,5plarrea,1,3,4,132,dime,44348,f,y,y,y,n,ecto,mite,,
1997,5plarrea,1,3,4,132,dime,44348,f,y,y,y,n,ecto,mear,,
1997,5plarrea,1,3,4,46,or,44349,m,y,y,y,n,feces,nega,,
1997,5plarrea,1,3,4,46,or,44349,m,y,y,y,n,ecto,ecga,,
1997,5plarrea,1,3,4,46,or,44349,m,y,y,y,n,ecto,tick,,
1997,5plarrea,1,3,4,46,or,44349,m,y,y,y,n,ecto,mite,,
1997,5plarrea,1,3,4,95,or,44350,m,y,y,y,y,feces,nega,,
1997,5plarrea,1,3,4,95,or,44350,m,y,y,y,y,ecto,mite,,
1997,5plarrea,1,3,4,95,or,44350,m,y,y,y,y,ecto,tick,,
1997,5plarrea,1,3,4,95,or,44350,m,y,y,y,y,si,mocl,m,1
1997,5plarrea,1,3,4,95,or,44350,m,y,y,y,y,si,phma,f,3
1997,5plarrea,1,3,2,29,or,44351,m,y,y,y,y,feces,eony,,
1997,5plarrea,1,3,2,29,or,44351,m,y,y,y,y,ecto,tick,,
1997,5plarrea,1,3,2,29,or,44351,m,y,y,y,y,st,madi,l,8
1997,5plarrea,1,3,2,29,or,44351,m,y,y,y,y,si,mocl,f,8
1997,5plarrea,1,3,2,29,or,44351,m,y,y,y,y,cc,sype,f,6
1997,rslarrea,1,1,1,3,pgfv,44354,f,y,y,y,n,feces,nega,,
1997,rslarrea,1,1,1,3,pgfv,44354,f,y,y,y,n,ecto,flea,,2
1997,rslarrea,1,1,1,4,pgfv,44355,m,y,n,y,n,feces,nega,,
1997,rslarrea,1,1,1,17,pgfl,44356,m,y,y,y,n,feces,nega,,
1997,rslarrea,1,1,1,17,pgfl,44356,m,y,y,y,n,ecto,mite,,
1997,rslarrea,1,1,1,35,dime,44357,m,y,y,y,y,feces,echo,,
1997,rslarrea,1,1,1,35,dime,44357,m,y,y,y,y,ecto,lice,,
1997,rslarrea,1,1,1,35,dime,44357,m,y,y,y,y,ecto,mite,,
1997,rslarrea,1,1,1,35,dime,44357,m,y,y,y,y,si,ptdi,f,1
1997,rslarrea,1,1,1,36,dime,44358,m,y,y,y,n,feces,eree,,
1997,rslarrea,1,1,1,36,dime,44358,m,y,y,y,n,ecto,mite,,
1997,rslarrea,1,1,1,46,dior,44359,m,y,y,y,n,feces,ebal,,
1997,rslarrea,1,1,1,46,dior,44359,m,y,y,y,n,ecto,mite,,
1997,rslarrea,1,1,1,48,pgfl,44360,m,y,y,y,n,feces,nega,,
1997,rslarrea,1,1,1,48,pgfl,44360,m,y,y,y,n,ecto,fapi,,
1997,rslarrea,1,1,1,53,pgfv,44361,f,y,y,y,n,feces,nega,,
1997,rslarrea,1,1,1,53,pgfv,44361,f,y,y,y,n,ecto,mite,,
1997,rslarrea,1,1,1,54,dime,44362,m,y,y,y,y,feces,nega,,
1997,rslarrea,1,1,1,54,dime,44362,m,y,y,y,y,ecto,mite,,
1997,rslarrea,1,1,1,54,dime,44362,m,y,y,y,y,cc,hede,m,1
1997,rslarrea,1,1,1,54,dime,44362,m,y,y,y,y,cc,hede,f,1
1997,rslarrea,1,1,1,62,pgfv,44363,m,y,y,y,n,feces,nega,,
1997,rslarrea,1,1,1,62,pgfv,44363,m,y,y,y,n,ecto,fapi,,
1997,rslarrea,1,1,1,67,disp,44364,m,y,y,y,y,feces,nega,,
1997,rslarrea,1,1,1,67,disp,44364,m,y,y,y,y,ecto,mite,,
1997,rslarrea,1,1,1,67,disp,44364,m,y,y,y,y,si,hysp,,1
1997,rslarrea,1,1,1,70,dime,44365,f,y,n,y,n,feces,lost,,
1997,rslarrea,1,1,1,71,dime,44366,m,y,y,y,n,feces,nega,,
1997,rslarrea,1,1,1,71,dime,44366,m,y,y,y,n,ecto,mite,,
1997,rslarrea,1,1,1,71,dime,44366,m,y,y,y,n,ecto,lice,,
1997,rslarrea,1,1,1,72,dime,44367,f,y,y,y,y,feces,echo,,
1997,rslarrea,1,1,1,72,dime,44367,f,y,y,y,y,st,madi,f,2
1997,rslarrea,1,1,1,72,dime,44367,f,y,y,y,y,cc,hede,f,2
1997,rslarrea,1,1,1,72,dime,44367,f,y,y,y,y,ecto,mite,,
1997,rslarrea,1,1,1,82,dime,44368,f,y,n,y,n,feces,nega,,
1997,rslarrea,1,1,1,91,dime,44369,m,y,y,y,y,feces,nega,,
1997,rslarrea,1,1,1,91,dime,44369,m,y,y,y,y,cc,hede,f,1
1997,rslarrea,1,1,1,91,dime,44369,m,y,y,y,y,ecto,fapi,,
1997,rslarrea,1,1,1,92,dime,44370,m,y,y,y,n,feces,nega,,
1997,rslarrea,1,1,1,92,dime,44370,m,y,y,y,n,ecto,mite,,
1997,rslarrea,1,1,1,95,neal,44371,f,y,y,y,n,feces,nega,,
1997,rslarrea,1,1,1,95,neal,44371,f,y,y,y,n,ecto,lice,,
1997,rslarrea,1,1,1,104,dime,44372,f,y,y,y,y,feces,nega,,
1997,rslarrea,1,1,1,104,dime,44372,f,y,y,y,y,si,unce,,1
1997,rslarrea,1,1,1,104,dime,44372,f,y,y,y,y,cc,hede,f,5
1997,rslarrea,1,1,1,104,dime,44372,f,y,y,y,y,cc,trsp,f,1
1997,rslarrea,1,1,1,104,dime,44372,f,y,y,y,y,ecto,mite,,
1997,rslarrea,1,1,1,104,dime,44372,f,y,y,y,y,ecto,fapi,,
1997,rslarrea,1,1,1,120,dime,44373,m,y,n,y,n,feces,nega,,
1997,rslarrea,1,1,1,139,dime,44374,f,y,y,y,y,feces,nega,,
1997,rslarrea,1,1,1,139,dime,44374,f,y,y,y,y,ecto,mite,,
1997,rslarrea,1,1,1,139,dime,44374,f,y,y,y,y,dish,oxsp,m,1
1997,rslarrea,1,1,1,142,dime,44375,f,y,n,y,n,feces,nega,,
1997,rslarrea,1,1,3,7,dime,44376,f,y,n,y,n,feces,echo,,
1997,rslarrea,1,1,3,9,pgfv,44377,f,y,y,y,n,feces,lost,,
1997,rslarrea,1,1,3,9,pgfv,44377,f,y,y,y,n,ecto,mite,,
1997,rslarrea,1,1,3,11,dime,44378,m,y,y,y,n,feces,nega,,
1997,rslarrea,1,1,3,11,dime,44378,m,y,y,y,n,ecto,mite,,
1997,rslarrea,1,1,3,12,dime,44379,m,y,y,y,y,feces,echo,,
1997,rslarrea,1,1,3,12,dime,44379,m,y,y,y,y,st,madi,f,6
1997,rslarrea,1,1,3,12,dime,44379,m,y,y,y,y,dish,madi,f,3
1997,rslarrea,1,1,3,12,dime,44379,m,y,y,y,y,ecto,lice,,
1997,rslarrea,1,1,3,19,dime,44380,f,y,y,y,n,feces,nega,,
1997,rslarrea,1,1,3,19,dime,44380,f,y,y,y,n,ecto,mite,,
1997,rslarrea,1,1,3,12,dime,44381,m,y,n,y,n,feces,nega,,
1997,rslarrea,1,1,3,32,dime,44382,m,y,y,y,n,feces,echo,,
1997,rslarrea,1,1,3,32,dime,44382,m,y,y,y,n,ecto,mite,,
1997,rslarrea,1,1,3,33,dime,44383,f,y,y,y,n,feces,nega,,
1997,rslarrea,1,1,3,33,dime,44383,f,y,y,y,n,ecto,mite,,
1997,rslarrea,1,1,3,33,dime,44383,f,y,y,y,n,ecto,lice,,
1997,rslarrea,1,1,3,35,neal,44384,m,y,y,y,y,feces,echo,,
1997,rslarrea,1,1,3,35,neal,44384,m,y,y,y,y,si,rasp,,1
1997,rslarrea,1,1,3,35,neal,44384,m,y,y,y,y,ecto,anno,,3
1997,rslarrea,1,1,3,41,pgfl,44385,m,y,y,y,y,feces,nega,,
1997,rslarrea,1,1,3,41,pgfl,44385,m,y,y,y,y,st,pras,f,282
1997,rslarrea,1,1,3,41,pgfl,44385,m,y,y,y,y,st,pras,m,7
1997,rslarrea,1,1,3,41,pgfl,44385,m,y,y,y,y,si,pras,f,2
1997,rslarrea,1,1,3,41,pgfl,44385,m,y,y,y,y,cc,pras,f,1
1997,rslarrea,1,1,3,41,pgfl,44385,m,y,y,y,y,ecto,fapi,,
1997,rslarrea,1,1,3,46,pgfl,44386,f,y,y,y,n,feces,nega,,
1997,rslarrea,1,1,3,46,pgfl,44386,f,y,y,y,n,ecto,fapi,,
1997,rslarrea,1,1,3,47,dime,44387,m,y,y,y,y,feces,nega,,
1997,rslarrea,1,1,3,47,dime,44387,m,y,y,y,y,st,madi,f,1
1997,rslarrea,1,1,3,47,dime,44387,m,y,y,y,y,ecto,mite,,
1997,rslarrea,1,1,3,48,dime,44388,m,y,n,y,y,feces,nega,,
1997,rslarrea,1,1,3,48,dime,44388,m,y,n,y,y,st,madi,m,1
1997,rslarrea,1,1,3,48,dime,44388,m,y,n,y,y,st,madi,f,5
1997,rslarrea,1,1,3,48,dime,44388,m,y,n,y,y,si,oosp,l,
1997,rslarrea,1,1,3,48,dime,44388,m,y,n,y,y,cc,hede,f,3
1997,rslarrea,1,1,3,48,dime,44388,m,y,n,y,y,cc,hede,m,1
1997,rslarrea,1,1,3,59,dime,44389,m,y,y,y,y,feces,nega,,
1997,rslarrea,1,1,3,59,dime,44389,m,y,y,y,y,st,madi,f,9
1997,rslarrea,1,1,3,59,dime,44389,m,y,y,y,y,si,unce,,1
1997,rslarrea,1,1,3,59,dime,44389,m,y,y,y,y,ecto,mite,,
1997,rslarrea,1,1,3,70,dime,44390,m,y,y,y,y,feces,echo,,
1997,rslarrea,1,1,3,70,dime,44390,m,y,y,y,y,st,madi,f,4
1997,rslarrea,1,1,3,70,dime,44390,m,y,y,y,y,cc,hede,f,1
1997,rslarrea,1,1,3,70,dime,44390,m,y,y,y,y,ecto,mite,,
1997,rslarrea,1,1,3,84,dime,44391,m,y,y,y,y,feces,echo,,
1997,rslarrea,1,1,3,84,dime,44391,m,y,y,y,y,st,madi,f,3
1997,rslarrea,1,1,3,84,dime,44391,m,y,y,y,y,st,madi,m,1
1997,rslarrea,1,1,3,84,dime,44391,m,y,y,y,y,ecto,mite,,
1997,rslarrea,1,1,3,92,dime,44392,f,y,y,y,y,feces,echo,,
1997,rslarrea,1,1,3,92,dime,44392,f,y,y,y,y,st,madi,f,4
1997,rslarrea,1,1,3,92,dime,44392,f,y,y,y,y,st,madi,m,1
1997,rslarrea,1,1,3,92,dime,44392,f,y,y,y,y,ecto,fapi,,
1997,rslarrea,1,1,3,99,dime,44393,m,y,y,y,y,feces,nega,,
1997,rslarrea,1,1,3,99,dime,44393,m,y,y,y,y,st,madi,f,6
1997,rslarrea,1,1,3,99,dime,44393,m,y,y,y,y,st,madi,m,2
1997,rslarrea,1,1,3,99,dime,44393,m,y,y,y,y,ecto,fapi,,
1997,rslarrea,1,1,3,99,dime,44393,m,y,y,y,y,ecto,mite,,
1997,rslarrea,1,1,3,100,dime,44394,m,y,y,y,y,feces,echo,,
1997,rslarrea,1,1,3,100,dime,44394,m,y,y,y,y,st,madi,m,2
1997,rslarrea,1,1,3,100,dime,44394,m,y,y,y,y,st,madi,f,6
1997,rslarrea,1,1,3,100,dime,44394,m,y,y,y,y,ecto,fapi,,1
1997,rslarrea,1,1,3,100,dime,44394,m,y,y,y,y,ecto,mite,,
1997,rslarrea,1,1,3,103,pgfl,44395,f,y,n,y,y,feces,nega,,
1997,rslarrea,1,1,3,103,pgfl,44395,f,y,n,y,y,st,pras,f,55
1997,rslarrea,1,1,3,103,pgfl,44395,f,y,n,y,y,st,pras,m,1
1997,rslarrea,1,1,3,104,pgfl,44396,m,y,y,y,y,feces,nega,,
1997,rslarrea,1,1,3,104,pgfl,44396,m,y,y,y,y,st,pras,l,110
1997,rslarrea,1,1,3,104,pgfl,44396,m,y,y,y,y,ecto,fapi,,
1997,rslarrea,1,1,3,116,dime,44397,f,y,y,y,y,feces,nega,,
1997,rslarrea,1,1,3,116,dime,44397,f,y,y,y,y,ecto,fapi,,1
1997,rslarrea,1,1,3,117,dime,44398,m,y,y,y,y,feces,nega,,
1997,rslarrea,1,1,3,117,dime,44398,m,y,y,y,y,st,madi,f,2
1997,rslarrea,1,1,3,117,dime,44398,m,y,y,y,y,ecto,mite,,
1997,rslarrea,1,1,3,119,pgfv,44399,m,y,n,y,n,feces,nega,,
1997,rslarrea,1,1,3,126,pgfv,44400,f,y,n,y,n,feces,nega,,
1997,rslarrea,1,1,3,129,dime,44401,f,y,y,y,n,feces,nega,,
1997,rslarrea,1,1,3,129,dime,44401,f,y,y,y,n,ecto,mite,,
1997,rslarrea,1,1,1,21,pmle,44402,m,y,n,y,y,feces,iper,,
1997,rslarrea,1,1,1,21,pmle,44402,m,y,n,y,y,st,pras,m,1
1997,rslarrea,1,1,1,21,pmle,44402,m,y,n,y,y,st,pras,f,1
1997,rslarrea,1,1,1,21,pmle,44402,m,y,n,y,y,dish,ptdi,f,1
1997,rslarrea,1,1,1,108,pmtr,44403,m,y,n,y,n,feces,nega,,
1997,rslarrea,1,1,1,113,pmle,44404,f,y,y,y,n,feces,nega,,
1997,rslarrea,1,1,1,113,pmle,44404,f,y,y,y,n,ecto,orle,,2
1997,rslarrea,1,1,3,96,or,44405,f,y,y,y,y,feces,nega,,
1997,rslarrea,1,1,3,96,or,44405,f,y,y,y,y,si,mocl,f,1
1997,rslarrea,1,1,3,96,or,44405,f,y,y,y,y,bc,unne,l,2
1997,rslarrea,1,1,3,96,or,44405,f,y,y,y,y,ecto,mite,,1
1997,rslarrea,1,2,1,19,dime,44419,f,y,y,y,y,feces,nega,,
1997,rslarrea,1,2,1,19,dime,44419,f,y,y,y,y,st,madi,m,1
1997,rslarrea,1,2,1,19,dime,44419,f,y,y,y,y,ecto,fapi,,
1997,rslarrea,1,2,1,20,pgfv,44420,m,y,n,y,n,feces,nega,,
1997,rslarrea,1,2,1,31,pgfl,44421,f,y,y,y,n,feces,nega,,
1997,rslarrea,1,2,1,31,pgfl,44421,f,y,y,y,n,ecto,lice,,1
1997,rslarrea,1,2,1,35,dime,44422,f,y,y,y,y,feces,echo,,
1997,rslarrea,1,2,1,35,dime,44422,f,y,y,y,y,st,pras,m,1
1997,rslarrea,1,2,1,35,dime,44422,f,y,y,y,y,st,pras,f,3
1997,rslarrea,1,2,1,35,dime,44422,f,y,y,y,y,ecto,mite,,
1997,rslarrea,1,2,1,36,dime,44423,f,y,y,y,y,feces,echo,,
1997,rslarrea,1,2,1,36,dime,44423,f,y,y,y,y,cc,hede,m,3
1997,rslarrea,1,2,1,36,dime,44423,f,y,y,y,y,cc,hede,f,9
1997,rslarrea,1,2,1,36,dime,44423,f,y,y,y,y,ecto,lice,,1
1997,rslarrea,1,2,1,46,pgfl,44424,m,y,y,y,n,feces,nega,,
1997,rslarrea,1,2,1,46,pgfl,44424,m,y,y,y,n,ecto,mite,,
1997,rslarrea,1,2,1,66,disp,44425,m,y,y,y,y,feces,nega,,
1997,rslarrea,1,2,1,66,disp,44425,m,y,y,y,y,si,hede,f,1
1997,rslarrea,1,2,1,66,disp,44425,m,y,y,y,y,cc,hede,m,2
1997,rslarrea,1,2,1,66,disp,44425,m,y,y,y,y,cc,hede,f,14
1997,rslarrea,1,2,1,66,disp,44425,m,y,y,y,y,ecto,mear,,
1997,rslarrea,1,2,1,66,disp,44425,m,y,y,y,y,ecto,mite,,
1997,rslarrea,1,2,1,71,dime,44426,f,y,n,y,y,feces,nega,,
1997,rslarrea,1,2,1,71,dime,44426,f,y,n,y,y,cc,trsp,m,2
1997,rslarrea,1,2,1,71,dime,44426,f,y,n,y,y,cc,trsp,f,2
1997,rslarrea,1,2,1,72,pgfv,44427,m,y,n,y,n,feces,nega,,
1997,rslarrea,1,2,1,89,pgfv,44428,m,y,y,y,y,feces,nega,,
1997,rslarrea,1,2,1,89,pgfv,44428,m,y,y,y,y,si,hede,f,1
1997,rslarrea,1,2,1,89,pgfv,44428,m,y,y,y,y,cc,hede,f,8
1997,rslarrea,1,2,1,89,pgfv,44428,m,y,y,y,y,ecto,lice,,
1997,rslarrea,1,2,1,95,pgfv,44429,f,y,y,y,n,feces,nega,,
1997,rslarrea,1,2,1,95,pgfv,44429,f,y,y,y,n,ecto,mite,,
1997,rslarrea,1,2,1,95,pgfv,44429,f,y,y,y,n,ecto,fapi,,
1997,rslarrea,1,2,1,96,dime,44430,f,y,n,y,y,feces,nega,,
1997,rslarrea,1,2,1,96,dime,44430,f,y,n,y,y,st,pras,m,1
1997,rslarrea,1,2,1,96,dime,44430,f,y,n,y,y,st,pras,f,2
1997,rslarrea,1,2,1,116,pgfv,44431,f,y,y,y,y,feces,nega,,
1997,rslarrea,1,2,1,116,pgfv,44431,f,y,y,y,y,st,hede,f,8
1997,rslarrea,1,2,1,116,pgfv,44431,f,y,y,y,y,ecto,lice,,1
1997,rslarrea,1,2,1,132,dime,44432,m,y,y,y,y,feces,nega,,
1997,rslarrea,1,2,1,132,dime,44432,m,y,y,y,y,cc,hede,m,1
1997,rslarrea,1,2,1,132,dime,44432,m,y,y,y,y,cc,hede,f,3
1997,rslarrea,1,2,1,132,dime,44432,m,y,y,y,y,ecto,mite,,
1997,rslarrea,1,2,1,142,dime,44433,m,y,y,y,y,feces,echo,,
1997,rslarrea,1,2,1,142,dime,44433,m,y,y,y,y,cc,hede,f,1
1997,rslarrea,1,2,1,142,dime,44433,m,y,y,y,y,ecto,fapi,,
1997,rslarrea,1,2,3,9,dime,44434,f,y,n,y,n,feces,nega,,
1997,rslarrea,1,2,3,6,pgfv,44435,m,y,y,y,n,feces,nega,,
1997,rslarrea,1,2,3,6,pgfv,44435,m,y,y,y,n,ecto,lice,,
1997,rslarrea,1,2,3,6,pgfv,44435,m,y,y,y,n,ecto,mite,,
1997,rslarrea,1,2,3,12,dime,44436,f,y,y,y,y,feces,nega,,
1997,rslarrea,1,2,3,12,dime,44436,f,y,y,y,y,st,pras,m,1
1997,rslarrea,1,2,3,12,dime,44436,f,y,y,y,y,st,pras,f,3
1997,rslarrea,1,2,3,12,dime,44436,f,y,y,y,y,ecto,mite,,
1997,rslarrea,1,2,3,36,dime,44437,m,y,y,y,y,feces,nega,,
1997,rslarrea,1,2,3,36,dime,44437,m,y,y,y,y,st,hede,f,1
1997,rslarrea,1,2,3,36,dime,44437,m,y,y,y,y,cc,hede,f,8
1997,rslarrea,1,2,3,36,dime,44437,m,y,y,y,y,ecto,fapi,,
1997,rslarrea,1,2,3,46,dime,44438,m,y,y,y,n,feces,nega,,
1997,rslarrea,1,2,3,46,dime,44438,m,y,y,y,n,ecto,mite,,
1997,rslarrea,1,2,3,47,pgfv,44439,f,y,y,y,n,feces,nega,,
1997,rslarrea,1,2,3,47,pgfv,44439,f,y,y,y,n,ecto,lice,,
1997,rslarrea,1,2,3,58,dime,44440,f,y,n,y,y,feces,echo,,
1997,rslarrea,1,2,3,58,dime,44440,f,y,n,y,y,st,pras,m,1
1997,rslarrea,1,2,3,58,dime,44440,f,y,n,y,y,st,pras,f,4
1997,rslarrea,1,2,3,58,dime,44440,f,y,n,y,y,si,rasp,,2
1997,rslarrea,1,2,3,69,pgfl,44441,f,y,n,y,n,feces,nega,,
1997,rslarrea,1,2,3,70,pgfv,44442,m,y,y,y,n,feces,nega,,
1997,rslarrea,1,2,3,70,pgfv,44442,m,y,y,y,n,ecto,lice,,
1997,rslarrea,1,2,3,71,pgfv,44443,f,y,n,y,n,feces,nega,,
1997,rslarrea,1,2,3,82,dime,44444,m,y,y,y,y,feces,echo,,
1997,rslarrea,1,2,3,82,dime,44444,m,y,y,y,y,st,pras,f,9
1997,rslarrea,1,2,3,82,dime,44444,m,y,y,y,y,cc,hede,f,3
1997,rslarrea,1,2,3,82,dime,44444,m,y,y,y,y,ecto,mite,,
1997,rslarrea,1,2,3,87,pgfv,44445,m,y,y,y,n,feces,nega,,
1997,rslarrea,1,2,3,87,pgfv,44445,m,y,y,y,n,ecto,fapi,,
1997,rslarrea,1,2,3,93,dime,44446,m,y,y,y,y,feces,nega,,
1997,rslarrea,1,2,3,95,pgfl,44447,m,y,n,y,y,feces,nega,,
1997,rslarrea,1,2,3,95,pgfl,44447,m,y,n,y,y,st,pras,m,11
1997,rslarrea,1,2,3,95,pgfl,44447,m,y,n,y,y,st,pras,f,234
1997,rslarrea,1,2,3,95,pgfl,44447,m,y,n,y,y,st,pras,l,100
1997,rslarrea,1,2,3,95,pgfl,44447,m,y,n,y,y,si,pras,m,1
1997,rslarrea,1,2,3,95,pgfl,44447,m,y,n,y,y,si,pras,f,24
1997,rslarrea,1,2,3,96,dime,44448,f,y,y,y,y,feces,echo,,
1997,rslarrea,1,2,3,96,dime,44448,f,y,y,y,y,st,pras,f,6
1997,rslarrea,1,2,3,96,dime,44448,f,y,y,y,y,si,pras,f,2
1997,rslarrea,1,2,3,96,dime,44448,f,y,y,y,y,cc,pras,f,1
1997,rslarrea,1,2,3,96,dime,44448,f,y,y,y,y,ecto,mite,,
1997,rslarrea,1,2,3,104,pgfl,44449,m,y,y,y,n,feces,nega,,
1997,rslarrea,1,2,3,104,pgfl,44449,m,y,y,y,n,ecto,mite,,
1997,rslarrea,1,2,3,106,dime,44450,m,y,y,y,y,feces,nega,,
1997,rslarrea,1,2,3,106,dime,44450,m,y,y,y,y,cc,hede,f,1
1997,rslarrea,1,2,3,106,dime,44450,m,y,y,y,y,ecto,fapi,,
1997,rslarrea,1,2,3,107,pgfv,44451,f,y,n,y,n,feces,nega,,
1997,rslarrea,1,2,3,114,pgfv,44452,f,y,n,y,n,feces,nega,,
1997,rslarrea,1,2,3,120,dime,44453,f,y,y,y,y,feces,echo,,
1997,rslarrea,1,2,3,120,dime,44453,f,y,y,y,y,st,pras,f,7
1997,rslarrea,1,2,3,120,dime,44453,f,y,y,y,y,ecto,mite,,
1997,rslarrea,1,2,3,131,dime,44454,m,y,n,y,y,feces,echo,,
1997,rslarrea,1,2,3,131,dime,44454,m,y,n,y,y,st,pras,m,1
1997,rslarrea,1,2,3,131,dime,44454,m,y,n,y,y,st,pras,f,5
1997,rslarrea,1,2,1,84,neal,44455,f,y,y,y,n,feces,nega,,
1997,rslarrea,1,2,1,84,neal,44455,f,y,y,y,n,ecto,ecga,,
1997,rslarrea,1,2,1,120,neal,44456,m,y,y,y,y,feces,nega,,
1997,rslarrea,1,2,1,120,neal,44456,m,y,y,y,y,si,hepo,m,2
1997,rslarrea,1,2,1,120,neal,44456,m,y,y,y,y,si,hepo,f,7
1997,rslarrea,1,2,1,120,neal,44456,m,y,y,y,y,ecto,neno,,
1997,rslarrea,1,2,3,3,remg,44457,m,y,n,y,n,feces,eari,,
1997,rslarrea,1,2,3,89,remg,44458,f,y,n,y,n,feces,nega,,
1997,rslarrea,1,2,1,23,pmle,44459,f,y,n,y,n,feces,eari,,
1997,rslarrea,1,2,1,103,onle,44460,f,y,y,y,n,feces,nega,,
1997,rslarrea,1,2,1,103,onle,44460,f,y,y,y,n,ecto,masi,,
1997,rslarrea,1,2,1,104,pmtr,44461,f,y,n,y,n,feces,nega,,
1997,rslarrea,1,2,1,130,pmle,44462,m,y,y,y,n,feces,nega,,
1997,rslarrea,1,2,1,130,pmle,44462,m,y,y,y,n,ecto,unfl,,
1997,rslarrea,1,2,1,130,pmle,44462,m,y,y,y,n,ecto,lice,,1
1997,rslarrea,1,3,1,12,dime,44468,m,y,y,y,n,feces,nega,,
1997,rslarrea,1,3,1,12,dime,44468,m,y,y,y,n,ecto,mite,,
1997,rslarrea,1,3,1,14,pgfv,44469,m,y,y,y,n,feces,eree,,
1997,rslarrea,1,3,1,14,pgfv,44469,m,y,y,y,n,ecto,lice,,
1997,rslarrea,1,3,1,23,pgfv,44470,f,y,n,y,n,feces,nega,,
1997,rslarrea,1,3,1,30,pgfv,44471,f,y,y,y,n,feces,nega,,
1997,rslarrea,1,3,1,30,pgfv,44471,f,y,y,y,n,ecto,lice,,
1997,rslarrea,1,3,1,48,pgfv,44472,m,y,y,y,n,feces,nega,,
1997,rslarrea,1,3,1,48,pgfv,44472,m,y,y,y,n,ecto,mite,,
1997,rslarrea,1,3,1,58,pgfv,44473,f,y,n,y,n,feces,echo,,
1997,rslarrea,1,3,1,60,dime,44474,f,y,y,y,y,feces,nega,,
1997,rslarrea,1,3,1,60,dime,44474,f,y,y,y,y,cc,hede,f,3
1997,rslarrea,1,3,1,60,dime,44474,f,y,y,y,y,ecto,mite,,
1997,rslarrea,1,3,1,71,pgfv,44475,f,y,n,y,n,feces,nega,,
1997,rslarrea,1,3,1,72,dime,44476,m,y,y,y,n,feces,nega,,
1997,rslarrea,1,3,1,72,dime,44476,m,y,y,y,n,ecto,mite,,
1997,rslarrea,1,3,1,118,pgfv,44477,m,y,y,y,y,feces,nega,,
1997,rslarrea,1,3,1,118,pgfv,44477,m,y,y,y,y,cc,hede,f,3
1997,rslarrea,1,3,1,119,pgfl,44478,m,y,n,y,n,feces,echo,,
1997,rslarrea,1,3,1,120,pgfl,44479,f,y,n,y,n,feces,eree,,
1997,rslarrea,1,3,1,139,pgfv,44480,m,y,n,y,n,feces,nega,,
1997,rslarrea,1,3,1,141,pgfv,44481,f,y,y,y,n,feces,nega,,
1997,rslarrea,1,3,1,141,pgfv,44481,f,y,y,y,n,ecto,fapi,,
1997,rslarrea,1,3,3,65,remg,44482,f,y,n,y,n,feces,eari,,
1997,rslarrea,1,3,3,72,pgfv,44483,f,y,n,y,n,feces,eree,,
1997,rslarrea,1,3,3,82,pgfv,44484,f,y,n,y,n,feces,nega,,
1997,rslarrea,1,3,3,106,dime,44485,m,y,n,y,y,feces,echo,,
1997,rslarrea,1,3,3,106,dime,44485,m,y,n,y,y,st,pras,f,2
1997,rslarrea,1,3,3,108,dime,44486,m,y,y,y,y,feces,echo,,
1997,rslarrea,1,3,3,108,dime,44486,m,y,y,y,y,st,pras,f,2
1997,rslarrea,1,3,3,108,dime,44486,m,y,y,y,y,ecto,mite,,
1997,rslarrea,1,3,3,109,pgfv,44487,f,y,y,y,n,feces,eree,,
1997,rslarrea,1,3,3,109,pgfv,44487,f,y,y,y,n,ecto,lice,,
1997,rslarrea,1,3,3,118,pgfv,44488,m,y,n,y,n,feces,eree,,
1997,rslarrea,1,3,3,119,dime,44489,m,y,y,y,n,feces,nega,,
1997,rslarrea,1,3,3,119,dime,44489,m,y,y,y,n,ecto,mite,,
1997,rslarrea,1,3,3,119,dime,44489,m,y,y,y,n,ecto,fapi,,
1997,rslarrea,1,3,3,128,dime,44490,f,y,n,y,y,feces,echo,,
1997,rslarrea,1,3,3,128,dime,44490,f,y,n,y,y,st,pras,f,16
1997,rslarrea,1,3,3,128,dime,44490,f,y,n,y,y,si,pras,m,1
1997,rslarrea,1,3,3,128,dime,44490,f,y,n,y,y,si,pras,f,14
1997,rslarrea,1,3,3,128,dime,44490,f,y,n,y,y,cc,hede,m,1
1997,rslarrea,1,3,3,128,dime,44490,f,y,n,y,y,cc,hede,f,7
1997,rslarrea,1,3,3,141,pgfv,44491,f,y,n,y,n,feces,nega,,
1997,rslarrea,1,3,3,143,neal,44492,m,y,y,y,y,feces,nega,,
1997,rslarrea,1,3,3,143,neal,44492,m,y,y,y,y,cc,asac,m,2
1997,rslarrea,1,3,3,143,neal,44492,m,y,y,y,y,cc,asac,f,8
1997,rslarrea,1,3,3,143,neal,44492,m,y,y,y,y,si,rasp,,60
1997,rslarrea,1,3,3,143,neal,44492,m,y,y,y,y,ecto,lice,,
1997,rslarrea,1,3,3,143,neal,44492,m,y,y,y,y,ecto,flea,,
1997,rslarrea,1,3,1,96,neal,44493,m,y,n,y,n,feces,ealb,,
1997,rslarrea,1,3,1,69,neal,44494,m,y,n,y,n,feces,ealb,,
1997,rslarrea,1,3,1,110,onle,44495,f,y,y,y,n,feces,nega,,
1997,rslarrea,1,3,1,110,onle,44495,f,y,y,y,n,ecto,hoon,,
1997,rslarrea,1,3,1,108,pmle,44496,m,y,n,y,y,feces,nega,,
1997,rslarrea,1,3,1,108,pmle,44496,m,y,n,y,y,st,madi,f,1
1997,rslarrea,1,3,1,108,pmle,44496,m,y,n,y,y,si,mocl,f,1
1997,rslarrea,1,3,1,130,pmtr,44497,m,y,y,y,n,feces,nega,,
1997,rslarrea,1,3,1,130,pmtr,44497,m,y,y,y,n,ecto,lice,,
1997,rslarrea,1,3,1,132,pmle,44498,m,y,y,y,n,feces,nega,,
1997,rslarrea,1,3,1,132,pmle,44498,m,y,y,y,n,ecto,lice,,
1997,rsgrass,1,1,2,5,pgfl,46511,m,y,y,y,n,feces,nega,,
1997,rsgrass,1,1,2,5,pgfl,46511,m,y,y,y,n,ecto,mite,,
1997,rsgrass,1,1,2,6,dior,46512,m,y,y,y,n,feces,nega,,
1997,rsgrass,1,1,2,6,dior,46512,m,y,y,y,n,ecto,mite,,
1997,rsgrass,1,1,2,12,pgfl,46513,m,y,n,y,n,feces,nega,,
1997,rsgrass,1,1,2,22,pgfl,46514,m,y,y,y,n,feces,nega,,
1997,rsgrass,1,1,2,22,pgfl,46514,m,y,y,y,n,ecto,mite,,
1997,rsgrass,1,1,2,25,dime,46515,f,y,y,y,y,feces,edip,,
1997,rsgrass,1,1,2,25,dime,46515,f,y,y,y,y,si,rasp,,3
1997,rsgrass,1,1,2,25,dime,46515,f,y,y,y,y,ecto,lice,,
1997,rsgrass,1,1,2,30,dime,46516,m,y,y,y,n,feces,nega,,
1997,rsgrass,1,1,2,30,dime,46516,m,y,y,y,n,ecto,mite,,
1997,rsgrass,1,1,2,32,pgfv,46517,f,y,n,y,n,feces,nega,,
1997,rsgrass,1,1,2,39,dime,46518,f,y,n,y,y,feces,nega,,
1997,rsgrass,1,1,2,39,dime,46518,f,y,n,y,y,cc,unne,,2
1997,rsgrass,1,1,2,40,pgfl,46519,m,y,y,y,y,feces,nega,,
1997,rsgrass,1,1,2,40,pgfl,46519,m,y,y,y,y,st,unne,l,4
1997,rsgrass,1,1,2,40,pgfl,46519,m,y,y,y,y,ecto,mite,,
1997,rsgrass,1,1,2,45,pgfl,46520,m,y,y,y,n,feces,nega,,
1997,rsgrass,1,1,2,45,pgfl,46520,m,y,y,y,n,ecto,mite,,
1997,rsgrass,1,1,2,48,dior,46521,f,y,y,y,n,feces,nega,,
1997,rsgrass,1,1,2,48,dior,46521,f,y,y,y,n,ecto,lice,,
1997,rsgrass,1,1,2,48,dior,46521,f,y,y,y,n,ecto,mite,,
1997,rsgrass,1,1,2,58,dior,46522,m,y,n,y,n,feces,nega,,
1997,rsgrass,1,1,2,63,pgfl,46523,f,y,n,y,n,feces,nega,,
1997,rsgrass,1,1,2,64,dime,46524,f,y,n,y,n,feces,nega,,
1997,rsgrass,1,1,2,69,dime,46525,m,y,y,y,n,feces,nega,,
1997,rsgrass,1,1,2,69,dime,46525,m,y,y,y,n,ecto,fapi,,
1997,rsgrass,1,1,2,82,dime,46526,m,y,n,y,n,feces,nega,,
1997,rsgrass,1,1,2,94,pgfl,46527,f,y,n,y,n,feces,nega,,
1997,rsgrass,1,1,2,95,dime,46528,m,y,y,y,y,feces,echo,,
1997,rsgrass,1,1,2,95,dime,46528,m,y,y,y,y,st,pras,f,1
1997,rsgrass,1,1,2,95,dime,46528,m,y,y,y,y,ecto,lice,,
1997,rsgrass,1,1,2,107,dime,46529,m,y,n,y,y,feces,edip,,
1997,rsgrass,1,1,2,107,dime,46529,m,y,n,y,y,cc,hede,f,1
1997,rsgrass,1,1,2,117,pgfl,46530,m,y,n,y,n,feces,nega,,
1997,rsgrass,1,1,2,118,dime,46531,f,y,n,y,n,feces,nega,,
1997,rsgrass,1,1,2,121,dior,46532,m,y,n,y,n,feces,nega,,
1997,rsgrass,1,1,2,125,dime,46533,m,y,y,y,n,feces,nega,,
1997,rsgrass,1,1,2,125,dime,46533,m,y,y,y,n,ecto,mite,,
1997,rsgrass,1,1,2,129,pgfl,46534,f,y,n,y,n,feces,nega,,
1997,rsgrass,1,1,2,131,dior,46535,m,y,y,y,n,feces,nega,,
1997,rsgrass,1,1,2,131,dior,46535,m,y,y,y,n,ecto,mite,,
1997,rsgrass,1,1,3,,dior,46536,m,y,y,y,n,feces,nega,,
1997,rsgrass,1,1,3,,dior,46536,m,y,y,y,n,ecto,mite,,
1997,rsgrass,1,1,3,4,dime,46537,m,y,y,y,y,feces,nega,,
1997,rsgrass,1,1,3,4,dime,46537,m,y,y,y,y,cc,hede,m,1
1997,rsgrass,1,1,3,4,dime,46537,m,y,y,y,y,cc,hede,f,4
1997,rsgrass,1,1,3,4,dime,46537,m,y,y,y,y,ecto,lice,,
1997,rsgrass,1,1,3,7,dior,46538,m,y,n,y,n,feces,nega,,
1997,rsgrass,1,1,3,9,dime,46539,m,y,y,y,y,feces,nega,,
1997,rsgrass,1,1,3,9,dime,46539,m,y,y,y,y,cc,hede,f,1
1997,rsgrass,1,1,3,9,dime,46539,m,y,y,y,y,ecto,mite,,
1997,rsgrass,1,1,3,12,pgfl,46540,f,y,n,y,n,feces,nega,,
1997,rsgrass,1,1,3,15,pgfl,46541,f,y,y,y,n,feces,nega,,
1997,rsgrass,1,1,3,15,pgfl,46541,f,y,y,y,n,ecto,mite,,
1997,rsgrass,1,1,3,24,dior,46542,m,y,y,y,y,feces,nega,,
1997,rsgrass,1,1,3,24,dior,46542,m,y,y,y,y,cc,hede,f,2
1997,rsgrass,1,1,3,24,dior,46542,m,y,y,y,y,ecto,lice,,
1997,rsgrass,1,1,3,26,pgfl,46543,m,y,n,y,n,feces,nega,,
1997,rsgrass,1,1,3,34,pgfl,46544,m,y,y,y,n,feces,nega,,
1997,rsgrass,1,1,3,34,pgfl,46544,m,y,y,y,n,ecto,mite,,
1997,rsgrass,1,1,3,36,dime,46545,m,y,y,y,n,feces,nega,,
1997,rsgrass,1,1,3,36,dime,46545,m,y,y,y,n,ecto,lice,,
1997,rsgrass,1,1,3,36,dime,46545,m,y,y,y,n,ecto,mite,,
1997,rsgrass,1,1,3,48,pgfl,46546,m,y,y,y,n,feces,nega,,
1997,rsgrass,1,1,3,48,pgfl,46546,m,y,y,y,n,ecto,mite,,
1997,rsgrass,1,1,3,52,dime,46547,f,y,n,y,y,feces,nega,,
1997,rsgrass,1,1,3,52,dime,46547,f,y,n,y,y,si,unce,,2
1997,rsgrass,1,1,3,84,dime,46548,m,y,y,y,y,feces,nega,,
1997,rsgrass,1,1,3,84,dime,46548,m,y,y,y,y,si,unce,,1
1997,rsgrass,1,1,3,84,dime,46548,m,y,y,y,y,ecto,mite,,
1997,rsgrass,1,1,3,89,dior,46549,m,y,y,y,n,feces,nega,,
1997,rsgrass,1,1,3,89,dior,46549,m,y,y,y,n,ecto,mite,,
1997,rsgrass,1,1,3,106,dior,46550,f,y,n,y,y,feces,nega,,
1997,rsgrass,1,1,3,106,dior,46550,f,y,n,y,y,cc,hede,f,5
1997,rsgrass,1,1,3,108,dime,46551,m,y,y,y,n,feces,nega,,
1997,rsgrass,1,1,3,108,dime,46551,m,y,y,y,n,ecto,mite,,
1997,rsgrass,1,1,3,113,pgfl,46552,m,y,n,y,n,feces,nega,,
1997,rsgrass,1,1,3,115,dior,46553,m,y,n,y,y,feces,nega,,
1997,rsgrass,1,1,3,115,dior,46553,m,y,n,y,y,cc,trsp,f,2
1997,rsgrass,1,1,3,116,pgfl,46554,f,y,y,y,n,feces,nega,,
1997,rsgrass,1,1,3,116,pgfl,46554,f,y,y,y,n,ecto,mite,,
1997,rsgrass,1,1,3,125,dime,46555,m,y,n,y,n,feces,nega,,
1997,rsgrass,1,1,3,141,dior,46556,f,y,y,y,y,feces,nega,,
1997,rsgrass,1,1,3,141,dior,46556,f,y,y,y,y,cc,hede,m,1
1997,rsgrass,1,1,3,141,dior,46556,f,y,y,y,y,cc,hede,f,1
1997,rsgrass,1,1,3,141,dior,46556,f,y,y,y,y,ecto,mite,,
1997,rsgrass,1,1,3,143,dime,46557,m,y,n,y,y,feces,nega,,
1997,rsgrass,1,1,3,143,dime,46557,m,y,n,y,y,st,phma,m,2
1997,rsgrass,1,1,3,143,dime,46557,m,y,n,y,y,st,phma,f,8
1997,rsgrass,1,1,3,102,pmle,46558,m,y,y,y,n,feces,nega,,
1997,rsgrass,1,1,3,102,pmle,46558,m,y,y,y,n,ecto,flea,,
1997,rsgrass,1,1,3,107,pmle,46559,m,y,y,y,y,feces,nega,,
1997,rsgrass,1,1,3,107,pmle,46559,m,y,y,y,y,si,mocl,f,2
1997,rsgrass,1,1,3,107,pmle,46559,m,y,y,y,y,ecto,lice,,
1997,rsgrass,1,1,3,119,onle,46560,f,y,n,y,n,feces,esev,,
1997,rsgrass,1,1,3,128,onle,46561,m,y,y,y,n,feces,nega,,
1997,rsgrass,1,1,3,128,onle,46561,m,y,y,y,n,ecto,poau,,
1997,rsgrass,1,1,3,30,onle,46562,f,y,n,y,y,feces,esev,,
1997,rsgrass,1,1,3,30,onle,46562,f,y,n,y,y,st,pras,m,1
1997,rsgrass,1,1,3,30,onle,46562,f,y,n,y,y,st,pras,f,1
1997,rsgrass,1,1,3,30,onle,46562,f,y,n,y,y,si,mocl,f,4
1997,rsgrass,1,1,3,30,onle,46562,f,y,n,y,y,si,unce,l,1
1997,rsgrass,1,1,3,11,neal,46563,m,y,y,y,n,feces,nega,,
1997,rsgrass,1,1,3,11,neal,46563,m,y,y,y,n,ecto,lice,,
1997,rsgrass,1,1,3,20,neal,46564,m,y,y,y,n,feces,nega,,
1997,rsgrass,1,1,3,20,neal,46564,m,y,y,y,n,ecto,neno,,
1997,rsgrass,1,1,3,21,neal,46565,f,y,y,y,y,feces,nega,,
1997,rsgrass,1,1,3,21,neal,46565,f,y,y,y,y,cc,unce,,1
1997,rsgrass,1,1,3,21,neal,46565,f,y,y,y,y,ecto,ecga,,
1997,rsgrass,1,1,3,23,neal,46566,m,y,y,y,n,feces,nega,,
1997,rsgrass,1,1,3,23,neal,46566,m,y,y,y,n,ecto,lice,,
1997,rsgrass,1,1,3,67,neal,46567,f,y,y,y,y,feces,nega,,
1997,rsgrass,1,1,3,67,neal,46567,f,y,y,y,y,si,rasp,,1
1997,rsgrass,1,1,3,67,neal,46567,f,y,y,y,y,si,hepo,m,1
1997,rsgrass,1,1,3,67,neal,46567,f,y,y,y,y,ecto,ecga,,
1997,rsgrass,1,1,3,76,neal,46568,f,y,y,y,n,feces,nega,,
1997,rsgrass,1,1,3,76,neal,46568,f,y,y,y,n,ecto,flea,,
1997,rsgrass,1,1,3,76,neal,46568,f,y,y,y,n,ecto,cuau,,1
1997,rsgrass,1,1,3,80,neal,46569,m,y,y,y,n,feces,nega,,
1997,rsgrass,1,1,3,80,neal,46569,m,y,y,y,n,ecto,ecga,,
1997,rsgrass,1,1,2,81,onle,46570,m,y,y,y,n,feces,nega,,
1997,rsgrass,1,1,2,81,onle,46570,m,y,y,y,n,ecto,mite,,
1997,rsgrass,1,1,2,83,onle,46571,f,y,n,y,y,feces,nega,,
1997,rsgrass,1,1,2,83,onle,46571,f,y,n,y,y,st,madi,f,4
1997,rsgrass,1,1,2,83,onle,46571,f,y,n,y,y,si,mocl,f,2
1997,rsgrass,1,1,2,7,neal,46572,f,y,y,y,n,feces,nega,,
1997,rsgrass,1,1,2,7,neal,46572,f,y,y,y,n,ecto,mite,,
1997,rsgrass,1,1,2,7,neal,46572,f,y,y,y,n,ecto,scar,,
1997,rsgrass,1,1,2,39,neal,46573,m,y,y,y,y,feces,nega,,
1997,rsgrass,1,1,2,39,neal,46573,m,y,y,y,y,si,unce,,1
1997,rsgrass,1,1,2,39,neal,46573,m,y,y,y,y,ecto,neno,,
1997,rsgrass,1,1,2,41,neal,46574,f,y,n,y,n,feces,nega,,
1997,rsgrass,1,1,2,66,neal,46575,f,y,n,y,n,feces,lost,,
1997,rsgrass,1,1,2,34,neal,46576,f,y,y,y,n,feces,nega,,
1997,rsgrass,1,1,2,34,neal,46576,f,y,y,y,n,ecto,scar,,
1997,rsgrass,1,1,2,80,neal,46577,m,y,n,y,y,feces,nega,,
1997,rsgrass,1,1,2,80,neal,46577,m,y,n,y,y,cc,asac,m,4
1997,rsgrass,1,1,2,80,neal,46577,m,y,n,y,y,cc,asac,f,44
1997,rsgrass,1,1,2,116,neal,46578,f,y,y,y,y,feces,nega,,
1997,rsgrass,1,1,2,116,neal,46578,f,y,y,y,y,si,hepo,m,5
1997,rsgrass,1,1,2,116,neal,46578,f,y,y,y,y,si,hepo,f,2
1997,rsgrass,1,1,2,116,neal,46578,f,y,y,y,y,ecto,ecga,,
1997,rsgrass,1,1,3,53,dior,46579,m,y,y,y,y,feces,espp,,
1997,rsgrass,1,1,3,53,dior,46579,m,y,y,y,y,cc,hede,f,2
1997,rsgrass,1,1,3,53,dior,46579,m,y,y,y,y,ecto,mite,,
1997,rsgrass,1,1,3,54,pgfl,46580,m,y,y,y,n,feces,,,
1997,rsgrass,1,1,3,54,pgfl,46580,m,y,y,y,n,ecto,mite,,
1997,rsgrass,1,1,3,57,dime,46581,f,y,n,y,n,feces,nega,,
1997,rsgrass,1,1,3,66,dime,46582,m,y,n,y,n,feces,nega,,
1997,rsgrass,1,1,3,72,dior,46583,m,y,n,y,n,feces,nega,,
1997,rsgrass,1,1,3,79,pgfl,46584,m,y,y,y,n,feces,nega,,
1997,rsgrass,1,1,3,79,pgfl,46584,m,y,y,y,n,ecto,mite,,
1997,rsgrass,1,1,3,83,dior,46585,f,y,n,y,n,feces,nega,,
1997,rsgrass,1,1,2,51,remg,46586,m,y,n,y,n,feces,lost,,
1997,rsgrass,1,1,2,59,sihi,46587,m,y,y,y,n,feces,nega,,
1997,rsgrass,1,1,2,59,sihi,46587,m,y,y,y,n,ecto,hoar,,
1997,rsgrass,1,2,3,72,dior,46612,f,y,y,y,y,feces,elio,,
1997,rsgrass,1,2,3,72,dior,46612,f,y,y,y,y,si,hede,f,2
1997,rsgrass,1,2,3,72,dior,46612,f,y,y,y,y,ecto,mite,,
1997,rsgrass,1,2,3,72,dior,46612,f,y,y,y,y,ecto,lice,,
1997,rsgrass,1,2,2,12,pgfl,46613,f,y,y,y,n,feces,nega,,
1997,rsgrass,1,2,2,12,pgfl,46613,f,y,y,y,n,ecto,mite,,
1997,rsgrass,1,2,2,14,pgfl,46614,m,y,y,y,n,feces,nega,,
1997,rsgrass,1,2,2,14,pgfl,46614,m,y,y,y,n,ecto,mite,,
1997,rsgrass,1,2,2,48,pgfl,46615,m,y,y,y,y,feces,nega,,
1997,rsgrass,1,2,2,48,pgfl,46615,m,y,y,y,y,ecto,mite,,
1997,rsgrass,1,2,2,48,pgfl,46615,m,y,y,y,y,st,hede,f,1
1997,rsgrass,1,2,2,59,dime,46616,m,y,n,y,n,feces,nega,,
1997,rsgrass,1,2,2,65,dior,46617,f,y,y,y,n,feces,elio,,
1997,rsgrass,1,2,2,65,dior,46617,f,y,y,y,n,ecto,mite,,
1997,rsgrass,1,2,2,71,dime,46618,m,y,y,y,n,feces,edip,,
1997,rsgrass,1,2,2,71,dime,46618,m,y,y,y,n,ecto,mite,,
1997,rsgrass,1,2,2,80,dime,46619,f,y,y,y,n,feces,nega,,
1997,rsgrass,1,2,2,80,dime,46619,f,y,y,y,n,ecto,mite,,
1997,rsgrass,1,2,2,81,pgfl,46620,m,y,y,y,y,feces,nega,,
1997,rsgrass,1,2,2,81,pgfl,46620,m,y,y,y,y,ecto,mite,,
1997,rsgrass,1,2,2,81,pgfl,46620,m,y,y,y,y,si,oosp,,1
1997,rsgrass,1,2,2,82,dior,46621,m,y,y,y,n,feces,nega,,
1997,rsgrass,1,2,2,82,dior,46621,m,y,y,y,n,ecto,mite,,
1997,rsgrass,1,2,2,83,dime,46622,f,y,n,y,y,feces,nega,,
1997,rsgrass,1,2,2,83,dime,46622,f,y,n,y,y,cc,hede,m,1
1997,rsgrass,1,2,2,93,pgfl,46623,f,y,y,y,n,feces,nega,,
1997,rsgrass,1,2,2,93,pgfl,46623,f,y,y,y,n,ecto,mite,,
1997,rsgrass,1,2,2,65,dime,46624,m,y,y,y,y,feces,nega,,
1997,rsgrass,1,2,2,65,dime,46624,m,y,y,y,y,cc,hede,m,1
1997,rsgrass,1,2,2,65,dime,46624,m,y,y,y,y,cc,hede,f,13
1997,rsgrass,1,2,2,65,dime,46624,m,y,y,y,y,ecto,mite,,
1997,rsgrass,1,2,2,95,dior,46625,m,y,y,y,y,feces,nega,,
1997,rsgrass,1,2,2,95,dior,46625,m,y,y,y,y,cc,hepo,m,1
1997,rsgrass,1,2,2,95,dior,46625,m,y,y,y,y,cc,hede,f,10
1997,rsgrass,1,2,2,95,dior,46625,m,y,y,y,y,ecto,mite,,
1997,rsgrass,1,2,2,105,pgfv,46626,f,y,y,y,n,feces,nega,,
1997,rsgrass,1,2,2,105,pgfv,46626,f,y,y,y,n,ecto,lice,,
1997,rsgrass,1,2,2,106,pgfl,46627,m,y,y,y,n,feces,nega,,
1997,rsgrass,1,2,2,106,pgfl,46627,m,y,y,y,n,ecto,mite,,
1997,rsgrass,1,2,2,117,dime,46628,m,y,y,y,y,feces,echo,,
1997,rsgrass,1,2,2,117,dime,46628,m,y,y,y,y,cc,hede,m,1
1997,rsgrass,1,2,2,117,dime,46628,m,y,y,y,y,cc,hede,f,1
1997,rsgrass,1,2,2,117,dime,46628,m,y,y,y,y,ecto,mite,,
1997,rsgrass,1,2,2,118,dior,46629,f,y,n,y,n,feces,nega,,
1997,rsgrass,1,2,2,141,pgfl,46630,f,y,y,y,n,feces,nega,,
1997,rsgrass,1,2,2,141,pgfl,46630,f,y,y,y,n,ecto,mite,,
1997,rsgrass,1,2,2,142,pgfl,46631,m,y,y,y,n,feces,nega,,
1997,rsgrass,1,2,2,142,pgfl,46631,m,y,y,y,n,ecto,mite,,
1997,rsgrass,1,2,3,21,pgfl,46632,m,y,y,y,n,feces,nega,,
1997,rsgrass,1,2,3,21,pgfl,46632,m,y,y,y,n,ecto,mite,,
1997,rsgrass,1,2,3,22,pgfl,46633,f,y,y,y,n,feces,nega,,
1997,rsgrass,1,2,3,22,pgfl,46633,f,y,y,y,n,ecto,mite,,
1997,rsgrass,1,2,3,34,dime,46634,m,y,n,y,n,feces,nega,,
1997,rsgrass,1,2,3,33,pgfl,46635,f,y,n,y,n,feces,nega,,
1997,rsgrass,1,2,3,36,pgfl,46636,f,y,n,y,n,feces,nega,,
1997,rsgrass,1,2,3,44,dior,46637,m,y,y,y,y,feces,elio,,
1997,rsgrass,1,2,3,44,dior,46637,m,y,y,y,y,st,madi,m,1
1997,rsgrass,1,2,3,44,dior,46637,m,y,y,y,y,st,madi,f,1
1997,rsgrass,1,2,3,44,dior,46637,m,y,y,y,y,ecto,mite,,
1997,rsgrass,1,2,3,58,dime,46638,m,y,n,y,y,feces,nega,,
1997,rsgrass,1,2,3,58,dime,46638,m,y,n,y,y,cc,hede,f,3
1997,rsgrass,1,2,3,69,pgfl,46639,m,y,y,y,n,feces,nega,,
1997,rsgrass,1,2,3,69,pgfl,46639,m,y,y,y,n,ecto,mite,,
1997,rsgrass,1,2,3,70,pgfl,46640,m,y,y,y,n,feces,nega,,
1997,rsgrass,1,2,3,70,pgfl,46640,m,y,y,y,n,ecto,mite,,
1997,rsgrass,1,2,3,71,dior,46641,m,y,n,y,n,feces,espp,,
1997,rsgrass,1,2,3,84,pgfl,46642,m,y,y,y,n,feces,nega,,
1997,rsgrass,1,2,3,84,pgfl,46642,m,y,y,y,n,ecto,mite,,
1997,rsgrass,1,2,3,89,pgfl,46643,m,y,y,y,n,feces,nega,,
1997,rsgrass,1,2,3,89,pgfl,46643,m,y,y,y,n,ecto,mite,,
1997,rsgrass,1,2,3,94,pgfl,46644,f,y,y,y,n,feces,nega,,
1997,rsgrass,1,2,3,94,pgfl,46644,f,y,y,y,n,ecto,mite,,
1997,rsgrass,1,2,3,96,pgfl,46645,m,y,y,y,n,feces,nega,,
1997,rsgrass,1,2,3,96,pgfl,46645,m,y,y,y,n,ecto,mite,,
1997,rsgrass,1,2,3,105,pgfl,46646,m,y,y,y,n,feces,nega,,
1997,rsgrass,1,2,3,115,pgfl,46647,m,y,y,y,n,feces,nega,,
1997,rsgrass,1,2,3,115,pgfl,46647,m,y,y,y,n,ecto,mite,,
1997,rsgrass,1,2,3,122,pgfl,46648,f,y,y,y,n,feces,nega,,
1997,rsgrass,1,2,3,127,pgfl,46649,m,y,y,y,n,feces,nega,,
1997,rsgrass,1,2,3,127,pgfl,46649,m,y,y,y,n,ecto,mite,,
1997,rsgrass,1,2,3,42,onle,46650,m,y,n,y,n,feces,nega,,
1997,rsgrass,1,2,3,48,neal,46651,f,y,y,y,y,feces,nega,,
1997,rsgrass,1,2,3,48,neal,46651,f,y,y,y,y,si,rasp,,1
1997,rsgrass,1,2,3,48,neal,46651,f,y,y,y,y,ecto,scar,,
1997,rsgrass,1,2,3,67,neal,46652,f,y,y,y,n,feces,nega,,
1997,rsgrass,1,2,3,67,neal,46652,f,y,y,y,n,ecto,neno,,
1997,rsgrass,1,2,3,113,neal,46653,f,y,n,y,n,feces,nega,,
1997,rsgrass,1,2,3,45,dior,46654,m,y,y,y,n,feces,elio,,
1997,rsgrass,1,2,3,45,dior,46654,m,y,y,y,n,ecto,mite,,
1997,rsgrass,1,2,3,45,dior,46654,m,y,y,y,n,ecto,lice,,
1997,rsgrass,1,2,2,40,onle,46655,m,y,n,y,y,feces,nega,,
1997,rsgrass,1,2,2,40,onle,46655,m,y,n,y,y,si,hysp,,3
1997,rsgrass,1,2,2,60,neal,46656,m,y,y,y,y,feces,nega,,
1997,rsgrass,1,2,2,60,neal,46656,m,y,y,y,y,cc,unne,,9
1997,rsgrass,1,2,2,60,neal,46656,m,y,y,y,y,ecto,ecga,,
1997,rsgrass,1,2,2,107,pmle,46657,f,y,n,y,y,feces,nega,,
1997,rsgrass,1,2,2,107,pmle,46657,f,y,n,y,y,si,unne,l,2
1997,rsgrass,1,2,2,108,pmle,46658,m,y,n,y,n,feces,iper,,
1997,rsgrass,1,2,2,125,pmle,46659,m,y,y,y,y,feces,lost,,
1997,rsgrass,1,2,2,125,pmle,46659,m,y,y,y,y,st,madi,m,6
1997,rsgrass,1,2,2,125,pmle,46659,m,y,y,y,y,st,madi,f,8
1997,rsgrass,1,2,2,125,pmle,46659,m,y,y,y,y,ecto,mite,,
1997,rsgrass,1,2,3,142,pmtr,46660,f,y,n,y,y,feces,nega,,
1997,rsgrass,1,2,3,142,pmtr,46660,f,y,n,y,y,bc,pras,f,23
1997,rsgrass,1,3,2,83,dior,46674,f,y,y,y,y,feces,nega,,
1997,rsgrass,1,3,2,83,dior,46674,f,y,y,y,y,cc,trsp,f,1
1997,rsgrass,1,3,2,83,dior,46674,f,y,y,y,y,ecto,mite,,
1997,rsgrass,1,3,2,36,pgfl,46675,f,y,n,y,n,feces,nega,,
1997,rsgrass,1,3,2,72,pgfl,46676,f,y,n,y,n,feces,nega,,
1997,rsgrass,1,3,2,78,pgfl,46677,m,y,y,y,n,feces,nega,,
1997,rsgrass,1,3,2,78,pgfl,46677,m,y,y,y,n,ecto,mite,,
1997,rsgrass,1,3,2,94,dior,46678,f,y,n,y,n,feces,nega,,
1997,rsgrass,1,3,2,108,pgfv,46679,f,y,n,y,n,feces,nega,,
1997,rsgrass,1,3,3,135,pgfl,46680,m,y,y,y,n,feces,nega,,
1997,rsgrass,1,3,3,135,pgfl,46680,m,y,y,y,n,ecto,mite,,
1997,rsgrass,1,3,3,8,pgfl,46681,f,y,y,y,n,feces,nega,,
1997,rsgrass,1,3,3,8,pgfl,46681,f,y,y,y,n,ecto,mite,,
1997,rsgrass,1,3,3,22,pgfl,46682,f,y,n,y,y,feces,nega,,
1997,rsgrass,1,3,3,22,pgfl,46682,f,y,n,y,y,st,madi,m,1
1997,rsgrass,1,3,3,22,pgfl,46682,f,y,n,y,y,st,madi,f,1
1997,rsgrass,1,3,3,23,pgfl,46683,f,y,n,y,n,feces,nega,,
1997,rsgrass,1,3,3,67,pgfl,46684,m,y,n,y,n,feces,nega,,
1997,rsgrass,1,3,3,82,pgfl,46685,f,y,y,y,n,feces,nega,,
1997,rsgrass,1,3,3,82,pgfl,46685,f,y,y,y,n,ecto,mite,,
1997,rsgrass,1,3,3,89,pgfl,46686,f,y,y,y,n,feces,nega,,
1997,rsgrass,1,3,3,89,pgfl,46686,f,y,y,y,n,ecto,mite,,
1997,rsgrass,1,3,3,92,dime,46687,m,y,n,y,n,feces,nega,,
1997,rsgrass,1,3,2,131,neal,46688,m,y,y,y,n,feces,nega,,
1997,rsgrass,1,3,2,131,neal,46688,m,y,y,y,n,ecto,neno,,
1997,rsgrass,1,3,2,7,neal,46689,m,y,y,y,n,feces,nega,,
1997,rsgrass,1,3,2,7,neal,46689,m,y,y,y,n,ecto,neno,,
1997,rsgrass,1,3,2,7,neal,46689,m,y,y,y,n,ecto,cuau,,1
1997,rsgrass,1,3,2,34,neal,46690,f,y,y,y,n,feces,nega,,
1997,rsgrass,1,3,2,34,neal,46690,f,y,y,y,n,ecto,cuau,,2
1997,rsgrass,1,3,2,71,neal,46691,f,y,n,y,n,feces,nega,,
1997,rsgrass,1,3,2,95,neal,46692,m,y,y,y,n,ecto,neno,,
1997,rsgrass,1,3,2,95,neal,46692,m,y,y,y,n,feces,nega,,
1997,rsgrass,1,3,2,95,neal,46692,m,y,y,y,n,ecto,flea,,
1997,rsgrass,1,3,3,125,neal,46693,f,y,y,y,y,feces,nega,,
1997,rsgrass,1,3,3,125,neal,46693,f,y,y,y,y,si,asac,f,1
1997,rsgrass,1,3,3,125,neal,46693,f,y,y,y,y,si,rasp,,1
1997,rsgrass,1,3,3,125,neal,46693,f,y,y,y,y,cc,hepo,f,1
1997,rsgrass,1,3,3,125,neal,46693,f,y,y,y,y,ecto,neno,,
1997,rsgrass,1,3,3,48,neal,46694,m,y,y,y,y,feces,nega,,
1997,rsgrass,1,3,3,48,neal,46694,m,y,y,y,y,cc,mocl,f,4
1997,rsgrass,1,3,3,48,neal,46694,m,y,y,y,y,cc,rasp,,1
1997,rsgrass,1,3,3,48,neal,46694,m,y,y,y,y,ecto,neno,,
1997,rsgrass,1,3,3,57,neal,46695,f,y,y,y,n,feces,nega,,
1997,rsgrass,1,3,3,57,neal,46695,f,y,y,y,n,ecto,neno,,
1997,rsgrass,1,3,2,81,dior,46696,f,y,n,y,n,feces,nega,,
1997,rsgrass,1,3,2,3,pmtr,46697,m,y,n,y,y,feces,eari,,
1997,rsgrass,1,3,2,3,pmtr,46697,m,y,n,y,y,si,oosp,,1
1997,two22,1,1,2,1,dime,46709,m,y,y,y,n,feces,echo,,
1997,two22,1,1,2,1,dime,46709,m,y,y,y,n,ecto,mite,,
1997,two22,1,1,2,1,dime,46709,m,y,y,y,n,ecto,lice,,
1997,two22,1,1,2,12,pgfv,46710,f,y,y,y,n,feces,nega,,
1997,two22,1,1,2,12,pgfv,46710,f,y,y,y,n,ecto,mite,,
1997,two22,1,1,2,19,dime,46711,f,y,n,y,n,feces,nega,,
1997,two22,1,1,2,29,dime,46712,f,y,y,y,n,feces,nega,,
1997,two22,1,1,2,29,dime,46712,f,y,y,y,n,ecto,mite,,
1997,two22,1,1,2,60,chin,46713,m,y,y,y,n,feces,nega,,
1997,two22,1,1,2,60,chin,46713,m,y,y,y,n,ecto,mite,,
1997,two22,1,1,2,75,pgfv,46714,f,y,y,y,n,feces,nega,,
1997,two22,1,1,2,75,pgfv,46714,f,y,y,y,n,ecto,,,
1997,two22,1,1,2,132,dime,46715,m,y,n,y,n,feces,echo,,
1997,two22,1,1,2,139,dime,46716,m,y,n,y,n,feces,nega,,
1997,two22,1,1,3,7,dime,46717,m,y,y,y,n,feces,nega,,
1997,two22,1,1,3,7,dime,46717,m,y,y,y,n,ecto,mite,,
1997,two22,1,1,3,10,dime,46718,f,y,n,y,y,feces,echo,,
1997,two22,1,1,3,10,dime,46718,f,y,n,y,y,st,madi,f,2
1997,two22,1,1,3,10,dime,46718,f,y,n,y,y,si,ptdi,f,1
1997,two22,1,1,3,10,dime,46718,f,y,n,y,y,cc,trsp,f,5
1997,two22,1,1,3,10,dime,46718,f,y,n,y,y,cc,trsp,m,1
1997,two22,1,1,3,20,dime,46719,f,y,n,y,n,feces,nega,,
1997,two22,1,1,3,24,dime,46720,f,y,y,y,n,feces,nega,,
1997,two22,1,1,3,24,dime,46720,f,y,y,y,n,ecto,mite,,
1997,two22,1,1,3,120,pgfv,46721,f,y,n,y,n,feces,eree,,
1997,two22,1,1,3,124,dime,46722,f,y,y,y,n,feces,nega,,
1997,two22,1,1,3,124,dime,46722,f,y,y,y,n,ecto,mite,,
1997,two22,1,1,3,129,dime,46723,m,y,y,y,y,feces,echo,,
1997,two22,1,1,3,129,dime,46723,m,y,y,y,y,st,madi,f,1
1997,two22,1,1,3,129,dime,46723,m,y,y,y,y,ecto,mite,,
1997,two22,1,1,2,34,neal,46724,f,y,n,y,n,feces,nega,,
1997,two22,1,2,2,19,dime,46731,m,y,y,y,n,feces,nega,,
1997,two22,1,2,2,19,dime,46731,m,y,y,y,n,ecto,mite,,
1997,two22,1,2,2,32,dime,46732,m,y,y,y,y,feces,nega,,
1997,two22,1,2,2,32,dime,46732,m,y,y,y,y,cc,hede,f,4
1997,two22,1,2,2,32,dime,46732,m,y,y,y,y,ecto,mite,,
1997,two22,1,2,2,44,dime,46733,m,y,n,y,y,feces,nega,,
1997,two22,1,2,2,44,dime,46733,m,y,n,y,y,cc,hede,m,1
1997,two22,1,2,2,44,dime,46733,m,y,n,y,y,cc,hede,f,4
1997,two22,1,2,2,46,pgfv,46734,m,y,y,y,n,feces,nega,,
1997,two22,1,2,2,46,pgfv,46734,m,y,y,y,n,ecto,mite,,
1997,two22,1,2,3,36,dime,46735,m,y,n,y,y,feces,nega,,
1997,two22,1,2,3,36,dime,46735,m,y,n,y,y,cc,trsp,f,1
1997,two22,1,2,3,36,dime,46735,m,y,n,y,y,dish,rasa,,1
1997,two22,1,3,2,66,pgfv,46736,m,y,y,y,n,feces,nega,,
1997,two22,1,3,2,66,pgfv,46736,m,y,y,y,n,ecto,mite,,
1997,two22,1,3,3,108,dime,46737,f,y,n,y,n,feces,nega,,
1997,goatdraw,3,1,2,74,pgfv,46741,f,y,y,y,n,feces,eree,,
1997,goatdraw,3,1,2,74,pgfv,46741,f,y,y,y,n,ecto,lice,,
1997,goatdraw,3,1,4,10,pgfv,46742,m,y,y,y,n,feces,eree,,
1997,goatdraw,3,1,4,10,pgfv,46742,m,y,y,y,n,ecto,mite,,
1997,goatdraw,3,1,4,36,pgfv,46743,f,y,n,y,n,feces,nega,,
1997,goatdraw,3,1,4,60,pgfv,46744,m,y,n,y,n,feces,nega,,
1997,goatdraw,3,1,4,71,pgfv,46745,m,y,y,y,y,feces,nega,,
1997,goatdraw,3,1,4,71,pgfv,46745,m,y,y,y,y,ecto,mite,,
1997,goatdraw,3,1,4,71,pgfv,46745,m,y,y,y,y,cc,hede,f,1
1997,goatdraw,3,1,4,110,pgfv,46746,m,y,y,y,y,feces,nega,,
1997,goatdraw,3,1,4,110,pgfv,46746,m,y,y,y,y,si,hepo,f,1
1997,goatdraw,3,1,4,110,pgfv,46746,m,y,y,y,y,ecto,mite,,
1997,goatdraw,3,1,4,68,pmtr,46747,f,y,n,y,n,feces,nega,,
1997,goatdraw,3,1,4,95,pmtr,46748,f,y,y,y,n,feces,nega,,
1997,goatdraw,3,1,4,95,pmtr,46748,f,y,y,y,n,ecto,cune,,1
1997,goatdraw,3,2,2,47,pgfv,46758,m,y,y,y,n,feces,nega,,
1997,goatdraw,3,2,2,47,pgfv,46758,m,y,y,y,n,ecto,mite,,
1997,goatdraw,3,2,4,11,pgfv,46759,m,y,n,y,n,feces,eree,,
1997,goatdraw,3,2,4,54,pgfv,46760,f,y,y,y,n,feces,unsp,,
1997,goatdraw,3,2,4,54,pgfv,46760,f,y,y,y,n,ecto,fapi,,
1997,goatdraw,3,2,4,42,pgfv,46761,f,y,n,y,n,feces,nega,,
1997,goatdraw,3,2,4,78,chin,46762,m,y,y,y,n,feces,echa,,
1997,goatdraw,3,2,4,78,chin,46762,m,y,y,y,n,ecto,mite,,
1997,goatdraw,3,2,4,78,chin,46762,m,y,y,y,n,ecto,fapi,,
1997,goatdraw,3,2,4,117,pgfv,46763,f,n,y,y,n,feces,,,
1997,goatdraw,3,2,4,117,pgfv,46763,f,n,y,y,n,ecto,mite,,
1997,goatdraw,3,2,2,46,pmtr,46764,f,y,n,y,n,feces,nega,,
1997,goatdraw,3,2,2,101,pmtr,46765,m,y,y,y,n,feces,nega,,
1997,goatdraw,3,2,2,101,pmtr,46765,m,y,y,y,n,ecto,mite,,
1997,goatdraw,3,2,2,108,pmdi,46766,f,y,y,y,n,feces,nega,,
1997,goatdraw,3,2,2,108,pmdi,46766,f,y,y,y,n,ecto,tick,,
1997,goatdraw,3,3,2,89,pgfv,46774,m,y,y,y,n,feces,nega,,
1997,goatdraw,3,3,2,89,pgfv,46774,m,y,y,y,n,ecto,fapi,,
1997,goatdraw,3,3,4,60,pgfv,46775,f,y,y,y,n,feces,nega,,
1997,goatdraw,3,3,4,60,pgfv,46775,f,y,y,y,n,ecto,fapi,,
1997,goatdraw,3,3,4,70,pgfv,46776,m,y,y,y,n,feces,eree,,
1997,goatdraw,3,3,4,70,pgfv,46776,m,y,y,y,n,ecto,fapi,,
1997,goatdraw,3,3,2,60,pmtr,46777,m,y,n,y,n,feces,elan,,
1997,goatdraw,3,3,2,80,pmtr,46778,m,y,n,y,n,feces,nega,,
1997,goatdraw,3,3,2,95,pmtr,46779,f,y,n,y,n,feces,nega,,
1997,goatdraw,3,3,4,66,pmtr,46780,f,n,y,y,n,,,,
1997,goatdraw,3,3,4,66,pmtr,46780,f,n,y,y,n,ecto,mite,,
1997,5pgrass,3,1,1,9,pgfv,46785,m,y,y,y,n,feces,nega,,
1997,5pgrass,3,1,1,9,pgfv,46785,m,y,y,y,n,ecto,tick,,
1997,5pgrass,3,1,1,35,pgfv,46786,m,y,n,y,n,feces,nega,,
1997,5pgrass,3,1,1,41,dior,46787,m,y,y,y,n,feces,ebal,,
1997,5pgrass,3,1,1,41,dior,46787,m,y,y,y,n,ecto,tick,,
1997,5pgrass,3,1,1,55,disp,46788,f,y,y,y,y,feces,nega,,
1997,5pgrass,3,1,1,55,disp,46788,f,y,y,y,y,cc,hede,f,1
1997,5pgrass,3,1,1,55,disp,46788,f,y,y,y,y,ecto,fapi,,
1997,5pgrass,3,1,1,55,disp,46788,f,y,y,y,y,ecto,tick,,
1997,5pgrass,3,1,1,55,disp,46788,f,y,y,y,y,ecto,mear,,
1997,5pgrass,3,1,1,59,pgfv,46789,m,y,y,y,n,feces,nega,,
1997,5pgrass,3,1,1,59,pgfv,46789,m,y,y,y,n,ecto,tick,,
1997,5pgrass,3,1,1,59,pgfv,46789,m,y,y,y,n,ecto,mear,,
1997,5pgrass,3,1,1,60,disp,46790,m,y,y,y,y,feces,nega,,
1997,5pgrass,3,1,1,60,disp,46790,m,y,y,y,y,cc,trsp,m,6
1997,5pgrass,3,1,1,60,disp,46790,m,y,y,y,y,cc,hede,f,59
1997,5pgrass,3,1,1,60,disp,46790,m,y,y,y,y,cc,hede,m,16
1997,5pgrass,3,1,1,60,disp,46790,m,y,y,y,y,ecto,tick,,
1997,5pgrass,3,1,1,60,disp,46790,m,y,y,y,y,ecto,mear,,
1997,5pgrass,3,1,1,68,pgfv,46791,f,y,y,y,n,feces,nega,,
1997,5pgrass,3,1,1,68,pgfv,46791,f,y,y,y,n,ecto,tick,,
1997,5pgrass,3,1,1,72,pgfv,46792,m,y,y,y,n,feces,nega,,
1997,5pgrass,3,1,1,72,pgfv,46792,m,y,y,y,n,ecto,tick,,
1997,5pgrass,3,1,1,76,pgfv,46793,m,y,y,y,n,feces,nega,,
1997,5pgrass,3,1,1,76,pgfv,46793,m,y,y,y,n,ecto,tick,,
1997,5pgrass,3,1,1,76,pgfv,46793,m,y,y,y,n,ecto,lice,,
1997,5pgrass,3,1,1,79,pgfv,46794,f,y,y,y,n,feces,nega,,
1997,5pgrass,3,1,1,79,pgfv,46794,f,y,y,y,n,ecto,tick,,
1997,5pgrass,3,1,1,79,pgfv,46794,f,y,y,y,n,ecto,fapi,,
1997,5pgrass,3,1,1,81,pgfv,46795,f,y,y,y,n,feces,nega,,
1997,5pgrass,3,1,1,81,pgfv,46795,f,y,y,y,n,ecto,mite,,
1997,5pgrass,3,1,1,81,pgfv,46795,f,y,y,y,n,ecto,lice,,
1997,5pgrass,3,1,1,83,disp,46796,m,y,y,y,y,feces,emoh,,
1997,5pgrass,3,1,1,83,disp,46796,m,y,y,y,y,ecto,tick,,
1997,5pgrass,3,1,1,83,disp,46796,m,y,y,y,y,ecto,mite,,
1997,5pgrass,3,1,1,83,disp,46796,m,y,y,y,y,si,hysp,,5
1997,5pgrass,3,1,1,84,dior,46797,f,y,y,y,n,feces,nega,,
1997,5pgrass,3,1,1,84,dior,46797,f,y,y,y,n,ecto,mite,,
1997,5pgrass,3,1,1,104,pgfv,46798,m,y,y,y,n,feces,nega,,
1997,5pgrass,3,1,1,104,pgfv,46798,m,y,y,y,n,ecto,mite,,
1997,5pgrass,3,1,1,104,pgfv,46798,m,y,y,y,n,ecto,fapi,,
1997,5pgrass,3,1,1,105,pgfv,46799,m,y,n,y,n,feces,eree,,
1997,5pgrass,3,1,1,106,pgfv,46800,f,y,n,y,n,feces,eree,,
1997,5pgrass,3,1,1,111,remg,46801,m,y,y,y,n,feces,nega,,
1997,5pgrass,3,1,1,111,remg,46801,m,y,y,y,n,ecto,mite,,
1997,5pgrass,3,1,1,111,remg,46801,m,y,y,y,n,ecto,hore,,
1997,5pgrass,3,1,1,116,pgfv,46802,m,y,y,y,n,feces,nega,,
1997,5pgrass,3,1,1,116,pgfv,46802,m,y,y,y,n,ecto,lice,,
1997,5pgrass,3,1,1,117,pgfv,46803,f,y,n,y,n,feces,nega,,
1997,5pgrass,3,1,1,118,pgfv,46804,m,y,y,y,n,feces,nega,,
1997,5pgrass,3,1,1,118,pgfv,46804,m,y,y,y,n,ecto,lice,,
1997,5pgrass,3,1,1,125,dior,46805,m,y,y,y,n,feces,nega,,
1997,5pgrass,3,1,1,125,dior,46805,m,y,y,y,n,ecto,tick,,
1997,5pgrass,3,1,1,125,dior,46805,m,y,y,y,n,ecto,lice,,
1997,5pgrass,3,1,1,125,dior,46805,m,y,y,y,n,ecto,mite,,
1997,5pgrass,3,1,1,129,pgfv,46806,m,y,y,y,n,feces,eree,,
1997,5pgrass,3,1,1,129,pgfv,46806,m,y,y,y,n,ecto,lice,,
1997,5pgrass,3,1,1,141,pgfv,46807,m,y,y,y,n,feces,eree,,
1997,5pgrass,3,1,1,141,pgfv,46807,m,y,y,y,n,ecto,tick,,
1997,5pgrass,3,1,1,141,pgfv,46807,m,y,y,y,n,ecto,lice,,
1997,5pgrass,3,1,4,2,or,46808,m,y,n,y,n,feces,nega,,
1997,5pgrass,3,1,4,10,dior,46809,m,y,y,y,y,feces,nega,,
1997,5pgrass,3,1,4,10,dior,46809,m,y,y,y,y,cc,trsp,f,2
1997,5pgrass,3,1,4,10,dior,46809,m,y,y,y,y,ecto,,,
1997,5pgrass,3,1,4,17,pgfv,46810,f,y,n,y,n,feces,nega,,
1997,5pgrass,3,1,4,18,dior,46811,m,y,y,y,n,feces,nega,,
1997,5pgrass,3,1,4,18,dior,46811,m,y,y,y,n,ecto,lice,,
1997,5pgrass,3,1,4,18,dior,46811,m,y,y,y,n,ecto,mite,,
1997,5pgrass,3,1,4,34,dior,46812,f,y,y,y,y,feces,nega,,
1997,5pgrass,3,1,4,34,dior,46812,f,y,y,y,y,cc,hede,m,2
1997,5pgrass,3,1,4,34,dior,46812,f,y,y,y,y,cc,hede,f,3
1997,5pgrass,3,1,4,34,dior,46812,f,y,y,y,y,ecto,mite,,
1997,5pgrass,3,1,4,35,dior,46813,m,y,y,y,y,feces,nega,,
1997,5pgrass,3,1,4,35,dior,46813,m,y,y,y,y,cc,trsp,f,1
1997,5pgrass,3,1,4,35,dior,46813,m,y,y,y,y,ecto,mite,,
1997,5pgrass,3,1,4,43,pgfv,46814,m,y,y,y,n,feces,nega,,
1997,5pgrass,3,1,4,43,pgfv,46814,m,y,y,y,n,ecto,,,
1997,5pgrass,3,1,4,47,disp,46815,f,y,y,y,y,feces,nega,,
1997,5pgrass,3,1,4,47,disp,46815,f,y,y,y,y,si,hysp,,5
1997,5pgrass,3,1,4,47,disp,46815,f,y,y,y,y,cc,trsp,f,5
1997,5pgrass,3,1,4,47,disp,46815,f,y,y,y,y,cc,trsp,m,2
1997,5pgrass,3,1,4,47,disp,46815,f,y,y,y,y,ecto,tick,,
1997,5pgrass,3,1,4,47,disp,46815,f,y,y,y,y,ecto,lice,,
1997,5pgrass,3,1,4,59,dior,46816,m,y,y,y,y,feces,ebal,,
1997,5pgrass,3,1,4,59,dior,46816,m,y,y,y,y,cc,trsp,m,1
1997,5pgrass,3,1,4,59,dior,46816,m,y,y,y,y,cc,trsp,f,1
1997,5pgrass,3,1,4,59,dior,46816,m,y,y,y,y,ecto,mite,,
1997,5pgrass,3,1,4,59,dior,46816,m,y,y,y,y,ecto,tick,,
1997,5pgrass,3,1,4,59,dior,46816,m,y,y,y,y,ecto,lice,,
1997,5pgrass,3,1,4,80,disp,46817,f,y,y,y,y,feces,nega,,
1997,5pgrass,3,1,4,80,disp,46817,f,y,y,y,y,si,hysp,,2
1997,5pgrass,3,1,4,80,disp,46817,f,y,y,y,y,ecto,mite,,
1997,5pgrass,3,1,4,80,disp,46817,f,y,y,y,y,ecto,lice,,
1997,5pgrass,3,1,4,82,pgfv,46818,f,y,n,y,n,feces,nega,,
1997,5pgrass,3,1,4,87,dior,46819,m,y,n,y,y,feces,nega,,
1997,5pgrass,3,1,4,87,dior,46819,m,y,n,y,y,cc,trsp,f,4
1997,5pgrass,3,1,4,87,dior,46819,m,y,n,y,y,cc,trsp,m,1
1997,5pgrass,3,1,4,88,pgfv,46820,m,y,y,y,n,feces,eree,,
1997,5pgrass,3,1,4,88,pgfv,46820,m,y,y,y,n,ecto,mite,,
1997,5pgrass,3,1,4,108,pgfv,46821,f,y,y,y,y,feces,nega,,
1997,5pgrass,3,1,4,108,pgfv,46821,f,y,y,y,y,st,unne,,1
1997,5pgrass,3,1,4,108,pgfv,46821,f,y,y,y,y,st,unce,,1
1997,5pgrass,3,1,4,108,pgfv,46821,f,y,y,y,y,ecto,mite,,
1997,5pgrass,3,1,4,113,disp,46822,f,y,y,y,y,feces,nega,,
1997,5pgrass,3,1,4,113,disp,46822,f,y,y,y,y,si,hysp,,1
1997,5pgrass,3,1,4,113,disp,46822,f,y,y,y,y,ecto,lice,,
1997,5pgrass,3,1,4,119,pgfv,46823,m,y,n,y,n,feces,nega,,
1997,5pgrass,3,1,4,131,pgfv,46824,f,y,n,y,n,feces,nega,,
1997,5pgrass,3,1,4,133,pgfv,46825,f,y,y,y,n,feces,nega,,
1997,5pgrass,3,1,4,133,pgfv,46825,f,y,y,y,n,ecto,mite,,
1997,5pgrass,3,1,4,139,or,46826,m,y,y,y,n,feces,nega,,
1997,5pgrass,3,1,4,139,or,46826,m,y,y,y,n,ecto,fapi,,
1997,5pgrass,3,1,4,139,or,46826,m,y,y,y,n,ecto,poau,,
1997,5pgrass,3,1,4,145,pgfv,46827,f,y,y,y,n,feces,eree,,
1997,5pgrass,3,1,4,145,pgfv,46827,f,y,y,y,n,ecto,fapi,,
1997,5pgrass,3,1,4,46,or,46828,f,y,y,y,n,feces,nega,,
1997,5pgrass,3,1,4,46,or,46828,f,y,y,y,n,ecto,mite,,
1997,5pgrass,3,2,1,9,pgfv,46829,m,y,y,y,n,feces,nega,,
1997,5pgrass,3,2,1,9,pgfv,46829,m,y,y,y,n,ecto,tick,,
1997,5pgrass,3,2,1,9,pgfv,46829,m,y,y,y,n,ecto,mite,,
1997,5pgrass,3,2,1,20,pgfv,46830,f,y,n,y,n,feces,eree,,
1997,5pgrass,3,2,1,30,or,46831,m,y,y,y,y,feces,nega,,
1997,5pgrass,3,2,1,30,or,46831,m,y,y,y,y,si,mocl,f,2
1997,5pgrass,3,2,1,30,or,46831,m,y,y,y,y,ecto,tick,,
1997,5pgrass,3,2,1,30,or,46831,m,y,y,y,y,ecto,lice,,
1997,5pgrass,3,2,1,32,pgfv,46832,m,y,y,y,n,feces,nega,,
1997,5pgrass,3,2,1,32,pgfv,46832,m,y,y,y,n,ecto,tick,,
1997,5pgrass,3,2,1,51,pgfv,46833,m,y,n,y,n,feces,nega,,
1997,5pgrass,3,2,1,71,dior,46834,f,y,y,y,y,feces,nega,,
1997,5pgrass,3,2,1,71,dior,46834,f,y,y,y,y,cc,trsp,f,37
1997,5pgrass,3,2,1,71,dior,46834,f,y,y,y,y,cc,trsp,m,22
1997,5pgrass,3,2,1,71,dior,46834,f,y,y,y,y,ecto,mite,,
1997,5pgrass,3,2,1,71,dior,46834,f,y,y,y,y,ecto,tick,,
1997,5pgrass,3,2,1,78,pgfv,46835,f,y,n,y,n,feces,eree,,
1997,5pgrass,3,2,1,83,or,46836,f,y,y,y,n,feces,nega,,
1997,5pgrass,3,2,1,83,or,46836,f,y,y,y,n,ecto,tick,,
1997,5pgrass,3,2,1,84,pgfv,46837,m,y,y,y,n,feces,eree,,
1997,5pgrass,3,2,1,84,pgfv,46837,m,y,y,y,n,ecto,,,
1997,5pgrass,3,2,1,93,dior,46838,f,y,y,y,n,feces,nega,,
1997,5pgrass,3,2,1,93,dior,46838,f,y,y,y,n,ecto,lice,,
1997,5pgrass,3,2,1,93,dior,46838,f,y,y,y,n,ecto,mite,,
1997,5pgrass,3,2,1,93,dior,46838,f,y,y,y,n,ecto,tick,,
1997,5pgrass,3,2,1,105,disp,46839,m,y,n,y,n,feces,nega,,
1997,5pgrass,3,2,1,123,pgfv,46840,m,y,y,y,n,feces,nega,,
1997,5pgrass,3,2,1,123,pgfv,46840,m,y,y,y,n,ecto,tick,,
1997,5pgrass,3,2,1,132,pgfv,46841,m,y,y,y,n,feces,nega,,
1997,5pgrass,3,2,1,132,pgfv,46841,m,y,y,y,n,ecto,,,
1997,5pgrass,3,2,1,145,spsp,46842,m,y,y,y,y,feces,nega,,
1997,5pgrass,3,2,1,145,spsp,46842,m,y,y,y,y,cc,citr,m,11
1997,5pgrass,3,2,1,145,spsp,46842,m,y,y,y,y,cc,citr,f,3
1997,5pgrass,3,2,1,145,spsp,46842,m,y,y,y,y,ecto,mite,,
1997,5pgrass,3,2,1,145,spsp,46842,m,y,y,y,y,ecto,ecga,,
1997,5pgrass,3,2,4,17,pgfv,46843,f,y,y,y,n,feces,nega,,
1997,5pgrass,3,2,4,17,pgfv,46843,f,y,y,y,n,ecto,lice,,
1997,5pgrass,3,2,4,17,pgfv,46843,f,y,y,y,n,ecto,flea,,
1997,5pgrass,3,2,4,24,pgfv,46844,m,y,n,y,n,feces,nega,,
1997,5pgrass,3,2,4,36,pgfv,46845,m,y,y,y,n,feces,nega,,
1997,5pgrass,3,2,4,36,pgfv,46845,m,y,y,y,n,ecto,fapi,,
1997,5pgrass,3,2,4,55,pgfv,46846,f,y,n,y,n,feces,nega,,
1997,5pgrass,3,2,4,59,pgfv,46847,f,y,y,y,n,feces,nega,,
1997,5pgrass,3,2,4,59,pgfv,46847,f,y,y,y,n,ecto,,,
1997,5pgrass,3,2,4,48,spsp,46848,f,y,y,y,y,feces,nega,,
1997,5pgrass,3,2,4,48,spsp,46848,f,y,y,y,y,cc,desp,f,1
1997,5pgrass,3,2,4,48,spsp,46848,f,y,y,y,y,cc,citr,f,1
1997,5pgrass,3,2,4,48,spsp,46848,f,y,y,y,y,ecto,nesi,,
1997,5pgrass,3,2,4,78,pgfv,46849,m,y,y,y,n,feces,nega,,
1997,5pgrass,3,2,4,78,pgfv,46849,m,y,y,y,n,ecto,tick,,
1997,5pgrass,3,2,4,80,dior,46850,f,y,y,y,n,feces,nega,,
1997,5pgrass,3,2,4,80,dior,46850,f,y,y,y,n,ecto,tick,,
1997,5pgrass,3,2,4,80,dior,46850,f,y,y,y,n,ecto,lice,,
1997,5pgrass,3,2,4,90,pgfv,46851,f,y,y,y,n,feces,nega,,
1997,5pgrass,3,2,4,90,pgfv,46851,f,y,y,y,n,ecto,tick,,
1997,5pgrass,3,2,4,90,pgfv,46851,f,y,y,y,n,ecto,mite,,
1997,5pgrass,3,2,4,107,pgfv,46852,f,y,y,y,n,feces,nega,,
1997,5pgrass,3,2,4,107,pgfv,46852,f,y,y,y,n,ecto,tick,,
1997,5pgrass,3,2,4,107,pgfv,46852,f,y,y,y,n,ecto,mite,,
1997,5pgrass,3,2,4,142,pgfv,46853,m,y,y,y,n,feces,nega,,
1997,5pgrass,3,2,4,142,pgfv,46853,m,y,y,y,n,ecto,mite,,
1997,5pgrass,3,2,4,144,dior,46854,m,y,y,y,n,feces,nega,,
1997,5pgrass,3,2,4,144,dior,46854,m,y,y,y,n,ecto,lice,,
1997,5pgrass,3,2,4,144,dior,46854,m,y,y,y,n,ecto,mite,,
1997,5pgrass,3,3,1,11,pgfv,46855,f,y,y,y,n,feces,nega,,
1997,5pgrass,3,3,1,11,pgfv,46855,f,y,y,y,n,ecto,,,
1997,5pgrass,3,3,1,31,pgfv,46856,m,y,n,y,n,feces,nega,,
1997,5pgrass,3,3,1,44,pgfv,46857,m,y,y,y,n,feces,nega,,
1997,5pgrass,3,3,1,44,pgfv,46857,m,y,y,y,n,ecto,,,
1997,5pgrass,3,3,1,55,pgfv,46858,m,y,y,y,y,feces,nega,,
1997,5pgrass,3,3,1,55,pgfv,46858,m,y,y,y,y,si,oxsp,m,1
1997,5pgrass,3,3,1,55,pgfv,46858,m,y,y,y,y,cc,hede,m,1
1997,5pgrass,3,3,1,55,pgfv,46858,m,y,y,y,y,si,oxsp,f,1
1997,5pgrass,3,3,1,55,pgfv,46858,m,y,y,y,y,cc,hede,f,2
1997,5pgrass,3,3,1,55,pgfv,46858,m,y,n,y,y,ecto,tick,,50
1997,5pgrass,3,3,1,58,spsp,46859,f,y,y,y,y,feces,nega,,
1997,5pgrass,3,3,1,58,spsp,46859,f,y,y,y,y,st,phma,,4
1997,5pgrass,3,3,1,58,spsp,46859,f,y,y,y,y,cc,citr,f,14
1997,5pgrass,3,3,1,58,spsp,46859,f,y,y,y,y,cc,citr,m,2
1997,5pgrass,3,3,1,58,spsp,46859,f,y,y,y,y,ecto,tick,,
1997,5pgrass,3,3,1,62,pgfv,46860,m,y,y,y,n,feces,nega,,
1997,5pgrass,3,3,1,62,pgfv,46860,m,y,y,y,n,ecto,mite,,
1997,5pgrass,3,3,1,71,pgfv,46861,m,y,y,y,n,feces,nega,,
1997,5pgrass,3,3,1,71,pgfv,46861,m,y,y,y,n,ecto,tick,,
1997,5pgrass,3,3,1,82,pgfv,46862,m,y,y,y,n,feces,nega,,
1997,5pgrass,3,3,1,82,pgfv,46862,m,y,y,y,n,ecto,,,
1997,5pgrass,3,3,1,84,pgfv,46863,m,y,y,y,y,feces,nega,,
1997,5pgrass,3,3,1,84,pgfv,46863,m,y,y,y,y,si,oxsp,l,1
1997,5pgrass,3,3,1,84,pgfv,46863,m,y,y,y,y,cc,hede,f,3
1997,5pgrass,3,3,1,84,pgfv,46863,m,y,y,y,y,ecto,tick,,1
1997,5pgrass,3,3,1,91,pgfv,46864,f,y,y,y,n,feces,nega,,
1997,5pgrass,3,3,1,91,pgfv,46864,f,y,y,y,n,ecto,tick,,1
1997,5pgrass,3,3,1,96,pgfv,46865,m,y,n,y,n,feces,nega,,
1997,5pgrass,3,3,1,107,pgfv,46866,m,y,y,y,n,feces,nega,,
1997,5pgrass,3,3,1,107,pgfv,46866,m,y,y,y,n,ecto,lice,,
1997,5pgrass,3,3,1,108,or,46867,f,y,y,y,y,feces,nega,,
1997,5pgrass,3,3,1,108,or,46867,f,y,y,y,y,si,unne,,1
1997,5pgrass,3,3,1,108,or,46867,f,y,y,y,y,ecto,poau,,
1997,5pgrass,3,3,1,114,pgfv,46868,f,y,n,y,n,feces,nega,,
1997,5pgrass,3,3,1,139,pgfv,46869,m,y,n,y,n,feces,nega,,
1997,5pgrass,3,3,1,140,pgfv,46870,m,y,y,y,n,feces,nega,,
1997,5pgrass,3,3,1,140,pgfv,46870,m,y,y,y,n,ecto,,,
1997,5pgrass,3,3,4,26,pgfv,46871,f,y,y,y,n,feces,nega,,
1997,5pgrass,3,3,4,26,pgfv,46871,f,y,y,y,n,ecto,fapi,,
1997,5pgrass,3,3,4,26,pgfv,46871,f,y,y,y,n,ecto,hosp,,
1997,5pgrass,3,3,4,70,dior,46872,f,y,y,y,y,feces,nega,,
1997,5pgrass,3,3,4,70,dior,46872,f,y,y,y,y,si,unce,,2
1997,5pgrass,3,3,4,70,dior,46872,f,y,y,y,y,cc,trsp,m,3
1997,5pgrass,3,3,4,70,dior,46872,f,y,y,y,y,cc,trsp,f,3
1997,5pgrass,3,3,4,70,dior,46872,f,y,y,y,y,ecto,,,
1997,5pgrass,3,3,4,79,dior,46873,f,y,y,y,n,feces,nega,,
1997,5pgrass,3,3,4,79,dior,46873,f,y,y,y,n,ecto,mite,,
1997,5pgrass,3,3,4,93,spsp,46874,f,y,y,y,y,feces,nega,,
1997,5pgrass,3,3,4,93,spsp,46874,f,y,y,y,y,st,phsp,f,4
1997,5pgrass,3,3,4,93,spsp,46874,f,y,y,y,y,ecto,hore,,
1997,5pgrass,3,3,4,101,disp,46875,f,y,y,y,y,feces,nega,,
1997,5pgrass,3,3,4,101,disp,46875,f,y,y,y,y,si,hysp,,6
1997,5pgrass,3,3,4,101,disp,46875,f,y,y,y,y,ecto,mear,,
1997,5pgrass,3,3,4,118,pgfv,46876,m,y,y,y,n,feces,nega,,
1997,5pgrass,3,3,4,118,pgfv,46876,m,y,y,y,n,ecto,lice,,
1997,5pgrass,3,3,4,120,or,46877,m,y,y,y,n,feces,nega,,
1997,5pgrass,3,3,4,120,or,46877,m,y,y,y,n,ecto,,,
1997,5pgrass,3,3,4,134,pgfv,46878,m,y,y,y,n,feces,nega,,
1997,5pgrass,3,3,4,134,pgfv,46878,m,y,y,y,n,ecto,mite,,
1997,5pgrass,3,3,4,134,pgfv,46878,m,y,y,y,n,ecto,tick,,
1997,5pgrass,3,3,1,47,remn,46879,m,y,y,y,y,feces,nega,,
1997,5pgrass,3,3,1,47,remn,46879,m,y,y,y,y,cc,oxsp,f,9
1997,5pgrass,3,3,1,47,remn,46879,m,y,y,y,y,cc,oxsp,m,1
1997,5pgrass,3,3,1,47,remn,46879,m,y,y,y,y,ecto,flea,,
1997,5pgrass,3,3,1,76,pmle,46880,m,y,y,y,n,feces,lost,,
1997,5plarrea,3,1,2,6,dime,46881,m,y,n,y,y,feces,echo,,
1997,5plarrea,3,1,2,6,dime,46881,m,y,n,y,y,si,ptdi,f,6
1997,5plarrea,3,1,2,8,or,46882,m,y,n,y,n,feces,nega,,
1997,5plarrea,3,1,2,21,pgfv,46883,m,y,n,y,n,feces,nega,,
1997,5plarrea,3,1,2,22,dime,46884,m,y,n,y,n,feces,nega,,
1997,5plarrea,3,1,2,27,pgfv,46885,m,y,n,y,n,feces,nega,,
1997,5plarrea,3,1,2,33,pgfv,46886,m,y,n,y,n,feces,nega,,
1997,5plarrea,3,1,2,35,pgfv,46887,f,y,n,y,n,feces,nega,,
1997,5plarrea,3,1,2,42,pgfv,46888,m,y,n,y,n,feces,nega,,
1997,5plarrea,3,1,2,46,dime,46889,m,y,n,y,y,feces,nega,,
1997,5plarrea,3,1,2,46,dime,46889,m,y,n,y,y,cc,unne,,1
1997,5plarrea,3,1,2,44,dime,46890,m,y,n,y,n,feces,nega,,
1997,5plarrea,3,1,2,51,or,46891,f,y,n,y,y,feces,nega,,
1997,5plarrea,3,1,2,51,or,46891,f,y,n,y,y,si,mocl,f,1
1997,5plarrea,3,1,2,52,dime,46892,f,y,n,y,n,feces,nega,,
1997,5plarrea,3,1,2,57,pgfv,46893,m,y,n,y,n,feces,nega,,
1997,5plarrea,3,1,2,64,dime,46894,f,y,n,y,y,feces,echo,,
1997,5plarrea,3,1,2,64,dime,46894,f,y,n,y,y,si,ptdi,f,2
1997,5plarrea,3,1,2,65,pgfv,46895,f,y,n,n,n,feces,nega,,
1997,5plarrea,3,1,2,71,dime,46896,m,y,n,y,y,feces,nega,,
1997,5plarrea,3,1,2,71,dime,46896,m,y,n,y,y,st,pras,f,1
1997,5plarrea,3,1,2,71,dime,46896,m,y,n,y,y,si,ptdi,f,2
1997,5plarrea,3,1,2,72,pgfv,46897,m,y,n,y,n,feces,nega,,
1997,5plarrea,3,1,2,74,pgfv,46898,m,y,n,y,n,feces,nega,,
1997,5plarrea,3,1,2,78,dime,46899,m,y,n,y,n,feces,nega,,
1997,5plarrea,3,1,2,81,dime,46900,f,y,n,y,n,feces,nega,,
1997,5plarrea,3,1,2,82,pgfv,46901,m,y,n,y,y,feces,nega,,
1997,5plarrea,3,1,2,82,pgfv,46901,m,y,n,y,y,si,ptdi,f,2
1997,5plarrea,3,1,2,84,pgfv,46902,m,y,n,y,n,feces,nega,,
1997,5plarrea,3,1,2,94,pgfv,46903,f,y,n,y,n,feces,nega,,
1997,5plarrea,3,1,2,96,dime,46904,m,y,n,y,y,feces,nega,,
1997,5plarrea,3,1,2,96,dime,46904,m,y,n,y,y,st,pras,f,1
1997,5plarrea,3,1,2,99,pgfv,46905,f,y,n,y,n,feces,nega,,
1997,5plarrea,3,1,2,103,pgfv,46906,m,y,n,y,n,feces,nega,,
1997,5plarrea,3,1,2,106,pgfv,46907,f,y,n,y,n,feces,nega,,
1997,5plarrea,3,1,2,107,dime,46908,f,y,n,y,y,feces,edip,,
1997,5plarrea,3,1,2,107,dime,46908,f,y,n,y,y,cc,trsp,m,6
1997,5plarrea,3,1,2,107,dime,46908,f,y,n,y,y,cc,trsp,f,3
1997,5plarrea,3,1,2,109,disp,46909,m,y,n,y,y,feces,nega,,
1997,5plarrea,3,1,2,109,disp,46909,m,y,n,y,y,si,rasp,,1
1997,5plarrea,3,1,2,115,pgfv,46910,m,y,n,y,n,feces,nega,,
1997,5plarrea,3,1,2,116,dime,46911,m,y,n,y,y,feces,edip,,
1997,5plarrea,3,1,2,116,dime,46911,m,y,n,y,y,st,pras,f,2
1997,5plarrea,3,1,2,116,dime,46911,m,y,n,y,y,si,rasp,,7
1997,5plarrea,3,1,2,119,pgfv,46912,f,n,n,y,n,feces,nega,,
1997,5plarrea,3,1,2,120,dime,46913,m,y,n,y,y,feces,nega,,
1997,5plarrea,3,1,2,121,dime,46914,f,y,n,y,y,feces,nega,,
1997,5plarrea,3,1,2,121,dime,46914,f,y,n,y,y,cc,trsp,f,2
1997,5plarrea,3,1,2,129,pgfv,46915,m,y,n,y,n,feces,nega,,
1997,5plarrea,3,1,2,130,pgfv,46916,f,y,n,y,n,feces,nega,,
1997,5plarrea,3,1,2,132,dime,46917,f,y,n,y,y,feces,nega,,
1997,5plarrea,3,1,2,132,dime,46917,f,y,n,y,y,st,ptdi,m,1
1997,5plarrea,3,1,2,132,dime,46917,f,y,n,y,y,si,pras,f,1
1997,5plarrea,3,1,2,138,pgfv,46918,m,y,n,y,n,feces,nega,,
1997,5plarrea,3,1,2,142,pgfv,46919,f,y,n,y,n,feces,nega,,
1997,5plarrea,3,1,2,144,pgfv,46920,m,y,n,y,n,feces,nega,,
1997,5plarrea,3,1,2,145,dime,46921,f,y,n,y,n,feces,nega,,
1997,5plarrea,3,1,4,3,disp,46922,m,y,n,y,y,feces,elio,,
1997,5plarrea,3,1,4,3,disp,46922,m,y,n,y,y,si,rasp,,8
1997,5plarrea,3,1,4,3,disp,46922,m,y,n,y,y,si,hysp,,2
1997,5plarrea,3,1,4,17,pgfv,46923,m,y,n,y,n,feces,nega,,
1997,5plarrea,3,1,4,18,pgfv,46924,f,y,n,y,n,feces,eree,,
1997,5plarrea,3,1,4,24,dime,46925,m,y,n,y,y,feces,nega,,
1997,5plarrea,3,1,4,24,dime,46925,m,y,n,y,y,st,pras,l,1
1997,5plarrea,3,1,4,24,dime,46925,m,y,n,y,y,cc,pras,l,1
1997,5plarrea,3,1,4,32,pgfv,46926,f,y,n,y,n,feces,nega,,
1997,5plarrea,3,1,4,33,or,46927,m,n,n,y,n,feces,,,
1997,5plarrea,3,1,4,45,dime,46929,m,y,n,y,y,feces,nega,,
1997,5plarrea,3,1,4,45,dime,46929,m,y,n,y,y,st,unne,,2
1997,5plarrea,3,1,4,45,dime,46929,m,y,n,y,y,si,rasp,,10
1997,5plarrea,3,1,4,46,pgfv,46930,m,y,n,y,n,feces,nega,,
1997,5plarrea,3,1,4,47,pgfv,46931,f,y,n,y,n,feces,nega,,
1997,5plarrea,3,1,4,48,dime,46932,f,y,n,y,y,feces,edip,,
1997,5plarrea,3,1,4,48,dime,46932,f,y,n,y,y,st,pras,m,1
1997,5plarrea,3,1,4,55,pgfv,46933,m,y,n,y,y,feces,nega,,
1997,5plarrea,3,1,4,55,pgfv,46933,m,y,n,y,y,cc,hede,m,6
1997,5plarrea,3,1,4,55,pgfv,46933,m,y,n,y,y,cc,hede,f,9
1997,5plarrea,3,1,4,57,pgfv,46934,f,y,n,y,n,feces,nega,,
1997,5plarrea,3,1,4,58,pmer,46935,m,y,n,y,n,feces,nega,,
1997,5plarrea,3,1,4,60,or,46936,f,y,n,y,y,feces,nega,,
1997,5plarrea,3,1,4,60,or,46936,f,y,n,y,y,si,unne,,1
1997,5plarrea,3,1,4,64,dime,46937,m,y,n,y,n,feces,echo,,
1997,5plarrea,3,1,4,65,pgfv,46938,m,y,n,y,n,feces,nega,,
1997,5plarrea,3,1,4,78,dime,46939,m,y,n,y,y,feces,nega,,
1997,5plarrea,3,1,4,78,dime,46939,m,y,n,y,y,st,pras,f,1
1997,5plarrea,3,1,4,78,dime,46939,m,y,n,y,y,cc,pras,l,1
1997,5plarrea,3,1,4,78,dime,46939,m,y,n,y,y,dish,ptdi,f,1
1997,5plarrea,3,1,4,79,pgfv,46940,f,y,n,y,n,feces,nega,,
1997,5plarrea,3,1,4,80,pgfv,46941,f,y,n,y,n,feces,nega,,
1997,5plarrea,3,1,4,81,or,46942,m,y,n,y,y,feces,nega,,
1997,5plarrea,3,1,4,81,or,46942,m,y,n,y,y,cc,phma,f,4
1997,5plarrea,3,1,4,83,dime,46943,f,y,n,y,n,feces,nega,,
1997,5plarrea,3,1,4,84,pgfv,46944,m,y,n,y,n,feces,nega,,
1997,5plarrea,3,1,4,85,pgfv,46945,m,y,n,y,n,feces,nega,,
1997,5plarrea,3,1,4,82,dime,46946,m,y,n,y,n,feces,edip,,
1997,5plarrea,3,1,4,82,dime,46946,m,y,n,y,n,feces,echo,,
1997,5plarrea,3,1,4,86,disp,46947,f,y,n,y,n,feces,ebal,,
1997,5plarrea,3,1,4,88,dime,46948,m,y,n,y,y,feces,nega,,
1997,5plarrea,3,1,4,88,dime,46948,m,y,n,y,y,cc,ptdi,m,1
1997,5plarrea,3,1,4,108,dime,46949,m,y,n,y,y,feces,nega,,
1997,5plarrea,3,1,4,108,dime,46949,m,y,n,y,y,st,pras,f,2
1997,5plarrea,3,1,4,117,dime,46950,m,y,n,y,n,feces,nega,,
1997,5plarrea,3,1,4,118,pgfv,46951,f,y,n,y,n,feces,nega,,
1997,5plarrea,3,1,4,119,dime,46952,f,y,n,y,n,feces,adsp,,
1997,5plarrea,3,1,4,119,dime,46952,f,y,n,y,n,feces,issp,,
1997,5plarrea,3,1,4,120,pgfv,46953,f,y,n,y,n,feces,nega,,
1997,5plarrea,3,1,4,126,pgfv,46954,m,y,n,y,n,feces,nega,,
1997,5plarrea,3,1,4,131,or,46955,f,y,n,y,n,feces,nega,,
1997,5plarrea,3,1,4,132,pgfv,46956,m,y,n,y,n,feces,nega,,
1997,5plarrea,3,1,4,133,pgfv,46957,f,y,n,y,n,feces,nega,,
1997,5plarrea,3,1,4,138,pgfv,46958,f,y,n,y,n,feces,nega,,
1997,5plarrea,3,1,4,139,dime,46959,f,y,n,y,y,feces,nega,,
1997,5plarrea,3,1,4,139,dime,46959,f,y,n,y,y,st,pras,f,2
1997,5plarrea,3,1,4,139,dime,46959,f,y,n,y,y,st,pras,m,1
1997,5plarrea,3,1,4,139,dime,46959,f,y,n,y,y,si,ptdi,f,3
1997,5plarrea,3,1,4,139,dime,46959,f,y,n,y,y,cc,pras,m,1
1997,5plarrea,3,1,4,139,dime,46959,f,y,n,y,y,cc,trsp,f,1
1997,5plarrea,3,1,4,140,dime,46960,m,y,n,y,n,feces,edip,,
1997,5plarrea,3,1,4,143,dime,46961,f,y,n,y,n,feces,echo,,
1997,5plarrea,3,1,4,101,pmer,46962,f,y,n,y,y,feces,nega,,
1997,5plarrea,3,1,4,101,pmer,46962,f,y,n,y,y,st,pras,l,1
1997,5plarrea,3,1,2,10,or,46963,f,y,n,y,y,feces,nega,,
1997,5plarrea,3,1,2,131,or,46964,f,y,n,y,y,feces,nega,,
1997,5plarrea,3,1,2,48,pmer,46965,m,y,n,y,n,feces,nega,,
1997,5plarrea,3,2,2,1,neal,46967,m,y,n,y,y,feces,nega,,
1997,5plarrea,3,2,2,1,neal,46967,m,y,n,y,y,si,unce,,1
1997,5plarrea,3,2,2,12,pgfv,46968,m,y,n,y,n,feces,nega,,
1997,5plarrea,3,2,2,15,pgfv,46969,m,y,n,y,n,feces,nega,,
1997,5plarrea,3,2,2,35,pgfv,46970,m,y,n,y,n,feces,nega,,
1997,5plarrea,3,2,2,48,dime,46971,f,y,n,y,n,feces,nega,,
1997,5plarrea,3,2,2,57,pgfv,46972,m,y,n,y,y,feces,nega,,
1997,5plarrea,3,2,2,57,pgfv,46972,m,y,n,y,y,si,unce,,
1997,5plarrea,3,2,2,61,disp,46973,f,y,n,y,y,feces,nega,,
1997,5plarrea,3,2,2,61,disp,46973,f,y,n,y,y,si,hysp,,9
1997,5plarrea,3,2,2,61,disp,46973,f,y,n,y,y,cc,trsp,m,1
1997,5plarrea,3,2,2,61,disp,46973,f,y,n,y,y,cc,trsp,f,4
1997,5plarrea,3,2,2,62,dime,46974,m,y,n,y,n,feces,nega,,
1997,5plarrea,3,2,2,67,pgfv,46975,m,y,n,y,n,feces,nega,,
1997,5plarrea,3,2,2,83,pgfv,46976,m,y,n,y,n,feces,eree,,
1997,5plarrea,3,2,2,99,pgfv,46977,m,y,n,y,y,feces,nega,,
1997,5plarrea,3,2,2,99,pgfv,46977,m,y,n,y,y,cc,hede,m,2
1997,5plarrea,3,2,2,99,pgfv,46977,m,y,n,y,y,cc,hede,f,49
1997,5plarrea,3,2,2,143,pgfv,46978,m,y,n,y,n,feces,nega,,
1997,5plarrea,3,2,4,7,pgfv,46979,f,y,n,y,n,feces,nega,,
1997,5plarrea,3,2,4,10,dime,46980,f,y,n,y,y,feces,nega,,
1997,5plarrea,3,2,4,10,dime,46980,f,y,n,y,y,st,pras,f,1
1997,5plarrea,3,2,4,10,dime,46980,f,y,n,y,y,st,pras,m,1
1997,5plarrea,3,2,4,21,pgfv,46981,m,y,n,y,n,feces,nega,,
1997,5plarrea,3,2,4,57,neal,46982,m,y,n,y,n,feces,nega,,
1997,5plarrea,3,2,4,60,dime,46983,m,y,n,y,n,feces,echo,,
1997,5plarrea,3,2,4,62,disp,46984,f,y,n,y,y,feces,nega,,
1997,5plarrea,3,2,4,62,disp,46984,f,y,n,y,y,cc,hede,f,1
1997,5plarrea,3,2,4,76,dime,46985,m,y,n,y,y,feces,nega,,
1997,5plarrea,3,2,4,76,dime,46985,m,y,n,y,y,cc,hede,f,1
1997,5plarrea,3,2,4,76,dime,46985,m,y,n,y,y,cc,trsp,f,1
1997,5plarrea,3,2,4,76,dime,46985,m,y,n,y,y,cc,trsp,m,3
1997,5plarrea,3,2,4,93,dime,46986,f,y,n,y,n,feces,nega,,
1997,5plarrea,3,2,4,94,pgfv,46987,m,y,n,y,n,feces,nega,,
1997,5plarrea,3,2,4,95,pgfv,46988,f,y,n,y,n,feces,nega,,
1997,5plarrea,3,2,4,127,dime,46989,m,y,n,y,n,feces,nega,,
1997,5plarrea,3,2,4,129,pgfv,46990,f,y,n,y,n,feces,nega,,
1997,5plarrea,3,2,4,40,remg,46991,m,y,n,y,n,feces,nega,,
1997,5plarrea,3,2,4,43,remg,46992,m,y,n,y,y,feces,nega,,
1997,5plarrea,3,2,4,43,remg,46992,m,y,n,y,y,st,oxsp,m,1
1997,5plarrea,3,2,4,43,remg,46992,m,y,n,y,y,st,oxsp,f,99
1997,5plarrea,3,2,2,46,pmer,46993,m,y,n,y,y,feces,elac,,
1997,5plarrea,3,2,2,46,pmer,46993,m,y,n,y,y,si,oosp,,11
1997,5plarrea,3,3,1,87,remg,46994,f,y,n,y,n,feces,eari,,
1997,5plarrea,3,3,2,9,pgfv,46995,f,y,n,y,n,feces,nega,,
1997,5plarrea,3,3,2,43,pgfv,46996,m,y,n,y,n,feces,nega,,
1997,5plarrea,3,3,2,57,dime,46997,m,y,n,y,y,feces,nega,,
1997,5plarrea,3,3,2,57,dime,46997,m,y,n,y,y,st,pras,f,1
1997,5plarrea,3,3,2,60,or,46998,f,y,n,y,n,feces,nega,,
1997,5plarrea,3,3,2,61,pgfv,46999,m,y,n,y,n,feces,nega,,
1997,5plarrea,3,3,2,83,dime,47000,m,y,n,y,n,feces,nega,,
1997,5plarrea,3,3,2,86,pgfv,45001,f,y,n,y,n,feces,nega,,
1997,5plarrea,3,3,2,96,dime,45002,m,y,n,y,n,feces,nega,,
1997,5plarrea,3,3,2,117,pgfv,45003,m,y,n,y,n,feces,nega,,
1997,5plarrea,3,3,2,115,disp,45004,m,y,n,y,y,feces,nega,,
1997,5plarrea,3,3,2,115,disp,45004,m,y,n,y,y,cc,trsp,f,1
1997,5plarrea,3,3,2,132,dime,45005,m,y,n,y,n,feces,nega,,
1997,5plarrea,3,3,4,3,pgfv,45006,m,y,n,y,n,feces,nega,,
1997,5plarrea,3,3,4,18,pgfv,45007,f,y,n,y,n,feces,nega,,
1997,5plarrea,3,3,4,23,or,45008,m,y,n,y,n,feces,nega,,
1997,5plarrea,3,3,4,24,or,45009,m,y,n,y,n,feces,nega,,
1997,5plarrea,3,3,4,36,dime,45010,f,y,n,y,y,feces,nega,,
1997,5plarrea,3,3,4,36,dime,45010,f,y,n,y,y,si,ptdi,f,1
1997,5plarrea,3,3,4,71,dime,45011,f,y,n,y,n,feces,edip,,
1997,5plarrea,3,3,4,80,dime,45012,f,y,n,y,y,feces,nega,,
1997,5plarrea,3,3,4,80,dime,45012,f,y,n,y,y,si,ptdi,f,1
1997,5plarrea,3,3,4,81,disp,45013,m,y,n,y,y,feces,nega,,
1997,5plarrea,3,3,4,81,disp,45013,m,y,n,y,y,si,hysp,,7
1997,5plarrea,3,3,4,81,disp,45013,m,y,n,y,y,si,hede,m,1
1997,5plarrea,3,3,4,82,dime,45014,m,y,n,y,y,feces,nega,,
1997,5plarrea,3,3,4,82,dime,45014,m,y,n,y,y,st,pras,f,2
1997,5plarrea,3,3,4,83,dime,45015,m,y,n,y,y,feces,nega,,
1997,5plarrea,3,3,4,83,dime,45015,m,y,n,y,y,si,rasp,,1
1997,5plarrea,3,3,4,84,pgfv,45016,f,y,n,y,n,feces,nega,,
1997,5plarrea,3,3,4,95,pgfv,45017,f,y,n,y,n,feces,nega,,
1997,5plarrea,3,3,4,132,dime,45018,m,y,n,y,y,feces,edip,,
1997,5plarrea,3,3,4,132,dime,45018,m,y,n,y,y,st,pras,f,2
1997,5plarrea,3,3,4,132,dime,45018,m,y,n,y,y,st,pras,m,2
1997,5plarrea,3,3,4,141,pgfv,45019,m,y,n,y,n,feces,nega,,
1997,rslarrea,3,1,1,4,pgfv,45024,m,y,n,y,n,feces,nega,,
1997,rslarrea,3,1,1,10,dime,45025,m,y,n,y,y,feces,nega,,
1997,rslarrea,3,1,1,10,dime,45025,m,y,n,y,y,st,pras,f,3
1997,rslarrea,3,1,1,13,pgfv,45026,f,y,n,y,y,feces,nega,,
1997,rslarrea,3,1,1,13,pgfv,45026,f,y,n,y,y,si,pras,f,1
1997,rslarrea,3,1,1,15,pgfv,45027,m,y,n,y,n,feces,nega,,
1997,rslarrea,3,1,1,21,dime,45028,f,y,n,y,y,feces,nega,,
1997,rslarrea,3,1,1,21,dime,45028,f,y,n,y,y,st,pras,f,2
1997,rslarrea,3,1,1,40,pgfv,45029,f,y,n,y,n,feces,nega,,
1997,rslarrea,3,1,1,66,dime,45030,m,y,n,y,y,feces,echo,,
1997,rslarrea,3,1,1,66,dime,45030,m,y,n,y,y,si,oosp,,4
1997,rslarrea,3,1,1,69,dime,45031,m,y,n,y,n,feces,nega,,
1997,rslarrea,3,1,1,94,pgfv,45032,m,y,n,y,y,feces,nega,,
1997,rslarrea,3,1,1,94,pgfv,45032,m,y,n,y,y,st,pras,m,1
1997,rslarrea,3,1,1,83,dime,45033,m,y,n,y,y,feces,nega,,
1997,rslarrea,3,1,1,83,dime,45033,m,y,n,y,y,st,pras,f,1
1997,rslarrea,3,1,1,83,dime,45033,m,y,n,y,y,si,rasa,,21
1997,rslarrea,3,1,1,83,dime,45033,m,y,n,y,y,cc,hede,f,62
1997,rslarrea,3,1,1,83,dime,45033,m,y,n,y,y,cc,hede,m,17
1997,rslarrea,3,1,1,84,dime,45034,m,y,n,y,y,feces,,,
1997,rslarrea,3,1,1,84,dime,45034,m,y,n,y,y,si,mtsp,,5
1997,rslarrea,3,1,1,91,pgfv,45035,f,y,n,y,n,feces,nega,,
1997,rslarrea,3,1,1,92,dime,45036,m,y,n,y,y,feces,nega,,
1997,rslarrea,3,1,1,92,dime,45036,m,y,n,y,y,st,pras,f,1
1997,rslarrea,3,1,1,108,pgfv,45037,f,y,n,y,n,feces,nega,,
1997,rslarrea,3,1,1,127,pgfv,45038,m,y,n,y,n,feces,nega,,
1997,rslarrea,3,1,1,141,onle,45039,f,y,n,y,n,feces,nega,,
1997,rslarrea,3,1,3,2,pgfv,45040,m,y,n,y,n,feces,nega,,
1997,rslarrea,3,1,3,6,pgfv,45041,f,n,n,y,n,feces,,,
1997,rslarrea,3,1,3,8,dime,45042,f,y,n,y,n,feces,nega,,
1997,rslarrea,3,1,3,8,dime,45043,f,y,n,y,y,feces,echo,,
1997,rslarrea,3,1,3,8,dime,45043,f,y,n,y,y,st,pras,f,4
1997,rslarrea,3,1,3,8,dime,45043,f,y,n,y,y,st,pras,m,4
1997,rslarrea,3,1,3,29,dime,45044,f,y,n,y,y,feces,nega,,
1997,rslarrea,3,1,3,29,dime,45044,f,y,n,y,y,st,pras,f,5
1997,rslarrea,3,1,3,35,dime,45045,f,y,n,y,y,feces,nega,,
1997,rslarrea,3,1,3,35,dime,45045,f,y,n,y,y,st,pras,f,1
1997,rslarrea,3,1,3,39,dime,45046,m,y,n,y,y,feces,echo,,
1997,rslarrea,3,1,3,39,dime,45046,m,y,n,y,y,st,pras,f,1
1997,rslarrea,3,1,3,39,dime,45046,m,y,n,y,y,st,pras,m,1
1997,rslarrea,3,1,3,46,pgfv,45047,m,y,n,y,n,feces,nega,,
1997,rslarrea,3,1,3,57,pgfv,45048,m,y,n,y,n,feces,nega,,
1997,rslarrea,3,1,3,58,dime,45049,f,y,n,y,y,feces,nega,,
1997,rslarrea,3,1,3,58,dime,45049,f,y,n,y,y,st,pras,f,1
1997,rslarrea,3,1,3,68,onle,45050,f,y,n,y,n,feces,nega,,
1997,rslarrea,3,1,3,82,dime,45051,m,y,n,y,y,feces,nega,,
1997,rslarrea,3,1,3,82,dime,45051,m,y,n,y,y,st,pras,m,1
1997,rslarrea,3,1,3,92,dime,45052,f,y,n,y,y,feces,nega,,
1997,rslarrea,3,1,3,92,dime,45052,f,y,n,y,y,st,pras,f,3
1997,rslarrea,3,1,3,92,dime,45052,f,y,n,y,y,si,mtsp,,5
1997,rslarrea,3,1,3,93,pgfv,45053,m,y,n,y,n,feces,nega,,
1997,rslarrea,3,1,3,95,pgfv,45054,f,y,n,y,n,feces,nega,,
1997,rslarrea,3,1,3,83,pgfv,45055,m,y,n,y,n,feces,nega,,
1997,rslarrea,3,1,3,96,dime,45056,f,y,n,y,y,feces,nega,,
1997,rslarrea,3,1,3,96,dime,45056,f,y,n,y,y,st,pras,f,2
1997,rslarrea,3,1,3,96,dime,45056,f,y,n,y,y,si,rasp,,4
1997,rslarrea,3,1,3,96,dime,45056,f,y,n,y,y,cc,hede,f,2
1997,rslarrea,3,1,3,113,dime,45057,m,y,n,y,n,feces,nega,,
1997,rslarrea,3,1,3,117,dime,45058,m,y,n,y,y,feces,nega,,
1997,rslarrea,3,1,3,117,dime,45058,m,y,n,y,y,st,pras,f,1
1997,rslarrea,3,1,3,120,dime,45059,m,y,n,y,n,feces,nega,,
1997,rslarrea,3,1,3,131,pgfv,45060,f,y,n,y,n,feces,nega,,
1997,rslarrea,3,1,3,132,dime,45061,m,y,n,y,y,feces,nega,,
1997,rslarrea,3,1,3,132,dime,45061,m,y,n,y,y,st,pras,f,1
1997,rslarrea,3,1,3,133,pgfv,45062,f,y,n,y,n,feces,nega,,
1997,rslarrea,3,1,3,143,dime,45063,m,y,n,y,y,feces,nega,,
1997,rslarrea,3,1,3,143,dime,45063,m,y,n,y,y,st,pras,f,1
1997,rslarrea,3,1,3,36,pmle,45064,m,y,n,y,y,feces,nega,,
1997,rslarrea,3,1,3,36,pmle,45064,m,y,n,y,y,st,pras,f,1
1997,rslarrea,3,1,3,72,remg,45065,m,y,n,y,n,feces,nega,,
1997,rslarrea,3,1,3,77,pmle,45066,f,y,n,y,n,feces,nega,,
1997,rslarrea,3,1,2,47,remg,45067,m,y,n,y,n,feces,eari,,
1997,rslarrea,3,2,3,98,dime,45072,f,y,y,y,n,feces,nega,,
1997,rslarrea,3,2,1,71,pgfv,45073,m,y,y,y,n,feces,nega,,
1997,rslarrea,3,2,1,84,dime,45074,m,y,n,y,y,feces,nega,,
1997,rslarrea,3,2,1,84,dime,45074,m,y,n,y,y,si,mtsp,,6
1997,rslarrea,3,2,1,116,pgfv,45075,m,y,n,y,n,feces,nega,,
1997,rslarrea,3,2,1,120,dime,45076,f,y,n,y,n,feces,unsp,,
1997,rslarrea,3,2,1,141,pgfv,45077,f,y,n,y,n,feces,nega,,
1997,rslarrea,3,2,3,33,pgfv,45078,m,y,y,y,n,feces,nega,,
1997,rslarrea,3,2,3,48,dime,45079,m,y,y,y,y,feces,nega,,
1997,rslarrea,3,2,3,48,dime,45079,m,y,y,y,y,st,pras,f,1
1997,rslarrea,3,2,3,58,dime,45080,f,y,y,y,y,feces,nega,,
1997,rslarrea,3,2,3,58,dime,45080,f,y,y,y,y,cc,hede,f,3
1997,rslarrea,3,2,3,82,dime,45081,f,y,y,y,y,feces,nega,,
1997,rslarrea,3,2,3,82,dime,45081,f,y,y,y,y,st,pras,f,1
1997,rslarrea,3,2,3,106,dime,45082,f,y,y,y,y,feces,nega,,
1997,rslarrea,3,2,3,106,dime,45082,f,y,y,y,y,st,pras,f,2
1997,rslarrea,3,2,3,108,dime,45083,m,y,y,y,y,feces,nega,,
1997,rslarrea,3,2,3,108,dime,45083,m,y,y,y,y,st,pras,f,1
1997,rslarrea,3,2,3,108,dime,45083,m,y,y,y,y,si,ptdi,f,1
1997,rslarrea,3,2,3,132,dime,45084,f,y,y,y,y,feces,nega,,
1997,rslarrea,3,2,3,132,dime,45084,f,y,y,y,y,st,pras,m,1
1997,rslarrea,3,2,3,139,pgfv,45085,m,y,y,y,n,feces,nega,,
1997,rslarrea,3,2,1,14,remn,45086,m,y,n,y,y,feces,nega,,
1997,rslarrea,3,2,1,14,remn,45086,m,y,n,y,y,si,unce,l,1
1997,rslarrea,3,2,1,49,remg,45087,f,y,n,y,n,feces,eari,,
1997,rslarrea,3,3,1,11,dime,45088,f,y,y,y,y,feces,nega,,
1997,rslarrea,3,3,1,11,dime,45088,f,y,y,y,y,si,ptdi,f,1
1997,rslarrea,3,3,1,11,dime,45088,f,y,y,y,y,si,rasp,,2
1997,rslarrea,3,3,1,12,dime,45089,m,y,n,y,y,feces,nega,,
1997,rslarrea,3,3,1,12,dime,45089,m,y,n,y,y,si,lost,,6
1997,rslarrea,3,3,1,14,onle,45090,m,y,n,y,y,feces,nega,,
1997,rslarrea,3,3,1,14,onle,45090,m,y,n,y,y,st,pras,f,1
1997,rslarrea,3,3,1,14,onle,45090,m,y,n,y,y,si,mocl,f,1
1997,rslarrea,3,3,1,21,dime,45091,m,y,y,y,y,feces,nega,,
1997,rslarrea,3,3,1,21,dime,45091,m,y,y,y,y,ecto,fapi,,
1997,rslarrea,3,3,1,21,dime,45091,m,y,y,y,y,ecto,anno,,
1997,rslarrea,3,3,1,21,dime,45091,m,y,y,y,y,ecto,ormo,,
1997,rslarrea,3,3,1,21,dime,45091,m,y,y,y,y,st,pras,f,1
1997,rslarrea,3,2,1,21,dime,45091,m,y,y,y,y,si,ptdi,f,5
1997,rslarrea,3,3,1,26,pgfv,45092,m,y,n,y,n,feces,nega,,
1997,rslarrea,3,3,1,35,dime,45093,f,y,y,y,y,feces,echo,,
1997,rslarrea,3,3,1,35,dime,45093,f,y,y,y,y,st,pras,f,1
1997,rslarrea,3,3,1,47,dime,45094,m,y,y,y,y,feces,nega,,
1997,rslarrea,3,3,1,47,dime,45094,m,y,y,y,y,st,pras,m,1
1997,rslarrea,3,3,1,47,dime,45094,m,y,y,y,y,st,pras,f,1
1997,rslarrea,3,3,1,69,dime,45095,m,y,y,y,n,feces,nega,,
1997,rslarrea,3,3,1,91,dime,45096,f,y,y,y,y,feces,echo,,
1997,rslarrea,3,3,1,91,dime,45096,f,y,y,y,y,st,pras,f,2
1997,rslarrea,3,3,1,120,dime,45097,m,y,y,y,y,feces,echo,,
1997,rslarrea,3,3,1,120,dime,45097,m,y,y,y,y,si,oosp,,6
1997,rslarrea,3,3,3,19,dime,45098,f,y,y,y,y,feces,nega,,
1997,rslarrea,3,3,3,19,dime,45098,f,y,y,y,y,si,oosp,,3
1997,rslarrea,3,3,1,38,neal,45099,m,y,y,y,y,feces,nega,,
1997,rslarrea,3,3,1,38,neal,45099,m,y,y,y,y,ecto,anno,,
1997,rslarrea,3,3,1,38,neal,45099,m,y,y,y,y,cc,asac,f,1
1997,rslarrea,3,3,1,38,neal,45099,m,y,y,y,y,si,rasp,,1
1997,rslarrea,3,3,3,46,pgfv,45100,f,y,y,y,n,feces,nega,,
1997,rslarrea,3,3,3,48,dime,45101,f,y,y,y,y,feces,nega,,
1997,rslarrea,3,3,3,48,dime,45101,f,y,y,y,y,ecto,fapi,,
1997,rslarrea,3,3,3,48,dime,45101,f,y,y,y,y,st,pras,f,1
1997,rslarrea,3,3,3,48,dime,45101,f,y,y,y,y,si,rasa,,1
1997,rslarrea,3,3,3,48,dime,45101,f,y,y,y,y,cc,hede,f,5
1997,rslarrea,3,3,3,84,pgfv,45102,f,y,y,y,n,feces,nega,,
1997,rslarrea,3,3,3,143,dime,45103,f,y,y,y,n,feces,nega,,
1997,rsgrass,3,1,2,1,dime,45104,m,y,n,y,n,feces,nega,,
1997,rsgrass,3,1,2,2,dior,45105,m,y,n,y,y,feces,nega,,
1997,rsgrass,3,1,2,2,dior,45105,m,y,n,y,y,si,rasp,,1
1997,rsgrass,3,1,2,4,dior,45106,f,y,n,y,n,feces,nega,,
1997,rsgrass,3,1,2,31,dime,45107,f,y,n,y,y,feces,nega,,
1997,rsgrass,3,1,2,31,dime,45107,f,y,n,y,y,si,unce,,1
1997,rsgrass,3,1,2,33,pgfl,45108,f,y,n,y,n,feces,nega,,
1997,rsgrass,3,1,2,34,neal,45109,m,y,n,y,n,feces,nega,,
1997,rsgrass,3,1,2,36,dior,45110,m,y,n,y,n,feces,nega,,
1997,rsgrass,3,1,2,42,neal,45111,m,y,n,y,y,feces,nega,,
1997,rsgrass,3,1,2,42,neal,45111,m,y,n,y,y,cc,asac,m,14
1997,rsgrass,3,1,2,42,neal,45111,m,y,n,y,y,cc,asac,f,8
1997,rsgrass,3,1,2,64,pgfv,45112,f,y,n,y,n,feces,nega,,
1997,rsgrass,3,1,2,67,dime,45113,m,y,n,y,n,feces,nega,,
1997,rsgrass,3,1,2,72,neal,45114,f,y,y,y,n,feces,ealb,,
1997,rsgrass,3,1,2,72,neal,45114,f,y,y,y,n,ecto,cuau,,1
1997,rsgrass,3,1,2,80,dime,45115,f,y,n,y,n,feces,nega,,
1997,rsgrass,3,1,2,82,pgfl,45116,m,y,n,y,n,feces,nega,,
1997,rsgrass,3,1,2,84,dior,45117,m,y,n,y,n,feces,nega,,
1997,rsgrass,3,1,2,96,dime,45118,f,y,n,y,y,feces,nega,,
1997,rsgrass,3,1,2,96,dime,45118,f,y,n,y,y,si,trsp,f,2
1997,rsgrass,3,1,2,96,dime,45118,f,y,n,y,y,cc,hede,f,1
1997,rsgrass,3,1,2,97,pgfl,45119,f,y,n,y,y,feces,nega,,
1997,rsgrass,3,1,2,97,pgfl,45119,f,y,n,y,y,cc,hede,f,4
1997,rsgrass,3,1,2,101,neal,45120,m,y,n,y,n,feces,nega,,
1997,rsgrass,3,1,2,103,pgfl,45121,m,y,n,y,n,feces,nega,,
1997,rsgrass,3,1,2,112,dior,45122,f,y,n,y,n,feces,nega,,
1997,rsgrass,3,1,2,116,neal,45123,f,y,n,y,n,feces,nega,,
1997,rsgrass,3,1,2,118,dior,45124,f,y,n,y,n,feces,nega,,
1997,rsgrass,3,1,2,120,dior,45125,m,y,n,y,n,feces,nega,,
1997,rsgrass,3,1,2,131,dior,45126,m,y,n,y,n,feces,nega,,
1997,rsgrass,3,1,2,133,pgfl,45127,m,y,n,y,y,feces,nega,,
1997,rsgrass,3,1,2,133,pgfl,45127,m,y,n,y,y,st,pras,m,4
1997,rsgrass,3,1,2,133,pgfl,45127,m,y,n,y,y,st,pras,f,4
1997,rsgrass,3,1,2,92,dime,45128,m,y,n,y,n,feces,nega,,
1997,rsgrass,3,1,3,12,dior,45129,m,y,n,y,y,feces,nega,,
1997,rsgrass,3,1,3,12,dior,45129,m,y,n,y,y,cc,hede,f,4
1997,rsgrass,3,1,3,12,dior,45129,m,y,n,y,y,cc,hede,m,2
1997,rsgrass,3,1,3,20,neal,45130,m,y,n,y,n,feces,nega,,
1997,rsgrass,3,1,3,21,dime,45131,f,y,n,y,n,feces,nega,,
1997,rsgrass,3,1,3,23,dior,45132,f,y,n,y,y,feces,nega,,
1997,rsgrass,3,1,3,23,dior,45132,f,y,n,y,y,si,unce,l,6
1997,rsgrass,3,1,3,25,dior,45133,m,y,n,y,n,feces,nega,,
1997,rsgrass,3,1,3,29,dior,45134,m,y,n,y,n,feces,nega,,
1997,rsgrass,3,1,3,33,dior,45135,f,y,n,y,n,feces,nega,,
1997,rsgrass,3,1,3,36,dime,45136,m,y,n,y,n,feces,nega,,
1997,rsgrass,3,1,3,39,pgfl,45137,f,y,n,y,n,feces,nega,,
1997,rsgrass,3,1,3,46,dior,45138,m,y,n,y,n,feces,nega,,
1997,rsgrass,3,1,3,54,neal,45139,f,y,y,y,n,feces,ealb,,
1997,rsgrass,3,1,3,54,neal,45139,f,y,y,y,n,ecto,cuau,,
1997,rsgrass,3,1,3,60,dime,45140,f,y,n,y,n,feces,nega,,
1997,rsgrass,3,1,3,68,pgfl,45141,f,y,n,y,y,feces,nega,,
1997,rsgrass,3,1,3,68,pgfl,45141,f,y,n,y,y,st,pras,m,8
1997,rsgrass,3,1,3,68,pgfl,45141,f,y,n,y,y,st,pras,f,1
1997,rsgrass,3,1,3,76,neal,45142,f,y,n,y,n,feces,nega,,
1997,rsgrass,3,1,3,80,dime,45143,f,y,n,y,y,feces,nega,,
1997,rsgrass,3,1,3,80,dime,45143,f,y,n,y,y,cc,hede,f,2
1997,rsgrass,3,1,3,82,neal,45144,m,y,n,y,y,feces,nega,,
1997,rsgrass,3,1,3,82,neal,45144,m,y,n,y,y,si,hepo,m,3
1997,rsgrass,3,1,3,82,neal,45144,m,y,n,y,y,si,hepo,f,2
1997,rsgrass,3,1,3,90,neal,45145,m,y,y,y,n,feces,ealb,,
1997,rsgrass,3,1,3,90,neal,45145,m,y,y,y,n,ecto,cuau,,1
1997,rsgrass,3,1,3,92,pgfl,45146,f,y,n,y,n,feces,nega,,
1997,rsgrass,3,1,3,95,dior,45147,f,y,n,y,y,feces,nega,,
1997,rsgrass,3,1,3,95,dior,45147,f,y,n,y,y,st,pras,f,1
1997,rsgrass,3,1,3,101,pgfl,45148,f,y,n,y,n,feces,nega,,
1997,rsgrass,3,1,3,106,dior,45149,m,y,n,y,y,feces,nega,,
1997,rsgrass,3,1,3,108,dime,45150,m,y,n,y,y,feces,nega,,
1997,rsgrass,3,1,3,112,dior,45151,f,y,n,y,y,feces,nega,,
1997,rsgrass,3,1,3,119,dior,45152,m,y,n,y,y,feces,nega,,
1997,rsgrass,3,1,3,119,dior,45152,m,y,n,y,y,st,madi,m,1
1997,rsgrass,3,1,3,119,dior,45152,m,y,n,y,y,st,madi,f,4
1997,rsgrass,3,1,3,119,dior,45152,m,y,n,y,y,si,unce,,1
1997,rsgrass,3,1,3,119,dior,45152,m,y,n,y,y,cc,hede,f,1
1997,rsgrass,3,1,3,120,dior,45153,f,y,n,y,y,feces,nega,,
1997,rsgrass,3,1,3,120,dior,45153,f,y,n,y,y,si,rasp,,1
1997,rsgrass,3,1,3,120,dior,45153,f,y,n,y,y,si,hede,f,5
1997,rsgrass,3,1,3,120,dior,45153,f,y,n,y,y,cc,hede,f,14
1997,rsgrass,3,1,3,126,dior,45154,m,y,n,y,n,feces,edip,,
1997,rsgrass,3,1,3,127,pgfl,45155,f,y,n,y,n,feces,nega,,
1997,rsgrass,3,1,3,138,dior,45156,f,y,n,y,y,feces,edip,,
1997,rsgrass,3,1,3,138,dior,45156,f,y,n,y,y,si,rasp,,1
1997,rsgrass,3,1,3,140,dior,45157,f,y,n,y,y,feces,nega,,
1997,rsgrass,3,1,3,140,dior,45157,f,y,n,y,y,si,pasp,,11
1997,rsgrass,3,1,3,143,pgfl,45158,m,y,n,y,n,feces,nega,,
1997,rsgrass,3,1,3,104,dior,45159,m,y,n,y,n,feces,nega,,
1997,rsgrass,3,1,3,125,pmle,45160,f,y,n,y,n,feces,nega,,
1997,rsgrass,3,1,2,44,remg,45161,f,y,n,y,n,feces,nega,,
1997,rsgrass,3,1,2,50,remg,45162,f,y,n,y,n,feces,nega,,
1997,rsgrass,3,1,2,59,pmle,45163,m,y,n,y,y,feces,nega,,
1997,rsgrass,3,1,2,59,pmle,45163,m,y,n,y,y,st,pras,f,1
1997,rsgrass,3,1,2,68,pmle,45164,f,y,n,y,n,feces,nega,,
1997,rsgrass,3,2,2,1,onle,45166,f,y,n,y,n,feces,nega,,
1997,rsgrass,3,2,2,84,neal,45167,m,y,n,y,n,feces,ealb,,
1997,rsgrass,3,2,2,116,neal,45168,m,y,n,y,n,feces,ealb,,
1997,rsgrass,3,2,3,7,neal,45169,m,y,y,y,y,feces,nega,,
1997,rsgrass,3,2,3,7,neal,45169,m,y,y,y,y,ecto,anno,,
1997,rsgrass,3,2,3,7,neal,45169,m,y,y,y,y,cc,asac,f,8
1997,rsgrass,3,2,3,7,neal,45169,m,y,y,y,y,cc,asac,m,11
1997,rsgrass,3,2,3,12,pgfl,45170,f,y,n,y,n,feces,nega,,
1997,rsgrass,3,2,3,14,pgfl,45171,m,y,y,y,n,feces,nega,,
1997,rsgrass,3,2,3,21,onle,45172,m,y,y,y,y,feces,nega,,
1997,rsgrass,3,2,3,21,onle,45172,m,y,y,y,y,st,pras,l,1
1997,rsgrass,3,2,3,21,onle,45172,m,y,y,y,y,si,unce,l,1
1997,rsgrass,3,2,3,21,onle,45172,m,y,y,y,y,si,mocl,f,2
1997,rsgrass,3,2,3,21,onle,45172,m,y,y,y,y,ecto,flea,,
1997,rsgrass,3,2,3,68,dior,45173,f,y,y,y,n,feces,nega,,
1997,rsgrass,3,2,3,68,dior,45173,f,y,y,y,n,ecto,mear,,
1997,rsgrass,3,2,3,93,pgfl,45174,m,y,y,y,n,feces,nega,,
1997,rsgrass,3,2,3,105,pgfl,45175,f,y,y,y,n,feces,nega,,
1997,rsgrass,3,2,3,140,neal,45176,f,y,y,y,n,feces,ealb,,
1997,rsgrass,3,2,3,140,neal,45176,f,y,y,y,n,ecto,ecga,,
1997,rsgrass,3,2,3,144,pgfl,45177,m,y,y,y,y,feces,nega,,
1997,rsgrass,3,2,3,144,pgfl,45177,m,y,y,y,y,st,pras,f,1
1997,rsgrass,3,2,3,112,pmle,45178,m,y,y,y,n,feces,unsp,,
1997,rsgrass,3,2,3,112,pmle,45178,m,y,y,y,n,ecto,flea,,
1997,rsgrass,3,3,2,1,pgfl,45182,m,y,n,y,n,feces,nega,,
1997,rsgrass,3,3,2,34,neal,45183,f,y,y,y,n,feces,nega,,
1997,rsgrass,3,3,2,34,neal,45183,f,y,y,y,n,ecto,cuau,,1
1997,rsgrass,3,3,2,56,neal,45184,f,y,n,y,y,feces,nega,,
1997,rsgrass,3,3,2,56,neal,45184,f,y,n,y,y,cc,hede,f,1
1997,rsgrass,3,3,2,68,dior,45185,f,y,n,y,y,feces,nega,,
1997,rsgrass,3,3,2,68,dior,45185,f,y,n,y,y,si,rasp,,2
1997,rsgrass,3,3,2,81,dime,45186,f,y,n,y,n,feces,nega,,
1997,rsgrass,3,3,2,92,dime,45187,m,y,n,y,y,feces,nega,,
1997,rsgrass,3,3,2,92,dime,45187,m,y,n,y,y,cc,hede,f,3
1997,rsgrass,3,3,2,96,dior,45188,m,y,n,y,y,feces,nega,,
1997,rsgrass,3,3,2,96,dior,45188,m,y,n,y,y,cc,hede,f,6
1997,rsgrass,3,3,2,96,dior,45188,m,y,n,y,y,cc,hede,m,1
1997,rsgrass,3,3,2,108,dior,45189,m,y,n,y,n,feces,nega,,
1997,rsgrass,3,3,2,112,dior,45190,f,y,n,y,n,feces,nega,,
1997,rsgrass,3,3,3,12,pgfl,45191,m,y,n,y,n,feces,nega,,
1997,rsgrass,3,3,3,22,spsp,45192,f,y,n,y,y,feces,nega,,
1997,rsgrass,3,3,3,22,spsp,45192,f,y,n,y,y,st,pras,l,1
1997,rsgrass,3,3,3,22,spsp,45192,f,y,n,y,y,cc,citr,f,20
1997,rsgrass,3,3,3,22,spsp,45192,f,y,n,y,y,cc,citr,m,1
1997,rsgrass,3,3,3,29,onle,45193,m,y,n,y,y,feces,nega,,
1997,rsgrass,3,3,3,29,onle,45193,m,y,n,y,y,st,unne,,1
1997,rsgrass,3,3,3,29,onle,45193,m,y,n,y,y,si,mocl,f,4
1997,rsgrass,3,3,3,29,onle,45193,m,y,n,y,y,si,mocl,m,1
1997,rsgrass,3,3,3,36,dime,45194,f,y,n,y,n,feces,nega,,
1997,rsgrass,3,3,3,46,neal,45195,m,y,n,y,n,feces,nega,,
1997,rsgrass,3,3,3,54,onle,45196,f,y,n,y,n,feces,nega,,
1997,rsgrass,3,3,3,58,dime,45197,m,y,n,y,y,feces,nega,,
1997,rsgrass,3,3,3,58,dime,45197,m,y,n,y,y,cc,hede,f,1
1997,rsgrass,3,3,3,71,dior,45198,f,y,n,y,n,feces,nega,,
1997,rsgrass,3,3,3,99,pgfl,45199,m,y,n,y,n,feces,nega,,
1997,rsgrass,3,3,3,105,pgfl,45200,f,y,n,y,n,feces,nega,,
1997,rsgrass,3,3,3,106,dior,45201,m,y,n,y,n,feces,nega,,
1997,rsgrass,3,3,3,127,dime,45202,f,y,n,y,n,feces,echo,,
1997,rsgrass,3,3,3,144,neal,45203,f,y,n,y,n,feces,nega,,
1997,rsgrass,3,3,3,145,remg,45204,m,y,n,y,y,feces,nega,,
1997,rsgrass,3,3,3,145,remg,45204,m,y,n,y,y,st,pras,m,2
1997,rsgrass,3,3,3,145,remg,45204,m,y,n,y,y,st,pras,f,5
1997,two22,3,1,2,11,pgfv,45209,f,y,y,y,n,feces,nega,,
1997,two22,3,1,2,11,pgfv,45209,f,y,y,y,n,ecto,mite,,
1997,two22,3,1,2,24,dime,45210,f,y,y,y,n,feces,nega,,
1997,two22,3,1,2,24,dime,45210,f,y,y,y,n,ecto,mite,,
1997,two22,3,1,2,55,pgfv,45211,m,y,y,y,n,feces,nega,,
1997,two22,3,1,2,55,pgfv,45211,m,y,y,y,n,ecto,mite,,
1997,two22,3,1,2,144,pgfv,45212,f,y,y,y,n,feces,nega,,
1997,two22,3,1,2,144,pgfv,45212,f,y,y,y,n,ecto,mite,,
1997,two22,3,1,3,22,dime,45213,m,y,y,y,y,feces,unsp,,
1997,two22,3,1,3,22,dime,45213,m,y,y,y,y,si,ptdi,f,1
1997,two22,3,1,3,22,dime,45213,m,y,y,y,y,ecto,mite,,
1997,two22,3,1,3,32,dime,45214,m,y,y,y,n,feces,nega,,
1997,two22,3,1,3,32,dime,45214,m,y,y,y,n,ecto,mear,,
1997,two22,3,1,3,32,dime,45214,m,y,y,y,n,ecto,mite,,
1997,two22,3,1,3,32,dime,45214,m,y,y,y,n,ecto,tick,,
1997,two22,3,1,3,34,dime,45215,f,y,y,y,y,feces,nega,,
1997,two22,3,1,3,34,dime,45215,f,y,y,y,y,st,madi,m,1
1997,two22,3,1,3,34,dime,45215,f,y,y,y,y,st,madi,f,2
1997,two22,3,1,3,34,dime,45215,f,y,y,y,y,ecto,mite,,
1997,two22,3,1,3,51,pgfv,45216,m,y,y,y,n,feces,nega,,
1997,two22,3,1,3,51,pgfv,45216,m,y,y,y,n,ecto,mite,,
1997,two22,3,1,3,61,dime,45217,m,y,y,y,n,feces,nega,,
1997,two22,3,1,3,61,dime,45217,m,y,y,y,n,ecto,mite,,
1997,two22,3,1,3,100,pgfv,45218,m,y,y,y,n,feces,nega,,
1997,two22,3,1,3,100,pgfv,45218,m,y,y,y,n,ecto,mite,,
1997,two22,3,1,3,132,pgfv,45219,f,y,n,y,n,feces,nega,,
1997,two22,3,2,3,30,pgfv,45220,f,y,y,y,y,feces,eree,,
1997,two22,3,2,3,30,pgfv,45220,f,y,y,y,y,cc,hede,f,16
1997,two22,3,2,3,30,pgfv,45220,f,y,y,y,y,cc,hede,m,10
1997,two22,3,2,3,30,pgfv,45220,f,y,y,y,y,ecto,mear,,
1997,two22,3,2,3,143,dime,45221,m,y,y,y,y,feces,edip,,
1997,two22,3,2,3,143,dime,45221,m,y,y,y,y,st,madi,f,1
1997,two22,3,2,3,143,dime,45221,m,y,y,y,y,si,ptdi,f,1
1997,two22,3,2,3,143,dime,45221,m,y,y,y,y,cc,trsp,f,1
1997,two22,3,2,3,143,dime,45221,m,y,y,y,y,ecto,mite,,
1997,two22,3,3,2,31,neal,45222,f,y,n,y,n,feces,nega,,
1997,two22,3,3,2,33,dime,45223,m,y,y,y,n,feces,nega,,
1997,two22,3,3,2,33,dime,45223,m,y,y,y,n,ecto,mite,,
1997,two22,3,3,2,39,pgfv,45224,m,y,y,y,n,feces,nega,,
1997,two22,3,3,2,39,pgfv,45224,m,y,y,y,n,ecto,fapi,,
1997,two22,3,3,2,55,pgfv,45225,f,y,y,y,n,feces,nega,,
1997,two22,3,3,2,55,pgfv,45225,f,y,y,y,n,ecto,mite,,
1997,two22,3,3,2,58,pgfv,45226,f,y,y,y,n,feces,nega,,
1997,two22,3,3,2,58,pgfv,45226,f,y,y,y,n,ecto,mite,,
1997,two22,3,3,2,85,pgfv,45227,f,y,y,y,n,feces,nega,,
1997,two22,3,3,3,12,pgfv,45228,m,y,y,y,y,feces,nega,,
1997,two22,3,3,3,12,pgfv,45228,m,y,y,y,y,cc,hede,f,1
1997,two22,3,3,3,12,pgfv,45228,m,y,y,y,y,ecto,mite,,
1997,two22,3,3,3,37,pgfv,45229,m,y,y,y,n,feces,nega,,
1997,two22,3,3,3,37,pgfv,45229,m,y,y,y,n,ecto,mite,,
1997,two22,3,3,3,37,pgfv,45229,m,y,y,y,n,ecto,tick,,
1997,two22,3,3,3,71,chin,45230,m,y,n,y,n,feces,nega,,
1997,two22,3,3,3,82,pgfv,45231,m,y,n,y,n,feces,eree,,
1997,two22,3,3,3,99,pgfv,45232,f,y,n,y,n,feces,nega,,
1997,two22,3,3,3,102,pgfv,45233,f,y,y,y,n,feces,eree,,
1997,two22,3,3,3,102,pgfv,45233,f,y,y,y,n,ecto,mear,,
1997,two22,3,3,3,115,pgfv,45234,f,y,n,y,n,feces,eree,,
1997,two22,3,3,3,115,pgfv,45235,m,y,y,y,n,feces,eree,,
1997,two22,3,3,3,115,pgfv,45235,m,y,y,y,n,ecto,,,
